store,Product ID,Product Title,Brand,Unit,Quantity Per Case,State,City,District,Units_Sold,Unit_Price,Revenue,Cost,Profit,Customer_Rating,In_Stock,Date
Store #102,PID-1001,Organic Almond Milk 1L,NutriFarm,Carton,12,California,San Francisco,District B,67,4.37,292.79,193.63,99.16,4.6,True,2024-05-20
Store #102,PID-1010,Extra Virgin Olive Oil 750ml,GreenValley,Bottle,6,California,San Francisco,District B,13,18.1,235.3,137.15,98.15,4.4,False,2024-08-04
Store #104,PID-1012,Organic Chia Seeds 500g,NutriFarm,Bag,12,Texas,Dallas,District C,112,8.25,924.0,590.24,333.76,4.8,False,2024-11-28
Store #103,PID-1012,Organic Chia Seeds 500g,NutriFarm,Bag,12,Texas,Austin,District C,92,8.3,763.6,444.36,319.24,4.7,False,2024-08-04
Store #107,PID-1002,Cold Brew Coffee 330ml,PureBrew,Bottle,24,Florida,Miami,District D,93,4.03,374.79,251.1,123.69,4.7,True,2024-07-02
Store #107,PID-1002,Cold Brew Coffee 330ml,PureBrew,Bottle,24,Florida,Miami,District D,80,4.12,329.6,212.0,117.6,4.8,True,2024-10-09
Store #102,PID-1001,Organic Almond Milk 1L,NutriFarm,Carton,12,California,San Francisco,District B,63,4.61,290.43,202.86,87.57,4.8,True,2024-12-04
Store #107,PID-1005,Artisan Sourdough Loaf,HarvestGold,Pack,8,Florida,Miami,District D,98,6.27,614.46,370.44,244.02,4.6,True,2024-08-20
Store #102,PID-1010,Extra Virgin Olive Oil 750ml,GreenValley,Bottle,6,California,San Francisco,District B,48,19.05,914.4,536.64,377.76,4.4,True,2024-11-21
Store #109,PID-1004,Greek Yogurt Plain 450g,AlpineDairy,Tub,12,California,San Diego,District A,88,5.47,481.36,321.2,160.16,4.1,False,2024-12-16
Store #106,PID-1007,Grass-Fed Whole Milk 1 Gal,AlpineDairy,Jug,6,Washington,Seattle,District B,21,6.11,128.31,88.62,39.69,4.9,True,2024-05-17
Store #108,PID-1007,Grass-Fed Whole Milk 1 Gal,AlpineDairy,Jug,6,Illinois,Chicago,District B,122,6.07,740.54,423.34,317.2,4.7,True,2024-11-25
Store #110,PID-1007,Grass-Fed Whole Milk 1 Gal,AlpineDairy,Jug,6,Texas,Houston,District C,107,6.2,663.4,464.38,199.02,4.0,True,2024-10-25
Store #101,PID-1002,Cold Brew Coffee 330ml,PureBrew,Bottle,24,California,Los Angeles,District A,45,4.11,184.95,113.4,71.55,3.9,True,2024-03-19
Store #108,PID-1009,Raw Wildflower Honey 500g,GreenValley,Jar,12,Illinois,Chicago,District B,7,11.7,81.9,46.48,35.42,4.9,True,2024-05-08
Store #106,PID-1002,Cold Brew Coffee 330ml,PureBrew,Bottle,24,Washington,Seattle,District B,116,3.85,446.6,245.92,200.68,4.7,True,2024-05-30
Store #109,PID-1003,Dark Roast Whole Bean 500g,PureBrew,Bag,6,California,San Diego,District A,32,16.58,530.56,315.52,215.04,4.6,True,2024-09-16
Store #103,PID-1006,Organic Rolled Oats 1kg,HarvestGold,Bag,10,Texas,Austin,District C,140,8.32,1164.8,744.8,420.0,4.4,False,2024-03-23
Store #106,PID-1005,Artisan Sourdough Loaf,HarvestGold,Pack,8,Washington,Seattle,District B,19,6.32,120.08,76.19,43.89,3.9,True,2024-05-02
Store #102,PID-1009,Raw Wildflower Honey 500g,GreenValley,Jar,12,California,San Francisco,District B,37,11.67,431.79,298.96,132.83,4.0,True,2024-03-05
Store #110,PID-1007,Grass-Fed Whole Milk 1 Gal,AlpineDairy,Jug,6,Texas,Houston,District C,56,6.42,359.52,219.52,140.0,4.6,True,2024-04-18
Store #109,PID-1008,Sparkling Spring Water 750ml,VitalityFoods,Bottle,12,California,San Diego,District A,68,2.71,184.28,110.84,73.44,4.5,True,2024-03-02
Store #104,PID-1001,Organic Almond Milk 1L,NutriFarm,Carton,12,Texas,Dallas,District C,20,4.37,87.4,60.0,27.4,4.8,False,2024-02-06
Store #104,PID-1005,Artisan Sourdough Loaf,HarvestGold,Pack,8,Texas,Dallas,District C,129,6.3,812.7,463.11,349.59,4.9,True,2024-12-08
Store #108,PID-1004,Greek Yogurt Plain 450g,AlpineDairy,Tub,12,Illinois,Chicago,District B,109,5.13,559.17,316.1,243.07,4.3,True,2024-08-30
Store #108,PID-1012,Organic Chia Seeds 500g,NutriFarm,Bag,12,Illinois,Chicago,District B,30,8.12,243.6,160.5,83.1,4.8,False,2024-01-28
Store #104,PID-1004,Greek Yogurt Plain 450g,AlpineDairy,Tub,12,Texas,Dallas,District C,119,5.1,606.9,351.05,255.85,4.4,True,2024-10-01
Store #102,PID-1008,Sparkling Spring Water 750ml,VitalityFoods,Bottle,12,California,San Francisco,District B,30,2.66,79.8,55.8,24.0,4.8,True,2024-10-08
Store #104,PID-1003,Dark Roast Whole Bean 500g,PureBrew,Bag,6,Texas,Dallas,District C,129,15.96,2058.84,1399.65,659.19,4.9,True,2024-07-27
Store #101,PID-1007,Grass-Fed Whole Milk 1 Gal,AlpineDairy,Jug,6,California,Los Angeles,District A,121,6.15,744.15,487.63,256.52,4.7,True,2024-05-15
Store #108,PID-1003,Dark Roast Whole Bean 500g,PureBrew,Bag,6,Illinois,Chicago,District B,80,15.54,1243.2,694.4,548.8,4.7,False,2024-04-07
Store #106,PID-1001,Organic Almond Milk 1L,NutriFarm,Carton,12,Washington,Seattle,District B,127,4.49,570.23,386.08,184.15,4.0,True,2024-01-26
Store #102,PID-1003,Dark Roast Whole Bean 500g,PureBrew,Bag,6,California,San Francisco,District B,22,16.27,357.94,209.44,148.5,3.9,True,2024-02-05
Store #104,PID-1010,Extra Virgin Olive Oil 750ml,GreenValley,Bottle,6,Texas,Dallas,District C,15,19.22,288.3,176.7,111.6,4.5,True,2024-10-31
Store #105,PID-1004,Greek Yogurt Plain 450g,AlpineDairy,Tub,12,New York,New York,District A,85,5.15,437.75,266.9,170.85,4.6,True,2024-12-08
Store #106,PID-1002,Cold Brew Coffee 330ml,PureBrew,Bottle,24,Washington,Seattle,District B,122,4.04,492.88,312.32,180.56,3.9,True,2024-01-05
Store #109,PID-1005,Artisan Sourdough Loaf,HarvestGold,Pack,8,California,San Diego,District A,94,6.74,633.56,432.4,201.16,4.2,True,2024-03-08
Store #109,PID-1012,Organic Chia Seeds 500g,NutriFarm,Bag,12,California,San Diego,District A,140,8.07,1129.8,760.2,369.6,4.2,True,2024-06-03
Store #103,PID-1005,Artisan Sourdough Loaf,HarvestGold,Pack,8,Texas,Austin,District C,32,6.65,212.8,121.92,90.88,4.1,True,2024-02-29
Store #106,PID-1004,Greek Yogurt Plain 450g,AlpineDairy,Tub,12,Washington,Seattle,District B,72,5.29,380.88,223.92,156.96,4.9,False,2024-12-17
Store #107,PID-1005,Artisan Sourdough Loaf,HarvestGold,Pack,8,Florida,Miami,District D,5,6.38,31.9,18.15,13.75,5.0,True,2024-01-23
Store #108,PID-1009,Raw Wildflower Honey 500g,GreenValley,Jar,12,Illinois,Chicago,District B,7,11.04,77.28,53.48,23.8,4.6,True,2024-08-06
Store #101,PID-1006,Organic Rolled Oats 1kg,HarvestGold,Bag,10,California,Los Angeles,District A,42,7.93,333.06,185.22,147.84,4.2,True,2024-10-25
Store #101,PID-1006,Organic Rolled Oats 1kg,HarvestGold,Bag,10,California,Los Angeles,District A,68,8.12,552.16,333.2,218.96,4.5,True,2024-04-17
Store #110,PID-1012,Organic Chia Seeds 500g,NutriFarm,Bag,12,Texas,Houston,District C,65,8.8,572.0,398.45,173.55,4.8,True,2024-03-20
Store #101,PID-1003,Dark Roast Whole Bean 500g,PureBrew,Bag,6,California,Los Angeles,District A,110,16.47,1811.7,1230.9,580.8,4.8,True,2024-06-19
Store #102,PID-1007,Grass-Fed Whole Milk 1 Gal,AlpineDairy,Jug,6,California,San Francisco,District B,125,6.12,765.0,515.0,250.0,4.4,True,2024-01-20
Store #104,PID-1004,Greek Yogurt Plain 450g,AlpineDairy,Tub,12,Texas,Dallas,District C,54,5.24,282.96,167.4,115.56,3.9,True,2024-01-13
Store #106,PID-1011,Matcha Green Tea Powder 100g,VitalityFoods,Tin,12,Washington,Seattle,District B,107,20.35,2177.45,1473.39,704.06,4.2,False,2024-09-17
Store #105,PID-1003,Dark Roast Whole Bean 500g,PureBrew,Bag,6,New York,New York,District A,72,15.25,1098.0,702.0,396.0,4.2,True,2024-10-24
Store #107,PID-1010,Extra Virgin Olive Oil 750ml,GreenValley,Bottle,6,Florida,Miami,District D,34,18.77,638.18,406.3,231.88,4.1,True,2024-09-18
Store #101,PID-1009,Raw Wildflower Honey 500g,GreenValley,Jar,12,California,Los Angeles,District A,55,11.33,623.15,349.25,273.9,4.6,True,2024-10-02
Store #106,PID-1011,Matcha Green Tea Powder 100g,VitalityFoods,Tin,12,Washington,Seattle,District B,81,20.0,1620.0,1053.0,567.0,4.2,True,2024-03-04
Store #109,PID-1003,Dark Roast Whole Bean 500g,PureBrew,Bag,6,California,San Diego,District A,112,16.25,1820.0,1104.32,715.68,4.7,True,2024-04-08
Store #110,PID-1005,Artisan Sourdough Loaf,HarvestGold,Pack,8,Texas,Houston,District C,5,6.36,31.8,18.5,13.3,4.7,True,2024-07-26
Store #106,PID-1008,Sparkling Spring Water 750ml,VitalityFoods,Bottle,12,Washington,Seattle,District B,118,2.84,335.12,210.04,125.08,4.8,True,2024-08-14
Store #103,PID-1011,Matcha Green Tea Powder 100g,VitalityFoods,Tin,12,Texas,Austin,District C,77,20.02,1541.54,994.07,547.47,4.2,True,2024-02-13
Store #104,PID-1011,Matcha Green Tea Powder 100g,VitalityFoods,Tin,12,Texas,Dallas,District C,62,20.6,1277.2,730.98,546.22,3.9,True,2024-06-07
Store #110,PID-1002,Cold Brew Coffee 330ml,PureBrew,Bottle,24,Texas,Houston,District C,111,4.14,459.54,291.93,167.61,4.7,True,2024-08-21
Store #107,PID-1004,Greek Yogurt Plain 450g,AlpineDairy,Tub,12,Florida,Miami,District D,6,5.5,33.0,22.38,10.62,4.9,True,2024-03-16
Store #104,PID-1003,Dark Roast Whole Bean 500g,PureBrew,Bag,6,Texas,Dallas,District C,137,15.93,2182.41,1382.33,800.08,4.9,True,2024-12-22
Store #103,PID-1008,Sparkling Spring Water 750ml,VitalityFoods,Bottle,12,Texas,Austin,District C,140,2.93,410.2,261.8,148.4,4.9,True,2024-12-07
Store #110,PID-1012,Organic Chia Seeds 500g,NutriFarm,Bag,12,Texas,Houston,District C,114,8.77,999.78,631.56,368.22,4.9,True,2024-09-15
Store #108,PID-1008,Sparkling Spring Water 750ml,VitalityFoods,Bottle,12,Illinois,Chicago,District B,68,2.88,195.84,115.6,80.24,4.7,True,2024-05-12
Store #104,PID-1005,Artisan Sourdough Loaf,HarvestGold,Pack,8,Texas,Dallas,District C,24,6.63,159.12,93.12,66.0,4.2,True,2024-08-13
Store #102,PID-1003,Dark Roast Whole Bean 500g,PureBrew,Bag,6,California,San Francisco,District B,64,15.8,1011.2,579.2,432.0,4.1,True,2024-03-18
Store #106,PID-1009,Raw Wildflower Honey 500g,GreenValley,Jar,12,Washington,Seattle,District B,111,10.99,1219.89,823.62,396.27,4.3,True,2024-08-26
Store #101,PID-1010,Extra Virgin Olive Oil 750ml,GreenValley,Bottle,6,California,Los Angeles,District A,127,18.05,2292.35,1381.76,910.59,4.7,True,2024-07-13
Store #107,PID-1009,Raw Wildflower Honey 500g,GreenValley,Jar,12,Florida,Miami,District D,61,11.48,700.28,413.58,286.7,4.4,True,2024-10-06
Store #107,PID-1012,Organic Chia Seeds 500g,NutriFarm,Bag,12,Florida,Miami,District D,124,8.85,1097.4,765.08,332.32,4.4,True,2024-03-25
Store #110,PID-1010,Extra Virgin Olive Oil 750ml,GreenValley,Bottle,6,Texas,Houston,District C,11,18.2,200.2,122.98,77.22,4.8,True,2024-12-05
Store #105,PID-1007,Grass-Fed Whole Milk 1 Gal,AlpineDairy,Jug,6,New York,New York,District A,59,6.26,369.34,221.84,147.5,4.9,True,2024-06-16
Store #107,PID-1005,Artisan Sourdough Loaf,HarvestGold,Pack,8,Florida,Miami,District D,125,6.18,772.5,487.5,285.0,5.0,True,2024-02-11
Store #102,PID-1011,Matcha Green Tea Powder 100g,VitalityFoods,Tin,12,California,San Francisco,District B,12,20.89,250.68,145.32,105.36,3.8,True,2024-01-21
Store #103,PID-1008,Sparkling Spring Water 750ml,VitalityFoods,Bottle,12,Texas,Austin,District C,34,2.81,95.54,55.76,39.78,4.6,True,2024-12-08
Store #103,PID-1010,Extra Virgin Olive Oil 750ml,GreenValley,Bottle,6,Texas,Austin,District C,34,19.52,663.68,381.48,282.2,4.2,True,2024-11-06
Store #105,PID-1010,Extra Virgin Olive Oil 750ml,GreenValley,Bottle,6,New York,New York,District A,101,18.79,1897.79,1247.35,650.44,3.9,True,2024-12-12
Store #104,PID-1002,Cold Brew Coffee 330ml,PureBrew,Bottle,24,Texas,Dallas,District C,82,4.13,338.66,216.48,122.18,3.9,True,2024-12-22
Store #101,PID-1006,Organic Rolled Oats 1kg,HarvestGold,Bag,10,California,Los Angeles,District A,114,8.12,925.68,518.7,406.98,4.6,False,2024-09-29
Store #107,PID-1008,Sparkling Spring Water 750ml,VitalityFoods,Bottle,12,Florida,Miami,District D,115,2.92,335.8,216.2,119.6,4.8,True,2024-02-24
Store #107,PID-1003,Dark Roast Whole Bean 500g,PureBrew,Bag,6,Florida,Miami,District D,74,16.18,1197.32,823.62,373.7,4.7,True,2024-09-24
Store #110,PID-1005,Artisan Sourdough Loaf,HarvestGold,Pack,8,Texas,Houston,District C,67,6.7,448.9,252.59,196.31,4.9,True,2024-06-14
Store #108,PID-1010,Extra Virgin Olive Oil 750ml,GreenValley,Bottle,6,Illinois,Chicago,District B,102,18.68,1905.36,1189.32,716.04,4.2,True,2024-11-08
Store #106,PID-1005,Artisan Sourdough Loaf,HarvestGold,Pack,8,Washington,Seattle,District B,76,6.74,512.24,335.92,176.32,4.1,False,2024-06-23
Store #104,PID-1002,Cold Brew Coffee 330ml,PureBrew,Bottle,24,Texas,Dallas,District C,109,3.99,434.91,288.85,146.06,4.6,True,2024-05-03
Store #108,PID-1008,Sparkling Spring Water 750ml,VitalityFoods,Bottle,12,Illinois,Chicago,District B,28,2.73,76.44,46.76,29.68,4.1,True,2024-01-09
Store #106,PID-1008,Sparkling Spring Water 750ml,VitalityFoods,Bottle,12,Washington,Seattle,District B,140,2.75,385.0,268.8,116.2,4.5,True,2024-10-10
Store #108,PID-1005,Artisan Sourdough Loaf,HarvestGold,Pack,8,Illinois,Chicago,District B,69,6.32,436.08,287.04,149.04,4.2,True,2024-06-05
Store #103,PID-1004,Greek Yogurt Plain 450g,AlpineDairy,Tub,12,Texas,Austin,District C,128,5.17,661.76,422.4,239.36,4.7,True,2024-04-20
Store #102,PID-1004,Greek Yogurt Plain 450g,AlpineDairy,Tub,12,California,San Francisco,District B,63,5.22,328.86,195.93,132.93,4.6,True,2024-05-31
Store #101,PID-1001,Organic Almond Milk 1L,NutriFarm,Carton,12,California,Los Angeles,District A,79,4.58,361.82,206.19,155.63,4.8,True,2024-10-10
Store #101,PID-1010,Extra Virgin Olive Oil 750ml,GreenValley,Bottle,6,California,Los Angeles,District A,125,18.95,2368.75,1423.75,945.0,5.0,True,2024-05-25
Store #108,PID-1002,Cold Brew Coffee 330ml,PureBrew,Bottle,24,Illinois,Chicago,District B,107,3.99,426.93,271.78,155.15,4.6,True,2024-02-03
Store #110,PID-1005,Artisan Sourdough Loaf,HarvestGold,Pack,8,Texas,Houston,District C,68,6.24,424.32,282.2,142.12,4.5,True,2024-02-13
Store #104,PID-1009,Raw Wildflower Honey 500g,GreenValley,Jar,12,Texas,Dallas,District C,120,11.96,1435.2,853.2,582.0,4.5,True,2024-07-13
Store #110,PID-1010,Extra Virgin Olive Oil 750ml,GreenValley,Bottle,6,Texas,Houston,District C,30,19.84,595.2,345.9,249.3,4.1,True,2024-01-31
Store #103,PID-1004,Greek Yogurt Plain 450g,AlpineDairy,Tub,12,Texas,Austin,District C,24,5.11,122.64,74.88,47.76,4.6,True,2024-03-29
Store #101,PID-1004,Greek Yogurt Plain 450g,AlpineDairy,Tub,12,California,Los Angeles,District A,77,5.4,415.8,257.18,158.62,4.6,True,2024-05-27
Store #110,PID-1011,Matcha Green Tea Powder 100g,VitalityFoods,Tin,12,Texas,Houston,District C,113,19.22,2171.86,1267.86,904.0,4.0,True,2024-04-11
Store #103,PID-1002,Cold Brew Coffee 330ml,PureBrew,Bottle,24,Texas,Austin,District C,47,4.11,193.17,123.61,69.56,4.8,True,2024-01-31
Store #108,PID-1002,Cold Brew Coffee 330ml,PureBrew,Bottle,24,Illinois,Chicago,District B,82,4.07,333.74,230.42,103.32,4.4,True,2024-08-27
Store #102,PID-1010,Extra Virgin Olive Oil 750ml,GreenValley,Bottle,6,California,San Francisco,District B,115,19.44,2235.6,1431.75,803.85,3.8,True,2024-01-21
Store #110,PID-1010,Extra Virgin Olive Oil 750ml,GreenValley,Bottle,6,Texas,Houston,District C,73,19.13,1396.49,927.83,468.66,4.0,True,2024-01-11
Store #108,PID-1005,Artisan Sourdough Loaf,HarvestGold,Pack,8,Illinois,Chicago,District B,116,6.58,763.28,475.6,287.68,3.9,True,2024-04-02
Store #106,PID-1006,Organic Rolled Oats 1kg,HarvestGold,Bag,10,Washington,Seattle,District B,31,8.28,256.68,153.76,102.92,4.6,True,2024-12-09
Store #107,PID-1009,Raw Wildflower Honey 500g,GreenValley,Jar,12,Florida,Miami,District D,121,11.02,1333.42,784.08,549.34,3.9,True,2024-01-19
Store #109,PID-1001,Organic Almond Milk 1L,NutriFarm,Carton,12,California,San Diego,District A,123,4.45,547.35,316.11,231.24,4.2,True,2024-12-02
Store #108,PID-1001,Organic Almond Milk 1L,NutriFarm,Carton,12,Illinois,Chicago,District B,73,4.51,329.23,227.03,102.2,4.3,True,2024-04-14
Store #102,PID-1001,Organic Almond Milk 1L,NutriFarm,Carton,12,California,San Francisco,District B,66,4.58,302.28,180.18,122.1,3.8,True,2024-11-18
Store #104,PID-1002,Cold Brew Coffee 330ml,PureBrew,Bottle,24,Texas,Dallas,District C,35,4.05,141.75,81.2,60.55,4.9,True,2024-08-24
Store #105,PID-1007,Grass-Fed Whole Milk 1 Gal,AlpineDairy,Jug,6,New York,New York,District A,125,6.13,766.25,485.0,281.25,4.3,True,2024-09-04
Store #109,PID-1012,Organic Chia Seeds 500g,NutriFarm,Bag,12,California,San Diego,District A,22,8.3,182.6,122.1,60.5,4.3,True,2024-03-10
Store #109,PID-1005,Artisan Sourdough Loaf,HarvestGold,Pack,8,California,San Diego,District A,77,6.64,511.28,345.73,165.55,4.5,True,2024-01-02
Store #103,PID-1008,Sparkling Spring Water 750ml,VitalityFoods,Bottle,12,Texas,Austin,District C,128,2.75,352.0,222.72,129.28,4.5,True,2024-10-02
Store #106,PID-1004,Greek Yogurt Plain 450g,AlpineDairy,Tub,12,Washington,Seattle,District B,66,5.33,351.78,205.92,145.86,4.7,False,2024-12-23
Store #108,PID-1012,Organic Chia Seeds 500g,NutriFarm,Bag,12,Illinois,Chicago,District B,103,8.9,916.7,612.85,303.85,4.6,True,2024-07-14
Store #101,PID-1003,Dark Roast Whole Bean 500g,PureBrew,Bag,6,California,Los Angeles,District A,89,16.58,1475.62,1004.81,470.81,4.3,True,2024-09-14
Store #108,PID-1001,Organic Almond Milk 1L,NutriFarm,Carton,12,Illinois,Chicago,District B,109,4.66,507.94,353.16,154.78,3.9,True,2024-03-14
Store #105,PID-1006,Organic Rolled Oats 1kg,HarvestGold,Bag,10,New York,New York,District A,106,8.11,859.66,583.0,276.66,4.8,True,2024-11-15
Store #107,PID-1006,Organic Rolled Oats 1kg,HarvestGold,Bag,10,Florida,Miami,District D,129,8.29,1069.41,593.4,476.01,3.9,True,2024-11-16
Store #105,PID-1004,Greek Yogurt Plain 450g,AlpineDairy,Tub,12,New York,New York,District A,116,5.54,642.64,426.88,215.76,4.6,False,2024-02-16
Store #103,PID-1012,Organic Chia Seeds 500g,NutriFarm,Bag,12,Texas,Austin,District C,12,8.1,97.2,65.04,32.16,4.2,True,2024-06-02
Store #103,PID-1004,Greek Yogurt Plain 450g,AlpineDairy,Tub,12,Texas,Austin,District C,110,5.32,585.2,391.6,193.6,4.0,False,2024-09-28
Store #107,PID-1010,Extra Virgin Olive Oil 750ml,GreenValley,Bottle,6,Florida,Miami,District D,66,18.99,1253.34,799.26,454.08,4.1,True,2024-12-15
Store #108,PID-1005,Artisan Sourdough Loaf,HarvestGold,Pack,8,Illinois,Chicago,District B,7,6.75,47.25,29.26,17.99,4.1,True,2024-12-07
Store #102,PID-1008,Sparkling Spring Water 750ml,VitalityFoods,Bottle,12,California,San Francisco,District B,81,2.83,229.23,140.94,88.29,4.1,True,2024-06-25
Store #104,PID-1007,Grass-Fed Whole Milk 1 Gal,AlpineDairy,Jug,6,Texas,Dallas,District C,32,6.12,195.84,124.48,71.36,4.5,True,2024-09-04
Store #105,PID-1001,Organic Almond Milk 1L,NutriFarm,Carton,12,New York,New York,District A,106,4.39,465.34,295.74,169.6,4.6,True,2024-12-03
Store #101,PID-1010,Extra Virgin Olive Oil 750ml,GreenValley,Bottle,6,California,Los Angeles,District A,78,19.51,1521.78,889.2,632.58,4.8,True,2024-09-11
Store #104,PID-1010,Extra Virgin Olive Oil 750ml,GreenValley,Bottle,6,Texas,Dallas,District C,40,19.23,769.2,527.2,242.0,4.6,True,2024-05-08
Store #108,PID-1001,Organic Almond Milk 1L,NutriFarm,Carton,12,Illinois,Chicago,District B,98,4.59,449.82,253.82,196.0,4.2,True,2024-10-23
Store #103,PID-1004,Greek Yogurt Plain 450g,AlpineDairy,Tub,12,Texas,Austin,District C,98,5.31,520.38,357.7,162.68,4.8,True,2024-03-08
Store #108,PID-1005,Artisan Sourdough Loaf,HarvestGold,Pack,8,Illinois,Chicago,District B,34,6.47,219.98,123.42,96.56,4.7,True,2024-06-22
Store #107,PID-1009,Raw Wildflower Honey 500g,GreenValley,Jar,12,Florida,Miami,District D,28,11.82,330.96,182.84,148.12,4.4,True,2024-07-06
Store #105,PID-1010,Extra Virgin Olive Oil 750ml,GreenValley,Bottle,6,New York,New York,District A,100,18.25,1825.0,1068.0,757.0,3.8,True,2024-07-14
Store #109,PID-1006,Organic Rolled Oats 1kg,HarvestGold,Bag,10,California,San Diego,District A,61,8.11,494.71,319.03,175.68,4.4,True,2024-11-08
Store #107,PID-1002,Cold Brew Coffee 330ml,PureBrew,Bottle,24,Florida,Miami,District D,16,4.17,66.72,39.68,27.04,4.4,False,2024-03-12
Store #109,PID-1003,Dark Roast Whole Bean 500g,PureBrew,Bag,6,California,San Diego,District A,121,15.78,1909.38,1322.53,586.85,4.6,True,2024-07-17
Store #110,PID-1012,Organic Chia Seeds 500g,NutriFarm,Bag,12,Texas,Houston,District C,111,8.62,956.82,646.02,310.8,4.5,True,2024-03-20
Store #105,PID-1001,Organic Almond Milk 1L,NutriFarm,Carton,12,New York,New York,District A,99,4.36,431.64,266.31,165.33,4.1,True,2024-12-19
Store #106,PID-1009,Raw Wildflower Honey 500g,GreenValley,Jar,12,Washington,Seattle,District B,96,10.99,1055.04,624.0,431.04,5.0,True,2024-11-26
Store #108,PID-1002,Cold Brew Coffee 330ml,PureBrew,Bottle,24,Illinois,Chicago,District B,59,4.05,238.95,152.81,86.14,3.8,True,2024-12-05
Store #104,PID-1003,Dark Roast Whole Bean 500g,PureBrew,Bag,6,Texas,Dallas,District C,57,15.3,872.1,579.69,292.41,4.0,True,2024-10-16
Store #104,PID-1006,Organic Rolled Oats 1kg,HarvestGold,Bag,10,Texas,Dallas,District C,5,7.81,39.05,27.25,11.8,5.0,True,2024-03-16
Store #103,PID-1002,Cold Brew Coffee 330ml,PureBrew,Bottle,24,Texas,Austin,District C,11,3.84,42.24,25.52,16.72,4.7,True,2024-12-04
Store #101,PID-1003,Dark Roast Whole Bean 500g,PureBrew,Bag,6,California,Los Angeles,District A,18,15.39,277.02,169.92,107.1,3.9,False,2024-05-15
Store #108,PID-1006,Organic Rolled Oats 1kg,HarvestGold,Bag,10,Illinois,Chicago,District B,32,7.95,254.4,148.48,105.92,4.5,True,2024-09-19
Store #109,PID-1005,Artisan Sourdough Loaf,HarvestGold,Pack,8,California,San Diego,District A,12,6.2,74.4,46.32,28.08,4.3,True,2024-08-22
Store #108,PID-1012,Organic Chia Seeds 500g,NutriFarm,Bag,12,Illinois,Chicago,District B,23,8.83,203.09,121.44,81.65,4.0,True,2024-08-15
Store #110,PID-1011,Matcha Green Tea Powder 100g,VitalityFoods,Tin,12,Texas,Houston,District C,88,19.75,1738.0,1111.44,626.56,4.2,True,2024-10-26
Store #107,PID-1002,Cold Brew Coffee 330ml,PureBrew,Bottle,24,Florida,Miami,District D,34,4.13,140.42,90.78,49.64,4.7,True,2024-12-25
Store #104,PID-1007,Grass-Fed Whole Milk 1 Gal,AlpineDairy,Jug,6,Texas,Dallas,District C,63,6.24,393.12,265.23,127.89,4.3,True,2024-08-19
Store #106,PID-1007,Grass-Fed Whole Milk 1 Gal,AlpineDairy,Jug,6,Washington,Seattle,District B,70,6.21,434.7,249.2,185.5,4.9,False,2024-06-09
Store #102,PID-1002,Cold Brew Coffee 330ml,PureBrew,Bottle,24,California,San Francisco,District B,29,4.09,118.61,71.92,46.69,4.0,False,2024-08-09
Store #109,PID-1009,Raw Wildflower Honey 500g,GreenValley,Jar,12,California,San Diego,District A,36,11.39,410.04,279.36,130.68,4.9,True,2024-06-17
Store #101,PID-1005,Artisan Sourdough Loaf,HarvestGold,Pack,8,California,Los Angeles,District A,84,6.39,536.76,341.88,194.88,4.1,True,2024-11-03
Store #104,PID-1002,Cold Brew Coffee 330ml,PureBrew,Bottle,24,Texas,Dallas,District C,99,3.84,380.16,224.73,155.43,4.1,True,2024-06-28
Store #109,PID-1010,Extra Virgin Olive Oil 750ml,GreenValley,Bottle,6,California,San Diego,District A,11,19.2,211.2,136.95,74.25,4.6,False,2024-11-10
Store #105,PID-1012,Organic Chia Seeds 500g,NutriFarm,Bag,12,New York,New York,District A,91,8.36,760.76,439.53,321.23,4.0,True,2024-06-07
Store #102,PID-1003,Dark Roast Whole Bean 500g,PureBrew,Bag,6,California,San Francisco,District B,12,15.34,184.08,115.92,68.16,4.3,True,2024-11-20
Store #103,PID-1006,Organic Rolled Oats 1kg,HarvestGold,Bag,10,Texas,Austin,District C,88,8.21,722.48,458.48,264.0,3.9,False,2024-06-08
Store #103,PID-1010,Extra Virgin Olive Oil 750ml,GreenValley,Bottle,6,Texas,Austin,District C,25,18.56,464.0,301.25,162.75,4.4,True,2024-01-26
Store #105,PID-1004,Greek Yogurt Plain 450g,AlpineDairy,Tub,12,New York,New York,District A,34,5.21,177.14,100.3,76.84,4.6,True,2024-09-19
Store #109,PID-1011,Matcha Green Tea Powder 100g,VitalityFoods,Tin,12,California,San Diego,District A,16,19.43,310.88,216.96,93.92,3.9,True,2024-06-06
Store #104,PID-1003,Dark Roast Whole Bean 500g,PureBrew,Bag,6,Texas,Dallas,District C,79,15.72,1241.88,684.14,557.74,4.7,True,2024-05-10
Store #107,PID-1009,Raw Wildflower Honey 500g,GreenValley,Jar,12,Florida,Miami,District D,63,11.49,723.87,488.88,234.99,4.8,False,2024-12-26
Store #101,PID-1007,Grass-Fed Whole Milk 1 Gal,AlpineDairy,Jug,6,California,Los Angeles,District A,122,6.55,799.1,542.9,256.2,4.5,True,2024-01-10
Store #107,PID-1005,Artisan Sourdough Loaf,HarvestGold,Pack,8,Florida,Miami,District D,108,6.18,667.44,399.6,267.84,4.8,True,2024-02-28
Store #106,PID-1002,Cold Brew Coffee 330ml,PureBrew,Bottle,24,Washington,Seattle,District B,32,3.89,124.48,79.36,45.12,4.4,True,2024-08-11
Store #105,PID-1012,Organic Chia Seeds 500g,NutriFarm,Bag,12,New York,New York,District A,61,8.35,509.35,292.8,216.55,4.4,False,2024-06-22
Store #109,PID-1004,Greek Yogurt Plain 450g,AlpineDairy,Tub,12,California,San Diego,District A,94,5.41,508.54,342.16,166.38,4.8,True,2024-06-27
Store #103,PID-1005,Artisan Sourdough Loaf,HarvestGold,Pack,8,Texas,Austin,District C,49,6.56,321.44,213.64,107.8,4.6,True,2024-04-11
Store #108,PID-1008,Sparkling Spring Water 750ml,VitalityFoods,Bottle,12,Illinois,Chicago,District B,119,2.84,337.96,230.86,107.1,4.6,True,2024-10-15
Store #106,PID-1011,Matcha Green Tea Powder 100g,VitalityFoods,Tin,12,Washington,Seattle,District B,43,19.87,854.41,530.19,324.22,4.6,True,2024-06-10
Store #110,PID-1001,Organic Almond Milk 1L,NutriFarm,Carton,12,Texas,Houston,District C,134,4.3,576.2,356.44,219.76,3.8,True,2024-06-29
Store #105,PID-1002,Cold Brew Coffee 330ml,PureBrew,Bottle,24,New York,New York,District A,28,4.04,113.12,70.84,42.28,4.4,True,2024-11-26
Store #101,PID-1008,Sparkling Spring Water 750ml,VitalityFoods,Bottle,12,California,Los Angeles,District A,53,2.74,145.22,90.1,55.12,4.0,False,2024-10-19
Store #102,PID-1006,Organic Rolled Oats 1kg,HarvestGold,Bag,10,California,San Francisco,District B,134,8.11,1086.74,604.34,482.4,4.6,True,2024-02-13
Store #109,PID-1009,Raw Wildflower Honey 500g,GreenValley,Jar,12,California,San Diego,District A,45,11.33,509.85,350.55,159.3,4.3,True,2024-11-08
Store #110,PID-1001,Organic Almond Milk 1L,NutriFarm,Carton,12,Texas,Houston,District C,90,4.3,387.0,218.7,168.3,4.6,True,2024-11-19
Store #110,PID-1003,Dark Roast Whole Bean 500g,PureBrew,Bag,6,Texas,Houston,District C,25,16.12,403.0,230.25,172.75,4.2,True,2024-06-19
Store #107,PID-1003,Dark Roast Whole Bean 500g,PureBrew,Bag,6,Florida,Miami,District D,26,15.69,407.94,247.52,160.42,4.7,True,2024-10-31
Store #109,PID-1002,Cold Brew Coffee 330ml,PureBrew,Bottle,24,California,San Diego,District A,113,3.99,450.87,249.73,201.14,4.2,True,2024-11-26
Store #106,PID-1008,Sparkling Spring Water 750ml,VitalityFoods,Bottle,12,Washington,Seattle,District B,62,2.93,181.66,104.16,77.5,4.2,True,2024-04-08
Store #109,PID-1009,Raw Wildflower Honey 500g,GreenValley,Jar,12,California,San Diego,District A,14,11.68,163.52,111.44,52.08,4.5,True,2024-09-26
Store #103,PID-1003,Dark Roast Whole Bean 500g,PureBrew,Bag,6,Texas,Austin,District C,47,16.34,767.98,427.23,340.75,4.2,True,2024-04-02
Store #108,PID-1010,Extra Virgin Olive Oil 750ml,GreenValley,Bottle,6,Illinois,Chicago,District B,119,18.48,2199.12,1288.77,910.35,5.0,True,2024-05-25
Store #104,PID-1006,Organic Rolled Oats 1kg,HarvestGold,Bag,10,Texas,Dallas,District C,117,7.96,931.32,551.07,380.25,4.3,True,2024-12-13
Store #103,PID-1004,Greek Yogurt Plain 450g,AlpineDairy,Tub,12,Texas,Austin,District C,40,5.49,219.6,122.4,97.2,4.4,True,2024-11-05
Store #102,PID-1012,Organic Chia Seeds 500g,NutriFarm,Bag,12,California,San Francisco,District B,36,8.31,299.16,198.72,100.44,4.1,True,2024-09-21
Store #103,PID-1007,Grass-Fed Whole Milk 1 Gal,AlpineDairy,Jug,6,Texas,Austin,District C,61,6.49,395.89,270.23,125.66,4.9,True,2024-02-16
Store #107,PID-1009,Raw Wildflower Honey 500g,GreenValley,Jar,12,Florida,Miami,District D,65,11.36,738.4,415.35,323.05,4.1,True,2024-07-10
Store #102,PID-1012,Organic Chia Seeds 500g,NutriFarm,Bag,12,California,San Francisco,District B,90,8.74,786.6,449.1,337.5,4.1,True,2024-11-28
Store #103,PID-1012,Organic Chia Seeds 500g,NutriFarm,Bag,12,Texas,Austin,District C,119,8.59,1022.21,700.91,321.3,3.8,True,2024-08-28
Store #103,PID-1009,Raw Wildflower Honey 500g,GreenValley,Jar,12,Texas,Austin,District C,140,11.4,1596.0,1064.0,532.0,4.1,True,2024-11-07
Store #104,PID-1007,Grass-Fed Whole Milk 1 Gal,AlpineDairy,Jug,6,Texas,Dallas,District C,122,6.02,734.44,496.54,237.9,4.4,True,2024-11-23
Store #109,PID-1010,Extra Virgin Olive Oil 750ml,GreenValley,Bottle,6,California,San Diego,District A,41,18.59,762.19,419.43,342.76,4.2,True,2024-05-03
Store #103,PID-1011,Matcha Green Tea Powder 100g,VitalityFoods,Tin,12,Texas,Austin,District C,26,20.04,521.04,314.86,206.18,4.9,True,2024-12-08
Store #109,PID-1009,Raw Wildflower Honey 500g,GreenValley,Jar,12,California,San Diego,District A,104,11.92,1239.68,689.52,550.16,4.3,True,2024-01-11
Store #101,PID-1006,Organic Rolled Oats 1kg,HarvestGold,Bag,10,California,Los Angeles,District A,93,7.78,723.54,469.65,253.89,3.9,True,2024-02-04
Store #106,PID-1003,Dark Roast Whole Bean 500g,PureBrew,Bag,6,Washington,Seattle,District B,95,16.06,1525.7,1025.05,500.65,4.0,True,2024-01-23
Store #108,PID-1012,Organic Chia Seeds 500g,NutriFarm,Bag,12,Illinois,Chicago,District B,51,8.75,446.25,249.9,196.35,4.7,True,2024-09-02
Store #105,PID-1004,Greek Yogurt Plain 450g,AlpineDairy,Tub,12,New York,New York,District A,56,5.49,307.44,183.68,123.76,4.2,True,2024-01-23
Store #109,PID-1008,Sparkling Spring Water 750ml,VitalityFoods,Bottle,12,California,San Diego,District A,14,2.86,40.04,23.1,16.94,4.2,True,2024-05-09
Store #106,PID-1005,Artisan Sourdough Loaf,HarvestGold,Pack,8,Washington,Seattle,District B,99,6.45,638.55,389.07,249.48,4.3,True,2024-03-04
Store #106,PID-1003,Dark Roast Whole Bean 500g,PureBrew,Bag,6,Washington,Seattle,District B,132,15.78,2082.96,1395.24,687.72,4.1,False,2024-09-11
Store #107,PID-1002,Cold Brew Coffee 330ml,PureBrew,Bottle,24,Florida,Miami,District D,51,4.01,204.51,122.4,82.11,3.9,True,2024-08-08
Store #105,PID-1008,Sparkling Spring Water 750ml,VitalityFoods,Bottle,12,New York,New York,District A,114,2.7,307.8,189.24,118.56,4.3,True,2024-11-04
Store #106,PID-1010,Extra Virgin Olive Oil 750ml,GreenValley,Bottle,6,Washington,Seattle,District B,75,19.25,1443.75,965.25,478.5,3.9,True,2024-08-10
Store #107,PID-1006,Organic Rolled Oats 1kg,HarvestGold,Bag,10,Florida,Miami,District D,45,8.35,375.75,214.65,161.1,4.5,True,2024-09-19
Store #101,PID-1003,Dark Roast Whole Bean 500g,PureBrew,Bag,6,California,Los Angeles,District A,65,16.44,1068.6,646.75,421.85,4.3,True,2024-02-04
Store #110,PID-1003,Dark Roast Whole Bean 500g,PureBrew,Bag,6,Texas,Houston,District C,120,16.71,2005.2,1214.4,790.8,4.7,True,2024-12-13
Store #109,PID-1006,Organic Rolled Oats 1kg,HarvestGold,Bag,10,California,San Diego,District A,85,8.11,689.35,404.6,284.75,3.9,True,2024-07-22
Store #108,PID-1009,Raw Wildflower Honey 500g,GreenValley,Jar,12,Illinois,Chicago,District B,35,11.22,392.7,231.35,161.35,4.3,True,2024-07-17
Store #105,PID-1012,Organic Chia Seeds 500g,NutriFarm,Bag,12,New York,New York,District A,56,8.17,457.52,310.24,147.28,4.3,True,2024-09-08
Store #108,PID-1002,Cold Brew Coffee 330ml,PureBrew,Bottle,24,Illinois,Chicago,District B,86,4.06,349.16,229.62,119.54,4.5,True,2024-12-15
Store #105,PID-1003,Dark Roast Whole Bean 500g,PureBrew,Bag,6,New York,New York,District A,49,16.46,806.54,505.19,301.35,3.9,True,2024-12-24
Store #103,PID-1004,Greek Yogurt Plain 450g,AlpineDairy,Tub,12,Texas,Austin,District C,11,5.22,57.42,36.52,20.9,4.4,True,2024-09-09
Store #103,PID-1010,Extra Virgin Olive Oil 750ml,GreenValley,Bottle,6,Texas,Austin,District C,21,18.63,391.23,273.84,117.39,4.7,True,2024-02-14
Store #107,PID-1010,Extra Virgin Olive Oil 750ml,GreenValley,Bottle,6,Florida,Miami,District D,37,19.89,735.93,475.82,260.11,4.3,True,2024-02-07
Store #106,PID-1003,Dark Roast Whole Bean 500g,PureBrew,Bag,6,Washington,Seattle,District B,51,16.42,837.42,476.85,360.57,4.4,True,2024-10-09
Store #102,PID-1009,Raw Wildflower Honey 500g,GreenValley,Jar,12,California,San Francisco,District B,82,11.1,910.2,544.48,365.72,4.7,True,2024-03-19
Store #109,PID-1005,Artisan Sourdough Loaf,HarvestGold,Pack,8,California,San Diego,District A,69,6.29,434.01,300.84,133.17,4.1,True,2024-02-10
Store #110,PID-1009,Raw Wildflower Honey 500g,GreenValley,Jar,12,Texas,Houston,District C,133,11.65,1549.45,989.52,559.93,4.5,True,2024-02-17
Store #110,PID-1012,Organic Chia Seeds 500g,NutriFarm,Bag,12,Texas,Houston,District C,91,8.78,798.98,506.87,292.11,4.8,False,2024-11-05
Store #101,PID-1011,Matcha Green Tea Powder 100g,VitalityFoods,Tin,12,California,Los Angeles,District A,72,20.29,1460.88,971.28,489.6,4.3,True,2024-10-22
Store #108,PID-1011,Matcha Green Tea Powder 100g,VitalityFoods,Tin,12,Illinois,Chicago,District B,79,20.27,1601.33,953.53,647.8,4.1,True,2024-10-06
Store #107,PID-1005,Artisan Sourdough Loaf,HarvestGold,Pack,8,Florida,Miami,District D,23,6.61,152.03,87.17,64.86,4.3,True,2024-08-20
Store #106,PID-1010,Extra Virgin Olive Oil 750ml,GreenValley,Bottle,6,Washington,Seattle,District B,85,19.68,1672.8,1000.45,672.35,5.0,True,2024-03-14
Store #107,PID-1003,Dark Roast Whole Bean 500g,PureBrew,Bag,6,Florida,Miami,District D,136,16.09,2188.24,1308.32,879.92,4.4,True,2024-07-08
Store #104,PID-1003,Dark Roast Whole Bean 500g,PureBrew,Bag,6,Texas,Dallas,District C,17,15.65,266.05,161.67,104.38,4.5,True,2024-02-19
Store #103,PID-1006,Organic Rolled Oats 1kg,HarvestGold,Bag,10,Texas,Austin,District C,85,7.74,657.9,377.4,280.5,5.0,True,2024-10-22
Store #105,PID-1008,Sparkling Spring Water 750ml,VitalityFoods,Bottle,12,New York,New York,District A,28,2.91,81.48,50.96,30.52,5.0,True,2024-01-12
Store #106,PID-1001,Organic Almond Milk 1L,NutriFarm,Carton,12,Washington,Seattle,District B,77,4.49,345.73,235.62,110.11,4.6,True,2024-01-26
Store #109,PID-1001,Organic Almond Milk 1L,NutriFarm,Carton,12,California,San Diego,District A,115,4.33,497.95,293.25,204.7,4.2,True,2024-02-25
Store #101,PID-1007,Grass-Fed Whole Milk 1 Gal,AlpineDairy,Jug,6,California,Los Angeles,District A,54,6.2,334.8,198.72,136.08,4.3,True,2024-01-27
Store #109,PID-1005,Artisan Sourdough Loaf,HarvestGold,Pack,8,California,San Diego,District A,35,6.25,218.75,123.55,95.2,4.2,True,2024-11-15
Store #109,PID-1006,Organic Rolled Oats 1kg,HarvestGold,Bag,10,California,San Diego,District A,55,8.07,443.85,270.6,173.25,3.8,False,2024-03-14
Store #106,PID-1008,Sparkling Spring Water 750ml,VitalityFoods,Bottle,12,Washington,Seattle,District B,121,2.69,325.49,222.64,102.85,4.0,True,2024-09-22
Store #106,PID-1003,Dark Roast Whole Bean 500g,PureBrew,Bag,6,Washington,Seattle,District B,81,16.14,1307.34,818.91,488.43,4.4,True,2024-07-20
Store #110,PID-1005,Artisan Sourdough Loaf,HarvestGold,Pack,8,Texas,Houston,District C,9,6.4,57.6,37.53,20.07,5.0,True,2024-08-31
Store #101,PID-1010,Extra Virgin Olive Oil 750ml,GreenValley,Bottle,6,California,Los Angeles,District A,72,19.88,1431.36,955.44,475.92,4.7,True,2024-08-30
Store #101,PID-1010,Extra Virgin Olive Oil 750ml,GreenValley,Bottle,6,California,Los Angeles,District A,48,19.04,913.92,601.44,312.48,4.7,True,2024-09-02
Store #104,PID-1001,Organic Almond Milk 1L,NutriFarm,Carton,12,Texas,Dallas,District C,33,4.35,143.55,88.44,55.11,4.3,True,2024-10-20
Store #104,PID-1007,Grass-Fed Whole Milk 1 Gal,AlpineDairy,Jug,6,Texas,Dallas,District C,125,6.52,815.0,538.75,276.25,3.9,True,2024-09-13
Store #104,PID-1009,Raw Wildflower Honey 500g,GreenValley,Jar,12,Texas,Dallas,District C,127,11.52,1463.04,873.76,589.28,4.0,True,2024-06-15
Store #106,PID-1009,Raw Wildflower Honey 500g,GreenValley,Jar,12,Washington,Seattle,District B,72,11.62,836.64,484.56,352.08,4.1,True,2024-06-30
Store #104,PID-1005,Artisan Sourdough Loaf,HarvestGold,Pack,8,Texas,Dallas,District C,58,6.61,383.38,238.96,144.42,4.4,True,2024-05-27
Store #105,PID-1005,Artisan Sourdough Loaf,HarvestGold,Pack,8,New York,New York,District A,102,6.75,688.5,419.22,269.28,4.2,True,2024-03-03
Store #103,PID-1005,Artisan Sourdough Loaf,HarvestGold,Pack,8,Texas,Austin,District C,78,6.79,529.62,297.18,232.44,4.9,True,2024-01-22
Store #108,PID-1004,Greek Yogurt Plain 450g,AlpineDairy,Tub,12,Illinois,Chicago,District B,74,5.52,408.48,267.14,141.34,4.0,True,2024-04-13
Store #110,PID-1004,Greek Yogurt Plain 450g,AlpineDairy,Tub,12,Texas,Houston,District C,17,5.38,91.46,57.63,33.83,4.6,False,2024-05-04
Store #107,PID-1006,Organic Rolled Oats 1kg,HarvestGold,Bag,10,Florida,Miami,District D,30,8.13,243.9,139.2,104.7,5.0,True,2024-08-29
Store #103,PID-1007,Grass-Fed Whole Milk 1 Gal,AlpineDairy,Jug,6,Texas,Austin,District C,126,6.28,791.28,458.64,332.64,5.0,True,2024-11-30
Store #101,PID-1002,Cold Brew Coffee 330ml,PureBrew,Bottle,24,California,Los Angeles,District A,64,4.0,256.0,168.32,87.68,4.9,True,2024-11-29
Store #103,PID-1007,Grass-Fed Whole Milk 1 Gal,AlpineDairy,Jug,6,Texas,Austin,District C,14,6.6,92.4,56.28,36.12,4.4,True,2024-03-31
Store #105,PID-1001,Organic Almond Milk 1L,NutriFarm,Carton,12,New York,New York,District A,81,4.52,366.12,207.36,158.76,5.0,True,2024-01-05
Store #109,PID-1009,Raw Wildflower Honey 500g,GreenValley,Jar,12,California,San Diego,District A,39,11.89,463.71,287.43,176.28,4.0,False,2024-09-09
Store #103,PID-1012,Organic Chia Seeds 500g,NutriFarm,Bag,12,Texas,Austin,District C,70,8.68,607.6,335.3,272.3,4.2,True,2024-08-22
Store #104,PID-1003,Dark Roast Whole Bean 500g,PureBrew,Bag,6,Texas,Dallas,District C,108,16.51,1783.08,1118.88,664.2,3.9,True,2024-11-08
Store #103,PID-1003,Dark Roast Whole Bean 500g,PureBrew,Bag,6,Texas,Austin,District C,87,16.69,1452.03,800.4,651.63,4.3,True,2024-09-01
Store #105,PID-1006,Organic Rolled Oats 1kg,HarvestGold,Bag,10,New York,New York,District A,7,7.8,54.6,32.97,21.63,4.1,True,2024-06-03
Store #108,PID-1005,Artisan Sourdough Loaf,HarvestGold,Pack,8,Illinois,Chicago,District B,108,6.61,713.88,491.4,222.48,4.9,True,2024-03-22
Store #102,PID-1011,Matcha Green Tea Powder 100g,VitalityFoods,Tin,12,California,San Francisco,District B,99,20.22,2001.78,1167.21,834.57,4.0,True,2024-05-31
Store #110,PID-1006,Organic Rolled Oats 1kg,HarvestGold,Bag,10,Texas,Houston,District C,125,8.2,1025.0,687.5,337.5,4.8,True,2024-07-31
Store #110,PID-1002,Cold Brew Coffee 330ml,PureBrew,Bottle,24,Texas,Houston,District C,119,4.0,476.0,287.98,188.02,4.9,False,2024-09-26
Store #109,PID-1009,Raw Wildflower Honey 500g,GreenValley,Jar,12,California,San Diego,District A,43,11.1,477.3,323.79,153.51,4.3,True,2024-04-13
Store #110,PID-1008,Sparkling Spring Water 750ml,VitalityFoods,Bottle,12,Texas,Houston,District C,135,2.77,373.95,209.25,164.7,4.0,True,2024-02-16
Store #110,PID-1001,Organic Almond Milk 1L,NutriFarm,Carton,12,Texas,Houston,District C,123,4.57,562.11,334.56,227.55,3.8,True,2024-10-13
Store #101,PID-1012,Organic Chia Seeds 500g,NutriFarm,Bag,12,California,Los Angeles,District A,23,8.1,186.3,112.01,74.29,3.9,True,2024-04-21
Store #102,PID-1008,Sparkling Spring Water 750ml,VitalityFoods,Bottle,12,California,San Francisco,District B,78,2.76,215.28,143.52,71.76,4.7,True,2024-01-17
Store #107,PID-1006,Organic Rolled Oats 1kg,HarvestGold,Bag,10,Florida,Miami,District D,119,8.29,986.51,677.11,309.4,4.3,True,2024-07-14
Store #109,PID-1003,Dark Roast Whole Bean 500g,PureBrew,Bag,6,California,San Diego,District A,94,15.38,1445.72,1010.5,435.22,4.3,True,2024-11-30
Store #104,PID-1001,Organic Almond Milk 1L,NutriFarm,Carton,12,Texas,Dallas,District C,81,4.47,362.07,238.14,123.93,4.3,True,2024-01-12
Store #104,PID-1004,Greek Yogurt Plain 450g,AlpineDairy,Tub,12,Texas,Dallas,District C,93,5.11,475.23,274.35,200.88,4.9,True,2024-08-23
Store #101,PID-1011,Matcha Green Tea Powder 100g,VitalityFoods,Tin,12,California,Los Angeles,District A,9,19.47,175.23,98.19,77.04,4.5,True,2024-08-02
Store #101,PID-1004,Greek Yogurt Plain 450g,AlpineDairy,Tub,12,California,Los Angeles,District A,107,5.26,562.82,355.24,207.58,4.7,True,2024-01-23
Store #103,PID-1009,Raw Wildflower Honey 500g,GreenValley,Jar,12,Texas,Austin,District C,64,11.85,758.4,500.48,257.92,4.2,True,2024-05-28
Store #106,PID-1004,Greek Yogurt Plain 450g,AlpineDairy,Tub,12,Washington,Seattle,District B,41,5.55,227.55,143.09,84.46,4.3,True,2024-06-03
Store #109,PID-1010,Extra Virgin Olive Oil 750ml,GreenValley,Bottle,6,California,San Diego,District A,114,19.1,2177.4,1212.96,964.44,4.2,True,2024-03-30
Store #107,PID-1009,Raw Wildflower Honey 500g,GreenValley,Jar,12,Florida,Miami,District D,111,11.38,1263.18,751.47,511.71,4.0,True,2024-06-12
Store #104,PID-1004,Greek Yogurt Plain 450g,AlpineDairy,Tub,12,Texas,Dallas,District C,41,5.45,223.45,153.75,69.7,4.5,True,2024-06-02
Store #109,PID-1009,Raw Wildflower Honey 500g,GreenValley,Jar,12,California,San Diego,District A,104,11.19,1163.76,676.0,487.76,4.6,True,2024-03-09
Store #106,PID-1002,Cold Brew Coffee 330ml,PureBrew,Bottle,24,Washington,Seattle,District B,53,3.81,201.93,122.43,79.5,4.5,False,2024-10-01
Store #102,PID-1004,Greek Yogurt Plain 450g,AlpineDairy,Tub,12,California,San Francisco,District B,60,5.28,316.8,215.4,101.4,4.2,True,2024-10-27
Store #101,PID-1004,Greek Yogurt Plain 450g,AlpineDairy,Tub,12,California,Los Angeles,District A,35,5.42,189.7,125.65,64.05,4.9,True,2024-04-07
Store #104,PID-1007,Grass-Fed Whole Milk 1 Gal,AlpineDairy,Jug,6,Texas,Dallas,District C,87,6.46,562.02,341.04,220.98,4.4,True,2024-05-02
Store #105,PID-1006,Organic Rolled Oats 1kg,HarvestGold,Bag,10,New York,New York,District A,132,7.96,1050.72,704.88,345.84,4.7,True,2024-09-19
Store #106,PID-1004,Greek Yogurt Plain 450g,AlpineDairy,Tub,12,Washington,Seattle,District B,85,5.24,445.4,282.2,163.2,4.1,True,2024-07-08
Store #105,PID-1009,Raw Wildflower Honey 500g,GreenValley,Jar,12,New York,New York,District A,111,11.25,1248.75,723.72,525.03,4.1,True,2024-10-26
Store #104,PID-1008,Sparkling Spring Water 750ml,VitalityFoods,Bottle,12,Texas,Dallas,District C,91,2.72,247.52,166.53,80.99,5.0,True,2024-10-08
Store #108,PID-1008,Sparkling Spring Water 750ml,VitalityFoods,Bottle,12,Illinois,Chicago,District B,95,2.7,256.5,169.1,87.4,4.4,True,2024-03-27
Store #109,PID-1011,Matcha Green Tea Powder 100g,VitalityFoods,Tin,12,California,San Diego,District A,139,19.06,2649.34,1793.1,856.24,4.9,True,2024-01-31
Store #101,PID-1007,Grass-Fed Whole Milk 1 Gal,AlpineDairy,Jug,6,California,Los Angeles,District A,64,6.02,385.28,220.8,164.48,4.1,True,2024-03-11
Store #101,PID-1010,Extra Virgin Olive Oil 750ml,GreenValley,Bottle,6,California,Los Angeles,District A,128,19.29,2469.12,1364.48,1104.64,4.4,True,2024-11-22
Store #101,PID-1009,Raw Wildflower Honey 500g,GreenValley,Jar,12,California,Los Angeles,District A,78,10.94,853.32,573.3,280.02,4.6,True,2024-05-20
Store #103,PID-1002,Cold Brew Coffee 330ml,PureBrew,Bottle,24,Texas,Austin,District C,139,3.85,535.15,309.97,225.18,4.4,True,2024-02-19
Store #105,PID-1007,Grass-Fed Whole Milk 1 Gal,AlpineDairy,Jug,6,New York,New York,District A,100,6.58,658.0,407.0,251.0,4.1,True,2024-02-10
Store #105,PID-1011,Matcha Green Tea Powder 100g,VitalityFoods,Tin,12,New York,New York,District A,13,19.18,249.34,151.32,98.02,4.5,False,2024-02-11
Store #101,PID-1012,Organic Chia Seeds 500g,NutriFarm,Bag,12,California,Los Angeles,District A,26,8.49,220.74,135.72,85.02,4.7,True,2024-03-28
Store #102,PID-1009,Raw Wildflower Honey 500g,GreenValley,Jar,12,California,San Francisco,District B,63,11.16,703.08,478.17,224.91,4.9,True,2024-01-22
Store #101,PID-1002,Cold Brew Coffee 330ml,PureBrew,Bottle,24,California,Los Angeles,District A,76,4.15,315.4,199.88,115.52,3.8,True,2024-12-16
Store #106,PID-1001,Organic Almond Milk 1L,NutriFarm,Carton,12,Washington,Seattle,District B,41,4.6,188.6,123.82,64.78,4.3,False,2024-04-16
Store #103,PID-1010,Extra Virgin Olive Oil 750ml,GreenValley,Bottle,6,Texas,Austin,District C,104,19.33,2010.32,1268.8,741.52,4.3,True,2024-05-03
Store #102,PID-1009,Raw Wildflower Honey 500g,GreenValley,Jar,12,California,San Francisco,District B,18,11.03,198.54,116.1,82.44,3.9,True,2024-06-26
Store #110,PID-1010,Extra Virgin Olive Oil 750ml,GreenValley,Bottle,6,Texas,Houston,District C,88,18.1,1592.8,941.6,651.2,5.0,True,2024-07-22
Store #106,PID-1009,Raw Wildflower Honey 500g,GreenValley,Jar,12,Washington,Seattle,District B,115,11.13,1279.95,816.5,463.45,4.3,True,2024-07-11
Store #105,PID-1004,Greek Yogurt Plain 450g,AlpineDairy,Tub,12,New York,New York,District A,26,5.17,134.42,81.64,52.78,4.7,True,2024-02-07
Store #107,PID-1006,Organic Rolled Oats 1kg,HarvestGold,Bag,10,Florida,Miami,District D,32,7.66,245.12,169.6,75.52,4.3,True,2024-07-03
Store #102,PID-1003,Dark Roast Whole Bean 500g,PureBrew,Bag,6,California,San Francisco,District B,52,15.88,825.76,523.12,302.64,4.4,False,2024-02-14
Store #102,PID-1006,Organic Rolled Oats 1kg,HarvestGold,Bag,10,California,San Francisco,District B,28,8.07,225.96,150.92,75.04,4.8,False,2024-10-10
Store #107,PID-1007,Grass-Fed Whole Milk 1 Gal,AlpineDairy,Jug,6,Florida,Miami,District D,67,6.34,424.78,244.55,180.23,4.3,True,2024-02-13
Store #105,PID-1005,Artisan Sourdough Loaf,HarvestGold,Pack,8,New York,New York,District A,42,6.21,260.82,160.44,100.38,4.3,True,2024-09-09
Store #102,PID-1006,Organic Rolled Oats 1kg,HarvestGold,Bag,10,California,San Francisco,District B,68,8.17,555.56,346.8,208.76,4.5,True,2024-05-08
Store #103,PID-1005,Artisan Sourdough Loaf,HarvestGold,Pack,8,Texas,Austin,District C,106,6.38,676.28,434.6,241.68,4.8,True,2024-01-04
Store #106,PID-1007,Grass-Fed Whole Milk 1 Gal,AlpineDairy,Jug,6,Washington,Seattle,District B,39,6.16,240.24,154.05,86.19,4.6,True,2024-11-29
Store #103,PID-1007,Grass-Fed Whole Milk 1 Gal,AlpineDairy,Jug,6,Texas,Austin,District C,79,6.44,508.76,327.85,180.91,5.0,True,2024-06-12
Store #106,PID-1007,Grass-Fed Whole Milk 1 Gal,AlpineDairy,Jug,6,Washington,Seattle,District B,105,6.21,652.05,449.4,202.65,4.0,True,2024-05-23
Store #103,PID-1011,Matcha Green Tea Powder 100g,VitalityFoods,Tin,12,Texas,Austin,District C,11,20.9,229.9,142.34,87.56,4.7,True,2024-10-08
Store #105,PID-1012,Organic Chia Seeds 500g,NutriFarm,Bag,12,New York,New York,District A,109,8.64,941.76,537.37,404.39,4.2,True,2024-02-05
Store #103,PID-1012,Organic Chia Seeds 500g,NutriFarm,Bag,12,Texas,Austin,District C,101,8.13,821.13,573.68,247.45,4.4,True,2024-08-04
Store #109,PID-1012,Organic Chia Seeds 500g,NutriFarm,Bag,12,California,San Diego,District A,14,8.74,122.36,73.92,48.44,4.9,True,2024-08-02
Store #102,PID-1002,Cold Brew Coffee 330ml,PureBrew,Bottle,24,California,San Francisco,District B,95,3.86,366.7,235.6,131.1,4.5,True,2024-05-07
Store #107,PID-1006,Organic Rolled Oats 1kg,HarvestGold,Bag,10,Florida,Miami,District D,32,7.6,243.2,143.04,100.16,4.4,True,2024-08-08
Store #110,PID-1012,Organic Chia Seeds 500g,NutriFarm,Bag,12,Texas,Houston,District C,61,8.44,514.84,313.54,201.3,4.7,True,2024-10-21
Store #109,PID-1003,Dark Roast Whole Bean 500g,PureBrew,Bag,6,California,San Diego,District A,11,15.96,175.56,104.39,71.17,4.9,False,2024-06-25
Store #103,PID-1006,Organic Rolled Oats 1kg,HarvestGold,Bag,10,Texas,Austin,District C,92,7.95,731.4,425.04,306.36,4.4,True,2024-06-08
Store #108,PID-1012,Organic Chia Seeds 500g,NutriFarm,Bag,12,Illinois,Chicago,District B,120,8.34,1000.8,595.2,405.6,4.8,False,2024-12-22
Store #106,PID-1011,Matcha Green Tea Powder 100g,VitalityFoods,Tin,12,Washington,Seattle,District B,47,20.85,979.95,647.66,332.29,4.4,True,2024-02-25
Store #106,PID-1009,Raw Wildflower Honey 500g,GreenValley,Jar,12,Washington,Seattle,District B,123,11.18,1375.14,840.09,535.05,4.0,True,2024-08-06
Store #107,PID-1007,Grass-Fed Whole Milk 1 Gal,AlpineDairy,Jug,6,Florida,Miami,District D,55,6.26,344.3,211.75,132.55,3.8,True,2024-01-15
Store #105,PID-1012,Organic Chia Seeds 500g,NutriFarm,Bag,12,New York,New York,District A,31,8.74,270.94,170.81,100.13,4.2,True,2024-02-02
Store #102,PID-1005,Artisan Sourdough Loaf,HarvestGold,Pack,8,California,San Francisco,District B,130,6.51,846.3,546.0,300.3,4.5,True,2024-12-09
Store #110,PID-1002,Cold Brew Coffee 330ml,PureBrew,Bottle,24,Texas,Houston,District C,95,4.13,392.35,251.75,140.6,4.8,True,2024-06-27
Store #105,PID-1010,Extra Virgin Olive Oil 750ml,GreenValley,Bottle,6,New York,New York,District A,26,19.32,502.32,299.78,202.54,4.1,False,2024-10-29
Store #106,PID-1012,Organic Chia Seeds 500g,NutriFarm,Bag,12,Washington,Seattle,District B,135,8.4,1134.0,724.95,409.05,4.5,True,2024-03-13
Store #108,PID-1011,Matcha Green Tea Powder 100g,VitalityFoods,Tin,12,Illinois,Chicago,District B,49,20.1,984.9,613.97,370.93,4.0,True,2024-10-02
Store #108,PID-1010,Extra Virgin Olive Oil 750ml,GreenValley,Bottle,6,Illinois,Chicago,District B,96,19.85,1905.6,1186.56,719.04,4.0,True,2024-01-28
Store #109,PID-1009,Raw Wildflower Honey 500g,GreenValley,Jar,12,California,San Diego,District A,131,11.39,1492.09,930.1,561.99,4.7,True,2024-11-30
Store #103,PID-1002,Cold Brew Coffee 330ml,PureBrew,Bottle,24,Texas,Austin,District C,12,4.11,49.32,28.8,20.52,3.8,True,2024-10-16
Store #105,PID-1003,Dark Roast Whole Bean 500g,PureBrew,Bag,6,New York,New York,District A,131,16.07,2105.17,1193.41,911.76,3.9,True,2024-08-22
Store #106,PID-1009,Raw Wildflower Honey 500g,GreenValley,Jar,12,Washington,Seattle,District B,117,11.54,1350.18,943.02,407.16,3.9,True,2024-01-22
Store #104,PID-1005,Artisan Sourdough Loaf,HarvestGold,Pack,8,Texas,Dallas,District C,120,6.34,760.8,517.2,243.6,3.9,True,2024-01-17
Store #102,PID-1004,Greek Yogurt Plain 450g,AlpineDairy,Tub,12,California,San Francisco,District B,94,5.48,515.12,330.88,184.24,4.3,True,2024-04-17
Store #104,PID-1004,Greek Yogurt Plain 450g,AlpineDairy,Tub,12,Texas,Dallas,District C,94,5.31,499.14,319.6,179.54,4.0,True,2024-01-31
Store #105,PID-1005,Artisan Sourdough Loaf,HarvestGold,Pack,8,New York,New York,District A,73,6.78,494.94,310.25,184.69,4.9,True,2024-10-20
Store #103,PID-1007,Grass-Fed Whole Milk 1 Gal,AlpineDairy,Jug,6,Texas,Austin,District C,75,6.52,489.0,278.25,210.75,4.8,True,2024-01-31
Store #106,PID-1004,Greek Yogurt Plain 450g,AlpineDairy,Tub,12,Washington,Seattle,District B,105,5.28,554.4,352.8,201.6,4.1,True,2024-12-12
Store #108,PID-1002,Cold Brew Coffee 330ml,PureBrew,Bottle,24,Illinois,Chicago,District B,28,3.95,110.6,73.36,37.24,4.6,True,2024-11-20
Store #108,PID-1008,Sparkling Spring Water 750ml,VitalityFoods,Bottle,12,Illinois,Chicago,District B,5,2.89,14.45,9.8,4.65,3.9,True,2024-06-16
Store #106,PID-1002,Cold Brew Coffee 330ml,PureBrew,Bottle,24,Washington,Seattle,District B,106,3.88,411.28,252.28,159.0,4.1,True,2024-09-30
Store #105,PID-1006,Organic Rolled Oats 1kg,HarvestGold,Bag,10,New York,New York,District A,38,8.04,305.52,190.38,115.14,4.2,True,2024-10-07
Store #101,PID-1001,Organic Almond Milk 1L,NutriFarm,Carton,12,California,Los Angeles,District A,122,4.27,520.94,358.68,162.26,4.0,True,2024-02-20
Store #107,PID-1004,Greek Yogurt Plain 450g,AlpineDairy,Tub,12,Florida,Miami,District D,38,5.49,208.62,124.26,84.36,4.8,True,2024-12-18
Store #102,PID-1011,Matcha Green Tea Powder 100g,VitalityFoods,Tin,12,California,San Francisco,District B,69,19.16,1322.04,859.05,462.99,4.6,False,2024-07-03
Store #105,PID-1012,Organic Chia Seeds 500g,NutriFarm,Bag,12,New York,New York,District A,64,8.43,539.52,304.0,235.52,3.9,True,2024-12-24
Store #102,PID-1003,Dark Roast Whole Bean 500g,PureBrew,Bag,6,California,San Francisco,District B,62,16.02,993.24,612.56,380.68,3.8,True,2024-10-30
Store #102,PID-1007,Grass-Fed Whole Milk 1 Gal,AlpineDairy,Jug,6,California,San Francisco,District B,38,6.28,238.64,139.46,99.18,3.9,True,2024-12-21
Store #102,PID-1006,Organic Rolled Oats 1kg,HarvestGold,Bag,10,California,San Francisco,District B,81,7.7,623.7,415.53,208.17,4.7,True,2024-07-07
Store #103,PID-1002,Cold Brew Coffee 330ml,PureBrew,Bottle,24,Texas,Austin,District C,7,4.03,28.21,16.24,11.97,4.2,True,2024-09-28
Store #103,PID-1007,Grass-Fed Whole Milk 1 Gal,AlpineDairy,Jug,6,Texas,Austin,District C,118,6.52,769.36,433.06,336.3,3.9,True,2024-11-11
Store #110,PID-1012,Organic Chia Seeds 500g,NutriFarm,Bag,12,Texas,Houston,District C,94,8.88,834.72,498.2,336.52,4.0,True,2024-07-15
Store #102,PID-1004,Greek Yogurt Plain 450g,AlpineDairy,Tub,12,California,San Francisco,District B,77,5.44,418.88,274.12,144.76,4.8,True,2024-10-10
Store #105,PID-1004,Greek Yogurt Plain 450g,AlpineDairy,Tub,12,New York,New York,District A,135,5.13,692.55,421.2,271.35,4.6,True,2024-09-22
Store #104,PID-1008,Sparkling Spring Water 750ml,VitalityFoods,Bottle,12,Texas,Dallas,District C,33,2.72,89.76,58.08,31.68,3.9,True,2024-07-16
Store #101,PID-1006,Organic Rolled Oats 1kg,HarvestGold,Bag,10,California,Los Angeles,District A,38,7.9,300.2,202.92,97.28,4.3,True,2024-06-11
Store #103,PID-1008,Sparkling Spring Water 750ml,VitalityFoods,Bottle,12,Texas,Austin,District C,9,2.81,25.29,13.95,11.34,4.1,True,2024-02-07
Store #107,PID-1009,Raw Wildflower Honey 500g,GreenValley,Jar,12,Florida,Miami,District D,133,11.8,1569.4,962.92,606.48,4.3,True,2024-05-26
Store #109,PID-1010,Extra Virgin Olive Oil 750ml,GreenValley,Bottle,6,California,San Diego,District A,76,18.2,1383.2,777.48,605.72,4.9,True,2024-03-19
Store #103,PID-1009,Raw Wildflower Honey 500g,GreenValley,Jar,12,Texas,Austin,District C,105,11.59,1216.95,808.5,408.45,4.6,True,2024-06-16
Store #105,PID-1012,Organic Chia Seeds 500g,NutriFarm,Bag,12,New York,New York,District A,66,8.11,535.26,301.62,233.64,4.3,True,2024-08-11
Store #110,PID-1001,Organic Almond Milk 1L,NutriFarm,Carton,12,Texas,Houston,District C,49,4.32,211.68,138.67,73.01,4.6,True,2024-06-07
Store #106,PID-1009,Raw Wildflower Honey 500g,GreenValley,Jar,12,Washington,Seattle,District B,71,11.11,788.81,448.72,340.09,4.7,True,2024-09-21
Store #102,PID-1001,Organic Almond Milk 1L,NutriFarm,Carton,12,California,San Francisco,District B,114,4.39,500.46,280.44,220.02,4.7,True,2024-06-20
Store #102,PID-1008,Sparkling Spring Water 750ml,VitalityFoods,Bottle,12,California,San Francisco,District B,135,2.75,371.25,232.2,139.05,4.5,True,2024-08-21
Store #105,PID-1002,Cold Brew Coffee 330ml,PureBrew,Bottle,24,New York,New York,District A,34,3.88,131.92,82.62,49.3,3.9,True,2024-10-20
Store #104,PID-1001,Organic Almond Milk 1L,NutriFarm,Carton,12,Texas,Dallas,District C,98,4.44,435.12,248.92,186.2,4.9,True,2024-08-29
Store #109,PID-1012,Organic Chia Seeds 500g,NutriFarm,Bag,12,California,San Diego,District A,112,8.26,925.12,543.2,381.92,4.9,True,2024-12-01
Store #102,PID-1010,Extra Virgin Olive Oil 750ml,GreenValley,Bottle,6,California,San Francisco,District B,35,18.99,664.65,455.35,209.3,4.0,True,2024-07-09
Store #101,PID-1007,Grass-Fed Whole Milk 1 Gal,AlpineDairy,Jug,6,California,Los Angeles,District A,124,6.52,808.48,538.16,270.32,4.2,False,2024-02-05
Store #108,PID-1001,Organic Almond Milk 1L,NutriFarm,Carton,12,Illinois,Chicago,District B,56,4.4,246.4,164.64,81.76,4.7,True,2024-07-07
Store #106,PID-1010,Extra Virgin Olive Oil 750ml,GreenValley,Bottle,6,Washington,Seattle,District B,55,19.43,1068.65,675.4,393.25,4.8,True,2024-09-09
Store #107,PID-1001,Organic Almond Milk 1L,NutriFarm,Carton,12,Florida,Miami,District D,93,4.55,423.15,277.14,146.01,3.8,True,2024-04-29
Store #107,PID-1012,Organic Chia Seeds 500g,NutriFarm,Bag,12,Florida,Miami,District D,31,8.24,255.44,178.25,77.19,4.3,True,2024-06-06
Store #103,PID-1012,Organic Chia Seeds 500g,NutriFarm,Bag,12,Texas,Austin,District C,28,8.1,226.8,132.72,94.08,4.8,True,2024-05-23
Store #106,PID-1008,Sparkling Spring Water 750ml,VitalityFoods,Bottle,12,Washington,Seattle,District B,29,2.79,80.91,52.2,28.71,4.3,True,2024-02-13
Store #101,PID-1007,Grass-Fed Whole Milk 1 Gal,AlpineDairy,Jug,6,California,Los Angeles,District A,38,6.12,232.56,137.18,95.38,4.2,True,2024-12-05
Store #106,PID-1006,Organic Rolled Oats 1kg,HarvestGold,Bag,10,Washington,Seattle,District B,74,7.78,575.72,398.12,177.6,4.0,True,2024-08-19
Store #102,PID-1003,Dark Roast Whole Bean 500g,PureBrew,Bag,6,California,San Francisco,District B,47,15.91,747.77,446.5,301.27,3.9,True,2024-02-24
Store #104,PID-1008,Sparkling Spring Water 750ml,VitalityFoods,Bottle,12,Texas,Dallas,District C,123,2.72,334.56,189.42,145.14,4.0,True,2024-06-06
Store #110,PID-1001,Organic Almond Milk 1L,NutriFarm,Carton,12,Texas,Houston,District C,88,4.33,381.04,249.92,131.12,5.0,True,2024-04-20
Store #101,PID-1011,Matcha Green Tea Powder 100g,VitalityFoods,Tin,12,California,Los Angeles,District A,71,20.63,1464.73,843.48,621.25,4.9,True,2024-06-02
Store #109,PID-1012,Organic Chia Seeds 500g,NutriFarm,Bag,12,California,San Diego,District A,68,8.15,554.2,313.48,240.72,4.8,True,2024-10-08
Store #101,PID-1004,Greek Yogurt Plain 450g,AlpineDairy,Tub,12,California,Los Angeles,District A,55,5.46,300.3,182.05,118.25,4.6,True,2024-03-07
Store #110,PID-1010,Extra Virgin Olive Oil 750ml,GreenValley,Bottle,6,Texas,Houston,District C,24,18.08,433.92,242.88,191.04,4.9,True,2024-05-12
Store #103,PID-1002,Cold Brew Coffee 330ml,PureBrew,Bottle,24,Texas,Austin,District C,36,3.81,137.16,84.96,52.2,4.0,True,2024-06-18
Store #107,PID-1008,Sparkling Spring Water 750ml,VitalityFoods,Bottle,12,Florida,Miami,District D,102,2.84,289.68,167.28,122.4,4.1,True,2024-01-16
Store #105,PID-1008,Sparkling Spring Water 750ml,VitalityFoods,Bottle,12,New York,New York,District A,13,2.82,36.66,23.53,13.13,4.6,True,2024-03-17
Store #109,PID-1008,Sparkling Spring Water 750ml,VitalityFoods,Bottle,12,California,San Diego,District A,27,2.73,73.71,42.12,31.59,4.0,True,2024-02-01
Store #109,PID-1004,Greek Yogurt Plain 450g,AlpineDairy,Tub,12,California,San Diego,District A,9,5.55,49.95,33.3,16.65,4.2,True,2024-11-18
Store #108,PID-1006,Organic Rolled Oats 1kg,HarvestGold,Bag,10,Illinois,Chicago,District B,133,7.85,1044.05,617.12,426.93,3.8,True,2024-10-16
Store #101,PID-1005,Artisan Sourdough Loaf,HarvestGold,Pack,8,California,Los Angeles,District A,125,6.51,813.75,541.25,272.5,5.0,True,2024-01-30
Store #102,PID-1004,Greek Yogurt Plain 450g,AlpineDairy,Tub,12,California,San Francisco,District B,66,5.17,341.22,229.68,111.54,4.9,False,2024-12-02
Store #104,PID-1010,Extra Virgin Olive Oil 750ml,GreenValley,Bottle,6,Texas,Dallas,District C,95,19.82,1882.9,1315.75,567.15,4.0,True,2024-07-17
Store #106,PID-1012,Organic Chia Seeds 500g,NutriFarm,Bag,12,Washington,Seattle,District B,96,8.84,848.64,470.4,378.24,4.6,True,2024-12-23
Store #110,PID-1003,Dark Roast Whole Bean 500g,PureBrew,Bag,6,Texas,Houston,District C,53,16.53,876.09,588.3,287.79,5.0,True,2024-10-15
Store #103,PID-1008,Sparkling Spring Water 750ml,VitalityFoods,Bottle,12,Texas,Austin,District C,28,2.67,74.76,47.88,26.88,3.8,True,2024-01-20
Store #106,PID-1010,Extra Virgin Olive Oil 750ml,GreenValley,Bottle,6,Washington,Seattle,District B,38,18.69,710.22,409.64,300.58,4.8,True,2024-04-13
Store #101,PID-1001,Organic Almond Milk 1L,NutriFarm,Carton,12,California,Los Angeles,District A,41,4.61,189.01,127.92,61.09,4.8,True,2024-03-16
Store #106,PID-1012,Organic Chia Seeds 500g,NutriFarm,Bag,12,Washington,Seattle,District B,106,8.56,907.36,544.84,362.52,4.2,True,2024-12-05
Store #107,PID-1011,Matcha Green Tea Powder 100g,VitalityFoods,Tin,12,Florida,Miami,District D,86,19.34,1663.24,1156.7,506.54,4.6,True,2024-09-06
Store #106,PID-1004,Greek Yogurt Plain 450g,AlpineDairy,Tub,12,Washington,Seattle,District B,49,5.23,256.27,169.05,87.22,4.2,True,2024-12-06
Store #101,PID-1012,Organic Chia Seeds 500g,NutriFarm,Bag,12,California,Los Angeles,District A,105,8.79,922.95,614.25,308.7,4.5,True,2024-10-20
Store #106,PID-1010,Extra Virgin Olive Oil 750ml,GreenValley,Bottle,6,Washington,Seattle,District B,31,19.82,614.42,350.92,263.5,4.7,True,2024-04-23
Store #106,PID-1003,Dark Roast Whole Bean 500g,PureBrew,Bag,6,Washington,Seattle,District B,27,16.5,445.5,289.71,155.79,4.7,True,2024-11-21
Store #101,PID-1005,Artisan Sourdough Loaf,HarvestGold,Pack,8,California,Los Angeles,District A,68,6.62,450.16,271.32,178.84,4.7,True,2024-04-17
Store #101,PID-1007,Grass-Fed Whole Milk 1 Gal,AlpineDairy,Jug,6,California,Los Angeles,District A,112,6.59,738.08,504.0,234.08,4.4,True,2024-08-12
Store #109,PID-1007,Grass-Fed Whole Milk 1 Gal,AlpineDairy,Jug,6,California,San Diego,District A,127,6.47,821.69,523.24,298.45,4.7,True,2024-02-21
Store #108,PID-1002,Cold Brew Coffee 330ml,PureBrew,Bottle,24,Illinois,Chicago,District B,80,3.8,304.0,179.2,124.8,3.9,True,2024-01-18
Store #107,PID-1003,Dark Roast Whole Bean 500g,PureBrew,Bag,6,Florida,Miami,District D,28,15.73,440.44,307.44,133.0,4.9,True,2024-02-08
Store #107,PID-1011,Matcha Green Tea Powder 100g,VitalityFoods,Tin,12,Florida,Miami,District D,116,19.3,2238.8,1265.56,973.24,4.0,True,2024-03-25
Store #109,PID-1012,Organic Chia Seeds 500g,NutriFarm,Bag,12,California,San Diego,District A,72,8.63,621.36,369.36,252.0,3.9,True,2024-10-03
Store #109,PID-1008,Sparkling Spring Water 750ml,VitalityFoods,Bottle,12,California,San Diego,District A,18,2.75,49.5,30.42,19.08,4.2,True,2024-03-19
Store #110,PID-1008,Sparkling Spring Water 750ml,VitalityFoods,Bottle,12,Texas,Houston,District C,29,2.66,77.14,44.37,32.77,4.2,False,2024-04-12
Store #102,PID-1005,Artisan Sourdough Loaf,HarvestGold,Pack,8,California,San Francisco,District B,125,6.48,810.0,526.25,283.75,3.9,True,2024-07-22
Store #103,PID-1006,Organic Rolled Oats 1kg,HarvestGold,Bag,10,Texas,Austin,District C,99,7.74,766.26,426.69,339.57,4.3,True,2024-07-14
Store #105,PID-1010,Extra Virgin Olive Oil 750ml,GreenValley,Bottle,6,New York,New York,District A,43,19.47,837.21,544.38,292.83,3.9,True,2024-02-01
Store #109,PID-1007,Grass-Fed Whole Milk 1 Gal,AlpineDairy,Jug,6,California,San Diego,District A,63,6.32,398.16,269.01,129.15,4.8,True,2024-10-28
Store #109,PID-1011,Matcha Green Tea Powder 100g,VitalityFoods,Tin,12,California,San Diego,District A,65,19.94,1296.1,728.0,568.1,4.9,True,2024-08-31
Store #109,PID-1010,Extra Virgin Olive Oil 750ml,GreenValley,Bottle,6,California,San Diego,District A,42,18.27,767.34,509.04,258.3,4.0,True,2024-09-21
Store #104,PID-1004,Greek Yogurt Plain 450g,AlpineDairy,Tub,12,Texas,Dallas,District C,15,5.25,78.75,55.05,23.7,4.3,True,2024-03-05
Store #103,PID-1010,Extra Virgin Olive Oil 750ml,GreenValley,Bottle,6,Texas,Austin,District C,86,19.77,1700.22,1167.88,532.34,3.9,True,2024-05-12
Store #107,PID-1009,Raw Wildflower Honey 500g,GreenValley,Jar,12,Florida,Miami,District D,75,11.51,863.25,593.25,270.0,3.8,True,2024-06-15
Store #110,PID-1009,Raw Wildflower Honey 500g,GreenValley,Jar,12,Texas,Houston,District C,33,11.39,375.87,215.16,160.71,4.5,True,2024-08-02
Store #102,PID-1002,Cold Brew Coffee 330ml,PureBrew,Bottle,24,California,San Francisco,District B,30,4.1,123.0,83.7,39.3,4.9,True,2024-10-15
Store #105,PID-1007,Grass-Fed Whole Milk 1 Gal,AlpineDairy,Jug,6,New York,New York,District A,129,6.34,817.86,508.26,309.6,4.0,True,2024-12-01
Store #110,PID-1010,Extra Virgin Olive Oil 750ml,GreenValley,Bottle,6,Texas,Houston,District C,107,18.11,1937.77,1324.66,613.11,4.2,True,2024-12-14
Store #108,PID-1005,Artisan Sourdough Loaf,HarvestGold,Pack,8,Illinois,Chicago,District B,10,6.38,63.8,42.7,21.1,4.2,True,2024-07-09
Store #102,PID-1004,Greek Yogurt Plain 450g,AlpineDairy,Tub,12,California,San Francisco,District B,81,5.54,448.74,277.02,171.72,4.8,True,2024-03-09
Store #107,PID-1010,Extra Virgin Olive Oil 750ml,GreenValley,Bottle,6,Florida,Miami,District D,27,18.4,496.8,288.9,207.9,4.8,True,2024-11-26
Store #109,PID-1006,Organic Rolled Oats 1kg,HarvestGold,Bag,10,California,San Diego,District A,136,8.22,1117.92,625.6,492.32,4.7,True,2024-01-29
Store #109,PID-1010,Extra Virgin Olive Oil 750ml,GreenValley,Bottle,6,California,San Diego,District A,49,18.41,902.09,609.07,293.02,4.8,True,2024-01-15
Store #108,PID-1001,Organic Almond Milk 1L,NutriFarm,Carton,12,Illinois,Chicago,District B,55,4.39,241.45,162.8,78.65,4.4,True,2024-07-03
Store #102,PID-1011,Matcha Green Tea Powder 100g,VitalityFoods,Tin,12,California,San Francisco,District B,66,19.74,1302.84,832.92,469.92,4.0,True,2024-01-16
Store #110,PID-1009,Raw Wildflower Honey 500g,GreenValley,Jar,12,Texas,Houston,District C,93,11.1,1032.3,705.87,326.43,4.7,True,2024-06-28
Store #105,PID-1001,Organic Almond Milk 1L,NutriFarm,Carton,12,New York,New York,District A,17,4.34,73.78,46.92,26.86,5.0,True,2024-07-16
Store #104,PID-1011,Matcha Green Tea Powder 100g,VitalityFoods,Tin,12,Texas,Dallas,District C,73,20.29,1481.17,928.56,552.61,4.8,True,2024-04-15
Store #101,PID-1008,Sparkling Spring Water 750ml,VitalityFoods,Bottle,12,California,Los Angeles,District A,49,2.82,138.18,75.95,62.23,4.1,True,2024-03-08
Store #105,PID-1012,Organic Chia Seeds 500g,NutriFarm,Bag,12,New York,New York,District A,75,8.43,632.25,383.25,249.0,4.2,True,2024-11-25
Store #108,PID-1005,Artisan Sourdough Loaf,HarvestGold,Pack,8,Illinois,Chicago,District B,138,6.7,924.6,563.04,361.56,3.9,True,2024-12-12
Store #106,PID-1009,Raw Wildflower Honey 500g,GreenValley,Jar,12,Washington,Seattle,District B,77,11.26,867.02,491.26,375.76,3.9,True,2024-11-27
Store #106,PID-1005,Artisan Sourdough Loaf,HarvestGold,Pack,8,Washington,Seattle,District B,81,6.29,509.49,319.95,189.54,4.1,False,2024-05-13
Store #110,PID-1007,Grass-Fed Whole Milk 1 Gal,AlpineDairy,Jug,6,Texas,Houston,District C,86,6.4,550.4,362.06,188.34,4.6,True,2024-12-04
Store #105,PID-1007,Grass-Fed Whole Milk 1 Gal,AlpineDairy,Jug,6,New York,New York,District A,104,6.44,669.76,427.44,242.32,5.0,True,2024-07-26
Store #106,PID-1012,Organic Chia Seeds 500g,NutriFarm,Bag,12,Washington,Seattle,District B,126,8.84,1113.84,724.5,389.34,4.4,True,2024-04-23
Store #109,PID-1003,Dark Roast Whole Bean 500g,PureBrew,Bag,6,California,San Diego,District A,29,15.94,462.26,305.66,156.6,4.7,True,2024-05-30
Store #103,PID-1011,Matcha Green Tea Powder 100g,VitalityFoods,Tin,12,Texas,Austin,District C,27,19.43,524.61,306.18,218.43,4.8,True,2024-06-20
Store #106,PID-1006,Organic Rolled Oats 1kg,HarvestGold,Bag,10,Washington,Seattle,District B,80,7.96,636.8,361.6,275.2,3.9,True,2024-05-13
Store #110,PID-1010,Extra Virgin Olive Oil 750ml,GreenValley,Bottle,6,Texas,Houston,District C,125,19.73,2466.25,1541.25,925.0,4.8,True,2024-02-06
Store #105,PID-1007,Grass-Fed Whole Milk 1 Gal,AlpineDairy,Jug,6,New York,New York,District A,43,6.06,260.58,151.36,109.22,4.3,True,2024-01-28
Store #108,PID-1003,Dark Roast Whole Bean 500g,PureBrew,Bag,6,Illinois,Chicago,District B,51,16.44,838.44,522.24,316.2,4.6,True,2024-06-10
Store #101,PID-1001,Organic Almond Milk 1L,NutriFarm,Carton,12,California,Los Angeles,District A,75,4.36,327.0,217.5,109.5,4.5,True,2024-08-19
Store #102,PID-1003,Dark Roast Whole Bean 500g,PureBrew,Bag,6,California,San Francisco,District B,116,16.2,1879.2,1147.24,731.96,5.0,True,2024-11-10
Store #101,PID-1009,Raw Wildflower Honey 500g,GreenValley,Jar,12,California,Los Angeles,District A,100,12.01,1201.0,821.0,380.0,4.7,True,2024-04-12
Store #101,PID-1011,Matcha Green Tea Powder 100g,VitalityFoods,Tin,12,California,Los Angeles,District A,68,19.44,1321.92,901.0,420.92,4.2,False,2024-01-03
Store #109,PID-1010,Extra Virgin Olive Oil 750ml,GreenValley,Bottle,6,California,San Diego,District A,47,18.16,853.52,475.17,378.35,4.9,True,2024-06-05
Store #109,PID-1010,Extra Virgin Olive Oil 750ml,GreenValley,Bottle,6,California,San Diego,District A,91,18.86,1716.26,1121.12,595.14,4.0,True,2024-09-25
Store #108,PID-1006,Organic Rolled Oats 1kg,HarvestGold,Bag,10,Illinois,Chicago,District B,47,8.35,392.45,269.78,122.67,4.3,True,2024-04-06
Store #103,PID-1004,Greek Yogurt Plain 450g,AlpineDairy,Tub,12,Texas,Austin,District C,134,5.11,684.74,414.06,270.68,4.6,False,2024-01-12
Store #105,PID-1009,Raw Wildflower Honey 500g,GreenValley,Jar,12,New York,New York,District A,17,11.6,197.2,109.82,87.38,3.9,True,2024-11-15
Store #101,PID-1012,Organic Chia Seeds 500g,NutriFarm,Bag,12,California,Los Angeles,District A,111,8.44,936.84,532.8,404.04,4.1,True,2024-02-29
Store #104,PID-1012,Organic Chia Seeds 500g,NutriFarm,Bag,12,Texas,Dallas,District C,7,8.32,58.24,37.8,20.44,4.6,True,2024-12-17
Store #110,PID-1012,Organic Chia Seeds 500g,NutriFarm,Bag,12,Texas,Houston,District C,112,8.77,982.24,555.52,426.72,4.7,False,2024-03-11
Store #102,PID-1002,Cold Brew Coffee 330ml,PureBrew,Bottle,24,California,San Francisco,District B,55,4.03,221.65,147.95,73.7,4.8,True,2024-09-11
Store #106,PID-1012,Organic Chia Seeds 500g,NutriFarm,Bag,12,Washington,Seattle,District B,80,8.2,656.0,414.4,241.6,4.9,True,2024-07-28
Store #108,PID-1006,Organic Rolled Oats 1kg,HarvestGold,Bag,10,Illinois,Chicago,District B,5,7.6,38.0,21.4,16.6,3.9,True,2024-04-30
Store #108,PID-1003,Dark Roast Whole Bean 500g,PureBrew,Bag,6,Illinois,Chicago,District B,135,15.31,2066.85,1360.8,706.05,4.9,True,2024-02-16
Store #108,PID-1005,Artisan Sourdough Loaf,HarvestGold,Pack,8,Illinois,Chicago,District B,123,6.2,762.6,512.91,249.69,4.8,True,2024-05-15
Store #106,PID-1011,Matcha Green Tea Powder 100g,VitalityFoods,Tin,12,Washington,Seattle,District B,114,20.47,2333.58,1316.7,1016.88,4.7,False,2024-06-09
Store #103,PID-1011,Matcha Green Tea Powder 100g,VitalityFoods,Tin,12,Texas,Austin,District C,48,19.65,943.2,645.12,298.08,4.9,True,2024-11-27
Store #102,PID-1006,Organic Rolled Oats 1kg,HarvestGold,Bag,10,California,San Francisco,District B,51,7.68,391.68,239.19,152.49,4.3,True,2024-06-24
Store #108,PID-1007,Grass-Fed Whole Milk 1 Gal,AlpineDairy,Jug,6,Illinois,Chicago,District B,47,6.05,284.35,186.12,98.23,3.9,True,2024-11-28
Store #103,PID-1002,Cold Brew Coffee 330ml,PureBrew,Bottle,24,Texas,Austin,District C,128,4.11,526.08,343.04,183.04,4.0,True,2024-08-01
Store #106,PID-1010,Extra Virgin Olive Oil 750ml,GreenValley,Bottle,6,Washington,Seattle,District B,38,18.96,720.48,449.16,271.32,4.9,True,2024-01-15
Store #102,PID-1005,Artisan Sourdough Loaf,HarvestGold,Pack,8,California,San Francisco,District B,85,6.17,524.45,357.0,167.45,4.4,True,2024-12-01
Store #110,PID-1004,Greek Yogurt Plain 450g,AlpineDairy,Tub,12,Texas,Houston,District C,91,5.3,482.3,314.86,167.44,4.5,True,2024-12-08
Store #104,PID-1008,Sparkling Spring Water 750ml,VitalityFoods,Bottle,12,Texas,Dallas,District C,103,2.69,277.07,186.43,90.64,4.9,True,2024-06-26
Store #101,PID-1011,Matcha Green Tea Powder 100g,VitalityFoods,Tin,12,California,Los Angeles,District A,134,20.69,2772.46,1878.68,893.78,4.8,False,2024-03-21
Store #108,PID-1006,Organic Rolled Oats 1kg,HarvestGold,Bag,10,Illinois,Chicago,District B,89,8.37,744.93,415.63,329.3,4.1,True,2024-05-03
Store #107,PID-1004,Greek Yogurt Plain 450g,AlpineDairy,Tub,12,Florida,Miami,District D,122,5.26,641.72,408.7,233.02,3.9,True,2024-02-10
Store #106,PID-1002,Cold Brew Coffee 330ml,PureBrew,Bottle,24,Washington,Seattle,District B,9,3.83,34.47,21.06,13.41,4.5,False,2024-09-11
Store #102,PID-1010,Extra Virgin Olive Oil 750ml,GreenValley,Bottle,6,California,San Francisco,District B,82,19.73,1617.86,1026.64,591.22,4.6,True,2024-11-12
Store #106,PID-1006,Organic Rolled Oats 1kg,HarvestGold,Bag,10,Washington,Seattle,District B,62,8.27,512.74,307.52,205.22,4.7,True,2024-01-28
Store #106,PID-1012,Organic Chia Seeds 500g,NutriFarm,Bag,12,Washington,Seattle,District B,34,8.15,277.1,179.86,97.24,3.8,True,2024-08-19
Store #105,PID-1009,Raw Wildflower Honey 500g,GreenValley,Jar,12,New York,New York,District A,100,11.72,1172.0,653.0,519.0,4.0,True,2024-09-24
Store #107,PID-1002,Cold Brew Coffee 330ml,PureBrew,Bottle,24,Florida,Miami,District D,55,3.87,212.85,146.85,66.0,4.3,True,2024-05-10
Store #104,PID-1012,Organic Chia Seeds 500g,NutriFarm,Bag,12,Texas,Dallas,District C,32,8.71,278.72,155.2,123.52,4.6,True,2024-06-22
Store #102,PID-1008,Sparkling Spring Water 750ml,VitalityFoods,Bottle,12,California,San Francisco,District B,134,2.69,360.46,225.12,135.34,4.4,False,2024-08-22
Store #107,PID-1010,Extra Virgin Olive Oil 750ml,GreenValley,Bottle,6,Florida,Miami,District D,135,19.52,2635.2,1809.0,826.2,4.6,True,2024-09-04
Store #103,PID-1002,Cold Brew Coffee 330ml,PureBrew,Bottle,24,Texas,Austin,District C,87,3.99,347.13,210.54,136.59,5.0,True,2024-07-17
Store #104,PID-1005,Artisan Sourdough Loaf,HarvestGold,Pack,8,Texas,Dallas,District C,92,6.8,625.6,386.4,239.2,4.0,True,2024-07-22
Store #109,PID-1005,Artisan Sourdough Loaf,HarvestGold,Pack,8,California,San Diego,District A,85,6.63,563.55,389.3,174.25,4.6,True,2024-12-25
Store #110,PID-1012,Organic Chia Seeds 500g,NutriFarm,Bag,12,Texas,Houston,District C,93,8.85,823.05,468.72,354.33,4.7,True,2024-05-28
Store #103,PID-1009,Raw Wildflower Honey 500g,GreenValley,Jar,12,Texas,Austin,District C,87,11.73,1020.51,677.73,342.78,4.5,True,2024-10-04
Store #107,PID-1011,Matcha Green Tea Powder 100g,VitalityFoods,Tin,12,Florida,Miami,District D,78,20.74,1617.72,992.16,625.56,3.8,False,2024-09-30
Store #107,PID-1003,Dark Roast Whole Bean 500g,PureBrew,Bag,6,Florida,Miami,District D,19,15.51,294.69,195.32,99.37,4.0,True,2024-01-28
Store #105,PID-1003,Dark Roast Whole Bean 500g,PureBrew,Bag,6,New York,New York,District A,80,15.52,1241.6,784.0,457.6,4.2,True,2024-02-01
Store #110,PID-1011,Matcha Green Tea Powder 100g,VitalityFoods,Tin,12,Texas,Houston,District C,62,20.47,1269.14,804.76,464.38,4.1,True,2024-10-14
Store #105,PID-1012,Organic Chia Seeds 500g,NutriFarm,Bag,12,New York,New York,District A,17,8.85,150.45,91.46,58.99,4.9,True,2024-12-06
Store #106,PID-1009,Raw Wildflower Honey 500g,GreenValley,Jar,12,Washington,Seattle,District B,8,11.77,94.16,54.64,39.52,4.8,True,2024-01-28
Store #108,PID-1004,Greek Yogurt Plain 450g,AlpineDairy,Tub,12,Illinois,Chicago,District B,99,5.42,536.58,339.57,197.01,4.5,True,2024-11-20
Store #104,PID-1005,Artisan Sourdough Loaf,HarvestGold,Pack,8,Texas,Dallas,District C,50,6.8,340.0,191.0,149.0,5.0,True,2024-08-17
Store #102,PID-1007,Grass-Fed Whole Milk 1 Gal,AlpineDairy,Jug,6,California,San Francisco,District B,114,6.15,701.1,413.82,287.28,4.0,True,2024-01-21
Store #101,PID-1006,Organic Rolled Oats 1kg,HarvestGold,Bag,10,California,Los Angeles,District A,44,7.62,335.28,231.0,104.28,4.5,True,2024-08-26
Store #110,PID-1011,Matcha Green Tea Powder 100g,VitalityFoods,Tin,12,Texas,Houston,District C,130,20.57,2674.1,1691.3,982.8,3.9,True,2024-06-03
Store #109,PID-1004,Greek Yogurt Plain 450g,AlpineDairy,Tub,12,California,San Diego,District A,138,5.06,698.28,437.46,260.82,4.3,True,2024-04-04
Store #102,PID-1006,Organic Rolled Oats 1kg,HarvestGold,Bag,10,California,San Francisco,District B,59,8.12,479.08,287.33,191.75,4.2,True,2024-04-23
Store #110,PID-1009,Raw Wildflower Honey 500g,GreenValley,Jar,12,Texas,Houston,District C,7,11.05,77.35,46.55,30.8,4.1,True,2024-08-31
Store #110,PID-1004,Greek Yogurt Plain 450g,AlpineDairy,Tub,12,Texas,Houston,District C,87,5.23,455.01,304.5,150.51,3.9,True,2024-01-21
Store #105,PID-1001,Organic Almond Milk 1L,NutriFarm,Carton,12,New York,New York,District A,100,4.5,450.0,282.0,168.0,4.4,True,2024-09-21
Store #104,PID-1006,Organic Rolled Oats 1kg,HarvestGold,Bag,10,Texas,Dallas,District C,26,8.35,217.1,124.8,92.3,4.9,True,2024-09-20
Store #101,PID-1011,Matcha Green Tea Powder 100g,VitalityFoods,Tin,12,California,Los Angeles,District A,58,20.33,1179.14,785.32,393.82,4.8,True,2024-02-03
Store #102,PID-1004,Greek Yogurt Plain 450g,AlpineDairy,Tub,12,California,San Francisco,District B,116,5.37,622.92,430.36,192.56,4.7,True,2024-10-02
Store #108,PID-1012,Organic Chia Seeds 500g,NutriFarm,Bag,12,Illinois,Chicago,District B,14,8.14,113.96,63.56,50.4,4.8,True,2024-06-18
Store #110,PID-1004,Greek Yogurt Plain 450g,AlpineDairy,Tub,12,Texas,Houston,District C,109,5.23,570.07,367.33,202.74,4.3,False,2024-05-12
Store #102,PID-1009,Raw Wildflower Honey 500g,GreenValley,Jar,12,California,San Francisco,District B,21,11.78,247.38,157.71,89.67,4.6,False,2024-01-04
Store #109,PID-1002,Cold Brew Coffee 330ml,PureBrew,Bottle,24,California,San Diego,District A,82,4.03,330.46,195.98,134.48,4.9,True,2024-05-28
Store #101,PID-1008,Sparkling Spring Water 750ml,VitalityFoods,Bottle,12,California,Los Angeles,District A,61,2.69,164.09,100.04,64.05,4.8,True,2024-03-21
Store #103,PID-1005,Artisan Sourdough Loaf,HarvestGold,Pack,8,Texas,Austin,District C,100,6.79,679.0,375.0,304.0,4.8,True,2024-12-12
Store #101,PID-1001,Organic Almond Milk 1L,NutriFarm,Carton,12,California,Los Angeles,District A,105,4.51,473.55,327.6,145.95,4.2,True,2024-10-20
Store #106,PID-1004,Greek Yogurt Plain 450g,AlpineDairy,Tub,12,Washington,Seattle,District B,136,5.1,693.6,401.2,292.4,4.5,True,2024-07-30
Store #102,PID-1003,Dark Roast Whole Bean 500g,PureBrew,Bag,6,California,San Francisco,District B,18,16.55,297.9,205.56,92.34,5.0,True,2024-12-09
Store #109,PID-1002,Cold Brew Coffee 330ml,PureBrew,Bottle,24,California,San Diego,District A,22,3.89,85.58,49.5,36.08,4.5,True,2024-05-28
Store #106,PID-1003,Dark Roast Whole Bean 500g,PureBrew,Bag,6,Washington,Seattle,District B,65,15.35,997.75,641.55,356.2,4.9,True,2024-12-09
Store #108,PID-1006,Organic Rolled Oats 1kg,HarvestGold,Bag,10,Illinois,Chicago,District B,83,8.14,675.62,386.78,288.84,4.5,True,2024-11-11
Store #107,PID-1003,Dark Roast Whole Bean 500g,PureBrew,Bag,6,Florida,Miami,District D,85,15.58,1324.3,772.65,551.65,4.7,True,2024-01-03
Store #106,PID-1003,Dark Roast Whole Bean 500g,PureBrew,Bag,6,Washington,Seattle,District B,89,16.59,1476.51,914.92,561.59,4.2,True,2024-12-13
Store #109,PID-1002,Cold Brew Coffee 330ml,PureBrew,Bottle,24,California,San Diego,District A,25,4.13,103.25,70.0,33.25,4.0,True,2024-03-30
Store #105,PID-1012,Organic Chia Seeds 500g,NutriFarm,Bag,12,New York,New York,District A,24,8.68,208.32,142.56,65.76,4.8,True,2024-11-16
Store #110,PID-1010,Extra Virgin Olive Oil 750ml,GreenValley,Bottle,6,Texas,Houston,District C,59,19.76,1165.84,737.5,428.34,4.5,True,2024-07-26
Store #108,PID-1011,Matcha Green Tea Powder 100g,VitalityFoods,Tin,12,Illinois,Chicago,District B,98,19.78,1938.44,1324.96,613.48,4.5,True,2024-03-17
Store #103,PID-1008,Sparkling Spring Water 750ml,VitalityFoods,Bottle,12,Texas,Austin,District C,135,2.68,361.8,218.7,143.1,3.8,True,2024-09-13
Store #110,PID-1011,Matcha Green Tea Powder 100g,VitalityFoods,Tin,12,Texas,Houston,District C,136,19.27,2620.72,1504.16,1116.56,4.5,True,2024-03-25
Store #103,PID-1012,Organic Chia Seeds 500g,NutriFarm,Bag,12,Texas,Austin,District C,96,8.1,777.6,516.48,261.12,4.1,True,2024-09-04
Store #104,PID-1001,Organic Almond Milk 1L,NutriFarm,Carton,12,Texas,Dallas,District C,57,4.5,256.5,171.57,84.93,4.3,True,2024-12-08
Store #101,PID-1001,Organic Almond Milk 1L,NutriFarm,Carton,12,California,Los Angeles,District A,87,4.31,374.97,261.0,113.97,4.6,True,2024-11-28
Store #105,PID-1010,Extra Virgin Olive Oil 750ml,GreenValley,Bottle,6,New York,New York,District A,49,18.76,919.24,557.62,361.62,4.5,True,2024-10-05
Store #102,PID-1009,Raw Wildflower Honey 500g,GreenValley,Jar,12,California,San Francisco,District B,101,12.03,1215.03,709.02,506.01,4.3,True,2024-05-08
Store #106,PID-1008,Sparkling Spring Water 750ml,VitalityFoods,Bottle,12,Washington,Seattle,District B,6,2.79,16.74,9.54,7.2,4.0,False,2024-09-03
Store #105,PID-1004,Greek Yogurt Plain 450g,AlpineDairy,Tub,12,New York,New York,District A,52,5.11,265.72,170.04,95.68,4.8,True,2024-03-17
Store #107,PID-1006,Organic Rolled Oats 1kg,HarvestGold,Bag,10,Florida,Miami,District D,128,8.13,1040.64,647.68,392.96,4.5,True,2024-02-28
Store #107,PID-1001,Organic Almond Milk 1L,NutriFarm,Carton,12,Florida,Miami,District D,16,4.32,69.12,44.16,24.96,4.0,True,2024-05-04
Store #110,PID-1003,Dark Roast Whole Bean 500g,PureBrew,Bag,6,Texas,Houston,District C,47,15.6,733.2,423.0,310.2,4.9,True,2024-01-29
Store #110,PID-1011,Matcha Green Tea Powder 100g,VitalityFoods,Tin,12,Texas,Houston,District C,77,20.88,1607.76,936.32,671.44,4.5,True,2024-01-10
Store #108,PID-1003,Dark Roast Whole Bean 500g,PureBrew,Bag,6,Illinois,Chicago,District B,110,16.15,1776.5,1189.1,587.4,4.8,True,2024-04-22
Store #109,PID-1005,Artisan Sourdough Loaf,HarvestGold,Pack,8,California,San Diego,District A,92,6.76,621.92,397.44,224.48,3.9,True,2024-03-26
Store #103,PID-1002,Cold Brew Coffee 330ml,PureBrew,Bottle,24,Texas,Austin,District C,56,4.0,224.0,154.0,70.0,4.6,True,2024-01-09
Store #110,PID-1002,Cold Brew Coffee 330ml,PureBrew,Bottle,24,Texas,Houston,District C,126,4.15,522.9,335.16,187.74,4.9,True,2024-03-31
Store #102,PID-1002,Cold Brew Coffee 330ml,PureBrew,Bottle,24,California,San Francisco,District B,38,4.15,157.7,99.56,58.14,3.8,True,2024-09-03
Store #107,PID-1009,Raw Wildflower Honey 500g,GreenValley,Jar,12,Florida,Miami,District D,99,11.92,1180.08,772.2,407.88,4.3,True,2024-08-03
Store #108,PID-1007,Grass-Fed Whole Milk 1 Gal,AlpineDairy,Jug,6,Illinois,Chicago,District B,30,6.24,187.2,110.1,77.1,4.7,True,2024-06-28
Store #102,PID-1005,Artisan Sourdough Loaf,HarvestGold,Pack,8,California,San Francisco,District B,109,6.33,689.97,380.41,309.56,4.7,False,2024-11-02
Store #109,PID-1002,Cold Brew Coffee 330ml,PureBrew,Bottle,24,California,San Diego,District A,6,3.94,23.64,13.74,9.9,4.8,True,2024-09-23
Store #102,PID-1003,Dark Roast Whole Bean 500g,PureBrew,Bag,6,California,San Francisco,District B,69,15.61,1077.09,678.96,398.13,4.5,True,2024-08-06
Store #107,PID-1004,Greek Yogurt Plain 450g,AlpineDairy,Tub,12,Florida,Miami,District D,128,5.12,655.36,416.0,239.36,4.4,True,2024-07-30
Store #110,PID-1006,Organic Rolled Oats 1kg,HarvestGold,Bag,10,Texas,Houston,District C,40,8.27,330.8,214.8,116.0,4.7,True,2024-07-22
Store #103,PID-1002,Cold Brew Coffee 330ml,PureBrew,Bottle,24,Texas,Austin,District C,135,3.95,533.25,319.95,213.3,4.5,True,2024-04-19
Store #101,PID-1003,Dark Roast Whole Bean 500g,PureBrew,Bag,6,California,Los Angeles,District A,6,16.48,98.88,66.6,32.28,4.4,True,2024-07-18
Store #102,PID-1002,Cold Brew Coffee 330ml,PureBrew,Bottle,24,California,San Francisco,District B,61,3.94,240.34,154.33,86.01,4.7,True,2024-05-14
Store #107,PID-1010,Extra Virgin Olive Oil 750ml,GreenValley,Bottle,6,Florida,Miami,District D,138,18.58,2564.04,1780.2,783.84,3.9,True,2024-12-01
Store #103,PID-1011,Matcha Green Tea Powder 100g,VitalityFoods,Tin,12,Texas,Austin,District C,117,19.01,2224.17,1506.96,717.21,4.9,True,2024-09-10
Store #104,PID-1001,Organic Almond Milk 1L,NutriFarm,Carton,12,Texas,Dallas,District C,135,4.5,607.5,355.05,252.45,4.0,False,2024-11-02
Store #104,PID-1011,Matcha Green Tea Powder 100g,VitalityFoods,Tin,12,Texas,Dallas,District C,45,19.16,862.2,509.85,352.35,4.3,True,2024-01-01
Store #107,PID-1010,Extra Virgin Olive Oil 750ml,GreenValley,Bottle,6,Florida,Miami,District D,137,18.07,2475.59,1623.45,852.14,4.9,True,2024-04-12
Store #109,PID-1010,Extra Virgin Olive Oil 750ml,GreenValley,Bottle,6,California,San Diego,District A,93,19.87,1847.91,1092.75,755.16,4.5,True,2024-06-27
Store #107,PID-1010,Extra Virgin Olive Oil 750ml,GreenValley,Bottle,6,Florida,Miami,District D,71,18.37,1304.27,816.5,487.77,4.5,True,2024-01-03
Store #106,PID-1002,Cold Brew Coffee 330ml,PureBrew,Bottle,24,Washington,Seattle,District B,70,4.14,289.8,194.6,95.2,4.5,True,2024-09-19
Store #107,PID-1010,Extra Virgin Olive Oil 750ml,GreenValley,Bottle,6,Florida,Miami,District D,67,19.48,1305.16,905.84,399.32,4.4,True,2024-09-04
Store #110,PID-1001,Organic Almond Milk 1L,NutriFarm,Carton,12,Texas,Houston,District C,34,4.38,148.92,90.44,58.48,4.7,True,2024-09-03
Store #104,PID-1006,Organic Rolled Oats 1kg,HarvestGold,Bag,10,Texas,Dallas,District C,95,8.0,760.0,418.95,341.05,4.8,True,2024-07-30
Store #102,PID-1007,Grass-Fed Whole Milk 1 Gal,AlpineDairy,Jug,6,California,San Francisco,District B,92,6.02,553.84,381.8,172.04,4.4,True,2024-12-10
Store #110,PID-1005,Artisan Sourdough Loaf,HarvestGold,Pack,8,Texas,Houston,District C,53,6.49,343.97,199.28,144.69,4.7,True,2024-04-03
Store #104,PID-1004,Greek Yogurt Plain 450g,AlpineDairy,Tub,12,Texas,Dallas,District C,68,5.47,371.96,224.4,147.56,4.7,False,2024-04-13
Store #102,PID-1011,Matcha Green Tea Powder 100g,VitalityFoods,Tin,12,California,San Francisco,District B,131,20.22,2648.82,1760.64,888.18,4.4,False,2024-12-05
Store #108,PID-1006,Organic Rolled Oats 1kg,HarvestGold,Bag,10,Illinois,Chicago,District B,85,7.98,678.3,473.45,204.85,4.9,True,2024-11-13
Store #108,PID-1003,Dark Roast Whole Bean 500g,PureBrew,Bag,6,Illinois,Chicago,District B,76,15.83,1203.08,797.24,405.84,4.0,True,2024-09-18
Store #107,PID-1008,Sparkling Spring Water 750ml,VitalityFoods,Bottle,12,Florida,Miami,District D,13,2.79,36.27,22.1,14.17,4.6,True,2024-10-03
Store #102,PID-1012,Organic Chia Seeds 500g,NutriFarm,Bag,12,California,San Francisco,District B,122,8.33,1016.26,559.98,456.28,4.6,True,2024-09-22
Store #102,PID-1006,Organic Rolled Oats 1kg,HarvestGold,Bag,10,California,San Francisco,District B,71,7.74,549.54,323.76,225.78,4.1,True,2024-07-04
Store #106,PID-1006,Organic Rolled Oats 1kg,HarvestGold,Bag,10,Washington,Seattle,District B,132,7.93,1046.76,641.52,405.24,4.7,True,2024-04-04
Store #107,PID-1005,Artisan Sourdough Loaf,HarvestGold,Pack,8,Florida,Miami,District D,51,6.54,333.54,232.56,100.98,4.6,True,2024-08-18
Store #105,PID-1004,Greek Yogurt Plain 450g,AlpineDairy,Tub,12,New York,New York,District A,115,5.48,630.2,365.7,264.5,4.8,True,2024-10-11
Store #108,PID-1001,Organic Almond Milk 1L,NutriFarm,Carton,12,Illinois,Chicago,District B,112,4.49,502.88,351.68,151.2,4.8,True,2024-03-31
Store #106,PID-1008,Sparkling Spring Water 750ml,VitalityFoods,Bottle,12,Washington,Seattle,District B,69,2.81,193.89,122.82,71.07,4.3,True,2024-06-02
Store #101,PID-1004,Greek Yogurt Plain 450g,AlpineDairy,Tub,12,California,Los Angeles,District A,126,5.47,689.22,389.34,299.88,4.7,True,2024-05-10
Store #106,PID-1009,Raw Wildflower Honey 500g,GreenValley,Jar,12,Washington,Seattle,District B,70,11.31,791.7,484.4,307.3,4.2,True,2024-10-12
Store #110,PID-1004,Greek Yogurt Plain 450g,AlpineDairy,Tub,12,Texas,Houston,District C,49,5.54,271.46,160.72,110.74,4.2,True,2024-10-22
Store #108,PID-1002,Cold Brew Coffee 330ml,PureBrew,Bottle,24,Illinois,Chicago,District B,78,3.98,310.44,215.28,95.16,4.8,True,2024-07-14
Store #106,PID-1007,Grass-Fed Whole Milk 1 Gal,AlpineDairy,Jug,6,Washington,Seattle,District B,108,6.51,703.08,394.2,308.88,4.0,True,2024-11-19
Store #106,PID-1011,Matcha Green Tea Powder 100g,VitalityFoods,Tin,12,Washington,Seattle,District B,73,20.2,1474.6,898.63,575.97,4.9,True,2024-05-29
Store #106,PID-1012,Organic Chia Seeds 500g,NutriFarm,Bag,12,Washington,Seattle,District B,138,8.89,1226.82,750.72,476.1,4.0,False,2024-10-27
Store #104,PID-1011,Matcha Green Tea Powder 100g,VitalityFoods,Tin,12,Texas,Dallas,District C,25,19.41,485.25,295.75,189.5,3.9,True,2024-05-08
Store #108,PID-1009,Raw Wildflower Honey 500g,GreenValley,Jar,12,Illinois,Chicago,District B,11,11.8,129.8,81.62,48.18,5.0,False,2024-01-28
Store #110,PID-1003,Dark Roast Whole Bean 500g,PureBrew,Bag,6,Texas,Houston,District C,104,15.69,1631.76,957.84,673.92,4.1,True,2024-02-13
Store #103,PID-1009,Raw Wildflower Honey 500g,GreenValley,Jar,12,Texas,Austin,District C,12,10.96,131.52,79.32,52.2,4.9,True,2024-03-28
Store #108,PID-1009,Raw Wildflower Honey 500g,GreenValley,Jar,12,Illinois,Chicago,District B,118,11.07,1306.26,903.88,402.38,4.4,True,2024-05-19
Store #108,PID-1011,Matcha Green Tea Powder 100g,VitalityFoods,Tin,12,Illinois,Chicago,District B,116,20.04,2324.64,1501.04,823.6,4.2,True,2024-11-21
Store #109,PID-1004,Greek Yogurt Plain 450g,AlpineDairy,Tub,12,California,San Diego,District A,118,5.19,612.42,375.24,237.18,4.0,False,2024-02-15
Store #109,PID-1003,Dark Roast Whole Bean 500g,PureBrew,Bag,6,California,San Diego,District A,78,15.94,1243.32,685.62,557.7,4.9,True,2024-06-25
Store #108,PID-1005,Artisan Sourdough Loaf,HarvestGold,Pack,8,Illinois,Chicago,District B,115,6.68,768.2,491.05,277.15,4.8,True,2024-01-05
Store #104,PID-1007,Grass-Fed Whole Milk 1 Gal,AlpineDairy,Jug,6,Texas,Dallas,District C,116,6.22,721.52,414.12,307.4,4.7,True,2024-10-14
Store #107,PID-1004,Greek Yogurt Plain 450g,AlpineDairy,Tub,12,Florida,Miami,District D,25,5.25,131.25,77.0,54.25,4.7,True,2024-05-14
Store #105,PID-1005,Artisan Sourdough Loaf,HarvestGold,Pack,8,New York,New York,District A,73,6.43,469.39,318.28,151.11,4.0,True,2024-11-28
Store #108,PID-1010,Extra Virgin Olive Oil 750ml,GreenValley,Bottle,6,Illinois,Chicago,District B,74,19.37,1433.38,893.92,539.46,4.2,True,2024-08-19
Store #109,PID-1001,Organic Almond Milk 1L,NutriFarm,Carton,12,California,San Diego,District A,31,4.39,136.09,77.5,58.59,4.3,False,2024-04-05
Store #102,PID-1003,Dark Roast Whole Bean 500g,PureBrew,Bag,6,California,San Francisco,District B,131,15.54,2035.74,1248.43,787.31,4.7,True,2024-01-08
Store #106,PID-1008,Sparkling Spring Water 750ml,VitalityFoods,Bottle,12,Washington,Seattle,District B,13,2.74,35.62,24.05,11.57,4.9,False,2024-12-22
Store #107,PID-1002,Cold Brew Coffee 330ml,PureBrew,Bottle,24,Florida,Miami,District D,125,3.86,482.5,330.0,152.5,4.1,True,2024-10-05
Store #101,PID-1002,Cold Brew Coffee 330ml,PureBrew,Bottle,24,California,Los Angeles,District A,103,4.1,422.3,260.59,161.71,4.7,False,2024-05-07
Store #108,PID-1012,Organic Chia Seeds 500g,NutriFarm,Bag,12,Illinois,Chicago,District B,138,8.63,1190.94,692.76,498.18,4.3,True,2024-02-18
Store #106,PID-1003,Dark Roast Whole Bean 500g,PureBrew,Bag,6,Washington,Seattle,District B,15,16.38,245.7,155.4,90.3,3.9,True,2024-11-18
Store #105,PID-1004,Greek Yogurt Plain 450g,AlpineDairy,Tub,12,New York,New York,District A,18,5.48,98.64,57.42,41.22,3.9,True,2024-07-03
Store #106,PID-1001,Organic Almond Milk 1L,NutriFarm,Carton,12,Washington,Seattle,District B,75,4.53,339.75,207.0,132.75,4.1,True,2024-03-26
Store #110,PID-1012,Organic Chia Seeds 500g,NutriFarm,Bag,12,Texas,Houston,District C,44,8.38,368.72,207.68,161.04,4.0,False,2024-08-31
Store #110,PID-1006,Organic Rolled Oats 1kg,HarvestGold,Bag,10,Texas,Houston,District C,20,7.64,152.8,98.8,54.0,4.6,True,2024-11-16
Store #103,PID-1008,Sparkling Spring Water 750ml,VitalityFoods,Bottle,12,Texas,Austin,District C,86,2.92,251.12,167.7,83.42,4.7,True,2024-04-29
Store #108,PID-1012,Organic Chia Seeds 500g,NutriFarm,Bag,12,Illinois,Chicago,District B,10,8.65,86.5,52.2,34.3,4.0,True,2024-04-08
Store #108,PID-1012,Organic Chia Seeds 500g,NutriFarm,Bag,12,Illinois,Chicago,District B,80,8.53,682.4,425.6,256.8,4.5,True,2024-08-12
Store #106,PID-1012,Organic Chia Seeds 500g,NutriFarm,Bag,12,Washington,Seattle,District B,75,8.8,660.0,422.25,237.75,4.8,True,2024-08-27
Store #109,PID-1003,Dark Roast Whole Bean 500g,PureBrew,Bag,6,California,San Diego,District A,80,16.5,1320.0,833.6,486.4,4.3,True,2024-08-18
Store #109,PID-1007,Grass-Fed Whole Milk 1 Gal,AlpineDairy,Jug,6,California,San Diego,District A,9,6.37,57.33,34.65,22.68,4.5,True,2024-04-04
Store #102,PID-1011,Matcha Green Tea Powder 100g,VitalityFoods,Tin,12,California,San Francisco,District B,104,19.37,2014.48,1314.56,699.92,4.7,True,2024-10-02
Store #105,PID-1006,Organic Rolled Oats 1kg,HarvestGold,Bag,10,New York,New York,District A,87,7.68,668.16,420.21,247.95,3.9,True,2024-07-28
Store #103,PID-1003,Dark Roast Whole Bean 500g,PureBrew,Bag,6,Texas,Austin,District C,56,15.36,860.16,497.84,362.32,3.8,True,2024-01-17
Store #107,PID-1011,Matcha Green Tea Powder 100g,VitalityFoods,Tin,12,Florida,Miami,District D,139,20.24,2813.36,1795.88,1017.48,3.9,True,2024-09-07
Store #102,PID-1001,Organic Almond Milk 1L,NutriFarm,Carton,12,California,San Francisco,District B,130,4.68,608.4,410.8,197.6,4.4,True,2024-04-16
Store #106,PID-1009,Raw Wildflower Honey 500g,GreenValley,Jar,12,Washington,Seattle,District B,99,11.83,1171.17,654.39,516.78,4.5,True,2024-07-31
Store #102,PID-1005,Artisan Sourdough Loaf,HarvestGold,Pack,8,California,San Francisco,District B,60,6.79,407.4,229.8,177.6,4.7,True,2024-02-09
Store #104,PID-1004,Greek Yogurt Plain 450g,AlpineDairy,Tub,12,Texas,Dallas,District C,68,5.33,362.44,250.92,111.52,4.5,True,2024-09-26
Store #102,PID-1011,Matcha Green Tea Powder 100g,VitalityFoods,Tin,12,California,San Francisco,District B,96,20.34,1952.64,1279.68,672.96,4.3,False,2024-10-22
Store #103,PID-1009,Raw Wildflower Honey 500g,GreenValley,Jar,12,Texas,Austin,District C,134,11.3,1514.2,868.32,645.88,5.0,True,2024-07-24
Store #106,PID-1006,Organic Rolled Oats 1kg,HarvestGold,Bag,10,Washington,Seattle,District B,88,8.27,727.76,445.28,282.48,4.6,True,2024-10-08
Store #106,PID-1010,Extra Virgin Olive Oil 750ml,GreenValley,Bottle,6,Washington,Seattle,District B,59,18.75,1106.25,699.74,406.51,4.7,True,2024-05-03
Store #108,PID-1008,Sparkling Spring Water 750ml,VitalityFoods,Bottle,12,Illinois,Chicago,District B,5,2.85,14.25,9.95,4.3,4.5,True,2024-07-22
Store #105,PID-1001,Organic Almond Milk 1L,NutriFarm,Carton,12,New York,New York,District A,61,4.36,265.96,158.6,107.36,4.7,True,2024-06-02
Store #105,PID-1009,Raw Wildflower Honey 500g,GreenValley,Jar,12,New York,New York,District A,44,11.02,484.88,300.08,184.8,4.0,True,2024-09-18
Store #110,PID-1004,Greek Yogurt Plain 450g,AlpineDairy,Tub,12,Texas,Houston,District C,70,5.45,381.5,214.9,166.6,4.3,True,2024-04-29
Store #102,PID-1012,Organic Chia Seeds 500g,NutriFarm,Bag,12,California,San Francisco,District B,128,8.21,1050.88,707.84,343.04,4.6,True,2024-06-15
Store #102,PID-1010,Extra Virgin Olive Oil 750ml,GreenValley,Bottle,6,California,San Francisco,District B,81,18.11,1466.91,984.96,481.95,4.3,True,2024-11-24
Store #106,PID-1006,Organic Rolled Oats 1kg,HarvestGold,Bag,10,Washington,Seattle,District B,111,8.33,924.63,525.03,399.6,4.7,True,2024-08-10
Store #110,PID-1001,Organic Almond Milk 1L,NutriFarm,Carton,12,Texas,Houston,District C,102,4.29,437.58,275.4,162.18,4.2,True,2024-11-20
Store #106,PID-1009,Raw Wildflower Honey 500g,GreenValley,Jar,12,Washington,Seattle,District B,61,11.09,676.49,440.42,236.07,5.0,True,2024-12-23
Store #110,PID-1010,Extra Virgin Olive Oil 750ml,GreenValley,Bottle,6,Texas,Houston,District C,28,18.46,516.88,306.88,210.0,4.3,True,2024-09-15
Store #102,PID-1008,Sparkling Spring Water 750ml,VitalityFoods,Bottle,12,California,San Francisco,District B,17,2.8,47.6,28.05,19.55,4.3,True,2024-10-19
Store #103,PID-1003,Dark Roast Whole Bean 500g,PureBrew,Bag,6,Texas,Austin,District C,55,15.97,878.35,569.25,309.1,4.0,True,2024-09-03
Store #109,PID-1004,Greek Yogurt Plain 450g,AlpineDairy,Tub,12,California,San Diego,District A,23,5.17,118.91,73.14,45.77,4.6,True,2024-05-04
Store #102,PID-1011,Matcha Green Tea Powder 100g,VitalityFoods,Tin,12,California,San Francisco,District B,113,19.72,2228.36,1289.33,939.03,4.2,True,2024-07-30
Store #105,PID-1003,Dark Roast Whole Bean 500g,PureBrew,Bag,6,New York,New York,District A,118,16.19,1910.42,1176.46,733.96,4.9,True,2024-06-28
Store #106,PID-1003,Dark Roast Whole Bean 500g,PureBrew,Bag,6,Washington,Seattle,District B,33,16.37,540.21,316.8,223.41,4.5,True,2024-02-13
Store #105,PID-1001,Organic Almond Milk 1L,NutriFarm,Carton,12,New York,New York,District A,33,4.4,145.2,90.09,55.11,4.2,True,2024-06-24
Store #104,PID-1004,Greek Yogurt Plain 450g,AlpineDairy,Tub,12,Texas,Dallas,District C,138,5.42,747.96,473.34,274.62,4.5,True,2024-10-06
Store #101,PID-1007,Grass-Fed Whole Milk 1 Gal,AlpineDairy,Jug,6,California,Los Angeles,District A,139,6.0,834.0,479.55,354.45,4.1,True,2024-10-25
Store #110,PID-1005,Artisan Sourdough Loaf,HarvestGold,Pack,8,Texas,Houston,District C,124,6.59,817.16,450.12,367.04,4.3,True,2024-01-28
Store #106,PID-1002,Cold Brew Coffee 330ml,PureBrew,Bottle,24,Washington,Seattle,District B,79,4.14,327.06,211.72,115.34,4.1,True,2024-01-10
Store #102,PID-1006,Organic Rolled Oats 1kg,HarvestGold,Bag,10,California,San Francisco,District B,27,7.74,208.98,130.68,78.3,4.3,True,2024-09-05
Store #101,PID-1001,Organic Almond Milk 1L,NutriFarm,Carton,12,California,Los Angeles,District A,140,4.4,616.0,383.6,232.4,4.7,False,2024-05-06
Store #106,PID-1006,Organic Rolled Oats 1kg,HarvestGold,Bag,10,Washington,Seattle,District B,82,7.78,637.96,444.44,193.52,4.4,True,2024-11-16
Store #105,PID-1007,Grass-Fed Whole Milk 1 Gal,AlpineDairy,Jug,6,New York,New York,District A,76,6.12,465.12,279.68,185.44,4.3,True,2024-01-16
Store #107,PID-1009,Raw Wildflower Honey 500g,GreenValley,Jar,12,Florida,Miami,District D,63,11.4,718.2,456.75,261.45,4.3,True,2024-12-13
Store #110,PID-1006,Organic Rolled Oats 1kg,HarvestGold,Bag,10,Texas,Houston,District C,38,7.76,294.88,168.34,126.54,4.4,True,2024-08-17
Store #103,PID-1005,Artisan Sourdough Loaf,HarvestGold,Pack,8,Texas,Austin,District C,139,6.76,939.64,576.85,362.79,4.9,True,2024-12-18
Store #110,PID-1003,Dark Roast Whole Bean 500g,PureBrew,Bag,6,Texas,Houston,District C,22,16.08,353.76,244.86,108.9,3.9,True,2024-06-11
Store #103,PID-1012,Organic Chia Seeds 500g,NutriFarm,Bag,12,Texas,Austin,District C,86,8.81,757.66,463.54,294.12,4.3,True,2024-01-16
Store #105,PID-1003,Dark Roast Whole Bean 500g,PureBrew,Bag,6,New York,New York,District A,32,15.4,492.8,272.96,219.84,5.0,True,2024-04-06
Store #110,PID-1010,Extra Virgin Olive Oil 750ml,GreenValley,Bottle,6,Texas,Houston,District C,64,19.17,1226.88,717.44,509.44,3.8,False,2024-11-09
Store #108,PID-1003,Dark Roast Whole Bean 500g,PureBrew,Bag,6,Illinois,Chicago,District B,125,16.33,2041.25,1237.5,803.75,4.8,True,2024-09-14
Store #103,PID-1003,Dark Roast Whole Bean 500g,PureBrew,Bag,6,Texas,Austin,District C,62,15.24,944.88,628.06,316.82,3.8,True,2024-04-08
Store #107,PID-1004,Greek Yogurt Plain 450g,AlpineDairy,Tub,12,Florida,Miami,District D,56,5.43,304.08,170.24,133.84,4.9,True,2024-12-09
Store #110,PID-1008,Sparkling Spring Water 750ml,VitalityFoods,Bottle,12,Texas,Houston,District C,88,2.89,254.32,173.36,80.96,4.3,True,2024-12-18
Store #110,PID-1012,Organic Chia Seeds 500g,NutriFarm,Bag,12,Texas,Houston,District C,85,8.4,714.0,493.0,221.0,4.5,True,2024-07-13
Store #101,PID-1009,Raw Wildflower Honey 500g,GreenValley,Jar,12,California,Los Angeles,District A,120,11.44,1372.8,936.0,436.8,4.9,True,2024-02-25
Store #109,PID-1007,Grass-Fed Whole Milk 1 Gal,AlpineDairy,Jug,6,California,San Diego,District A,104,6.3,655.2,422.24,232.96,3.9,True,2024-01-21
Store #107,PID-1005,Artisan Sourdough Loaf,HarvestGold,Pack,8,Florida,Miami,District D,123,6.27,771.21,458.79,312.42,4.9,True,2024-05-26
Store #103,PID-1008,Sparkling Spring Water 750ml,VitalityFoods,Bottle,12,Texas,Austin,District C,120,2.68,321.6,201.6,120.0,4.0,True,2024-11-26
Store #109,PID-1003,Dark Roast Whole Bean 500g,PureBrew,Bag,6,California,San Diego,District A,110,15.71,1728.1,957.0,771.1,4.3,True,2024-07-20
Store #104,PID-1008,Sparkling Spring Water 750ml,VitalityFoods,Bottle,12,Texas,Dallas,District C,69,2.74,189.06,122.13,66.93,4.7,True,2024-02-16
Store #102,PID-1002,Cold Brew Coffee 330ml,PureBrew,Bottle,24,California,San Francisco,District B,120,4.04,484.8,272.4,212.4,4.6,True,2024-02-28
Store #109,PID-1010,Extra Virgin Olive Oil 750ml,GreenValley,Bottle,6,California,San Diego,District A,101,19.09,1928.09,1073.63,854.46,4.0,True,2024-03-22
Store #103,PID-1003,Dark Roast Whole Bean 500g,PureBrew,Bag,6,Texas,Austin,District C,50,16.42,821.0,458.0,363.0,4.2,True,2024-03-15
Store #108,PID-1005,Artisan Sourdough Loaf,HarvestGold,Pack,8,Illinois,Chicago,District B,51,6.24,318.24,181.56,136.68,4.0,True,2024-11-16
Store #105,PID-1001,Organic Almond Milk 1L,NutriFarm,Carton,12,New York,New York,District A,132,4.65,613.8,388.08,225.72,3.8,True,2024-08-22
Store #104,PID-1004,Greek Yogurt Plain 450g,AlpineDairy,Tub,12,Texas,Dallas,District C,126,5.27,664.02,409.5,254.52,4.5,False,2024-10-28
Store #109,PID-1005,Artisan Sourdough Loaf,HarvestGold,Pack,8,California,San Diego,District A,58,6.2,359.6,205.9,153.7,4.6,False,2024-11-13
Store #101,PID-1011,Matcha Green Tea Powder 100g,VitalityFoods,Tin,12,California,Los Angeles,District A,81,19.65,1591.65,896.67,694.98,3.9,True,2024-10-22
Store #103,PID-1011,Matcha Green Tea Powder 100g,VitalityFoods,Tin,12,Texas,Austin,District C,50,20.92,1046.0,693.0,353.0,4.2,False,2024-05-25
Store #105,PID-1006,Organic Rolled Oats 1kg,HarvestGold,Bag,10,New York,New York,District A,102,8.25,841.5,558.96,282.54,4.8,False,2024-07-07
Store #108,PID-1003,Dark Roast Whole Bean 500g,PureBrew,Bag,6,Illinois,Chicago,District B,75,15.72,1179.0,721.5,457.5,4.1,True,2024-03-03
Store #101,PID-1002,Cold Brew Coffee 330ml,PureBrew,Bottle,24,California,Los Angeles,District A,140,4.18,585.2,364.0,221.2,4.6,True,2024-10-19
Store #105,PID-1007,Grass-Fed Whole Milk 1 Gal,AlpineDairy,Jug,6,New York,New York,District A,86,6.14,528.04,336.26,191.78,4.5,True,2024-11-07
Store #110,PID-1010,Extra Virgin Olive Oil 750ml,GreenValley,Bottle,6,Texas,Houston,District C,138,19.43,2681.34,1675.32,1006.02,4.8,True,2024-09-11
Store #104,PID-1012,Organic Chia Seeds 500g,NutriFarm,Bag,12,Texas,Dallas,District C,54,8.07,435.78,241.38,194.4,4.6,False,2024-05-28
Store #104,PID-1010,Extra Virgin Olive Oil 750ml,GreenValley,Bottle,6,Texas,Dallas,District C,110,18.13,1994.3,1201.2,793.1,4.8,True,2024-07-31
Store #104,PID-1012,Organic Chia Seeds 500g,NutriFarm,Bag,12,Texas,Dallas,District C,70,8.74,611.8,364.7,247.1,4.4,True,2024-05-24
Store #101,PID-1002,Cold Brew Coffee 330ml,PureBrew,Bottle,24,California,Los Angeles,District A,90,3.93,353.7,233.1,120.6,4.5,False,2024-12-17
Store #103,PID-1004,Greek Yogurt Plain 450g,AlpineDairy,Tub,12,Texas,Austin,District C,91,5.51,501.41,312.13,189.28,4.4,False,2024-06-18
Store #103,PID-1008,Sparkling Spring Water 750ml,VitalityFoods,Bottle,12,Texas,Austin,District C,122,2.9,353.8,223.26,130.54,4.2,True,2024-03-20
Store #107,PID-1012,Organic Chia Seeds 500g,NutriFarm,Bag,12,Florida,Miami,District D,138,8.32,1148.16,756.24,391.92,4.2,True,2024-01-29
Store #104,PID-1010,Extra Virgin Olive Oil 750ml,GreenValley,Bottle,6,Texas,Dallas,District C,89,19.56,1740.84,1189.04,551.8,4.2,True,2024-12-16
Store #105,PID-1001,Organic Almond Milk 1L,NutriFarm,Carton,12,New York,New York,District A,101,4.55,459.55,311.08,148.47,4.5,True,2024-06-22
Store #110,PID-1002,Cold Brew Coffee 330ml,PureBrew,Bottle,24,Texas,Houston,District C,85,4.07,345.95,204.0,141.95,3.9,True,2024-06-06
Store #106,PID-1008,Sparkling Spring Water 750ml,VitalityFoods,Bottle,12,Washington,Seattle,District B,60,2.8,168.0,96.6,71.4,4.2,False,2024-06-03
Store #104,PID-1002,Cold Brew Coffee 330ml,PureBrew,Bottle,24,Texas,Dallas,District C,134,3.8,509.2,317.58,191.62,4.4,True,2024-08-15
Store #108,PID-1012,Organic Chia Seeds 500g,NutriFarm,Bag,12,Illinois,Chicago,District B,84,8.72,732.48,418.32,314.16,4.8,True,2024-09-25
Store #109,PID-1011,Matcha Green Tea Powder 100g,VitalityFoods,Tin,12,California,San Diego,District A,57,20.44,1165.08,721.05,444.03,4.7,True,2024-03-08
Store #101,PID-1005,Artisan Sourdough Loaf,HarvestGold,Pack,8,California,Los Angeles,District A,27,6.38,172.26,117.72,54.54,3.9,True,2024-01-23
Store #105,PID-1001,Organic Almond Milk 1L,NutriFarm,Carton,12,New York,New York,District A,84,4.55,382.2,222.6,159.6,4.0,True,2024-10-22
Store #109,PID-1006,Organic Rolled Oats 1kg,HarvestGold,Bag,10,California,San Diego,District A,35,7.81,273.35,156.8,116.55,3.9,True,2024-08-13
Store #109,PID-1009,Raw Wildflower Honey 500g,GreenValley,Jar,12,California,San Diego,District A,57,11.54,657.78,416.1,241.68,4.1,True,2024-02-22
Store #105,PID-1010,Extra Virgin Olive Oil 750ml,GreenValley,Bottle,6,New York,New York,District A,48,18.18,872.64,560.16,312.48,4.2,True,2024-05-05
Store #103,PID-1001,Organic Almond Milk 1L,NutriFarm,Carton,12,Texas,Austin,District C,17,4.31,73.27,40.97,32.3,4.3,True,2024-08-29
Store #110,PID-1010,Extra Virgin Olive Oil 750ml,GreenValley,Bottle,6,Texas,Houston,District C,119,19.21,2285.99,1364.93,921.06,4.8,True,2024-11-18
Store #109,PID-1002,Cold Brew Coffee 330ml,PureBrew,Bottle,24,California,San Diego,District A,38,3.83,145.54,97.66,47.88,4.6,False,2024-08-26
Store #105,PID-1011,Matcha Green Tea Powder 100g,VitalityFoods,Tin,12,New York,New York,District A,124,19.93,2471.32,1709.96,761.36,4.0,True,2024-11-25
Store #105,PID-1006,Organic Rolled Oats 1kg,HarvestGold,Bag,10,New York,New York,District A,51,8.15,415.65,270.3,145.35,4.7,True,2024-07-19
Store #108,PID-1008,Sparkling Spring Water 750ml,VitalityFoods,Bottle,12,Illinois,Chicago,District B,21,2.78,58.38,35.28,23.1,4.4,True,2024-01-16
Store #106,PID-1010,Extra Virgin Olive Oil 750ml,GreenValley,Bottle,6,Washington,Seattle,District B,37,19.01,703.37,429.57,273.8,4.7,False,2024-10-21
Store #109,PID-1011,Matcha Green Tea Powder 100g,VitalityFoods,Tin,12,California,San Diego,District A,82,20.06,1644.92,1003.68,641.24,4.3,True,2024-02-06
Store #109,PID-1003,Dark Roast Whole Bean 500g,PureBrew,Bag,6,California,San Diego,District A,103,15.3,1575.9,915.67,660.23,4.6,True,2024-09-03
Store #107,PID-1010,Extra Virgin Olive Oil 750ml,GreenValley,Bottle,6,Florida,Miami,District D,65,18.37,1194.05,776.75,417.3,4.7,True,2024-06-24
Store #108,PID-1002,Cold Brew Coffee 330ml,PureBrew,Bottle,24,Illinois,Chicago,District B,123,3.92,482.16,271.83,210.33,4.3,True,2024-10-30
Store #107,PID-1002,Cold Brew Coffee 330ml,PureBrew,Bottle,24,Florida,Miami,District D,32,4.06,129.92,83.2,46.72,4.8,True,2024-11-02
Store #101,PID-1002,Cold Brew Coffee 330ml,PureBrew,Bottle,24,California,Los Angeles,District A,40,4.14,165.6,113.6,52.0,4.6,False,2024-04-21
Store #103,PID-1011,Matcha Green Tea Powder 100g,VitalityFoods,Tin,12,Texas,Austin,District C,120,20.05,2406.0,1464.0,942.0,4.5,True,2024-03-17
Store #106,PID-1005,Artisan Sourdough Loaf,HarvestGold,Pack,8,Washington,Seattle,District B,82,6.76,554.32,382.94,171.38,4.7,True,2024-10-18
Store #102,PID-1010,Extra Virgin Olive Oil 750ml,GreenValley,Bottle,6,California,San Francisco,District B,135,18.81,2539.35,1445.85,1093.5,4.2,True,2024-01-05
Store #109,PID-1001,Organic Almond Milk 1L,NutriFarm,Carton,12,California,San Diego,District A,96,4.31,413.76,244.8,168.96,3.8,True,2024-01-01
Store #110,PID-1007,Grass-Fed Whole Milk 1 Gal,AlpineDairy,Jug,6,Texas,Houston,District C,86,6.42,552.12,337.12,215.0,4.3,True,2024-11-16
Store #103,PID-1008,Sparkling Spring Water 750ml,VitalityFoods,Bottle,12,Texas,Austin,District C,53,2.81,148.93,100.7,48.23,4.2,True,2024-03-12
Store #105,PID-1011,Matcha Green Tea Powder 100g,VitalityFoods,Tin,12,New York,New York,District A,39,19.01,741.39,479.7,261.69,4.0,True,2024-03-05
Store #107,PID-1003,Dark Roast Whole Bean 500g,PureBrew,Bag,6,Florida,Miami,District D,40,16.22,648.8,397.2,251.6,4.3,True,2024-02-13
Store #110,PID-1007,Grass-Fed Whole Milk 1 Gal,AlpineDairy,Jug,6,Texas,Houston,District C,51,6.26,319.26,195.84,123.42,4.8,True,2024-11-15
Store #104,PID-1003,Dark Roast Whole Bean 500g,PureBrew,Bag,6,Texas,Dallas,District C,6,16.11,96.66,65.46,31.2,4.1,True,2024-08-05
Store #107,PID-1009,Raw Wildflower Honey 500g,GreenValley,Jar,12,Florida,Miami,District D,98,10.95,1073.1,595.84,477.26,4.4,True,2024-10-22
Store #110,PID-1008,Sparkling Spring Water 750ml,VitalityFoods,Bottle,12,Texas,Houston,District C,25,2.69,67.25,44.25,23.0,5.0,True,2024-12-19
Store #105,PID-1008,Sparkling Spring Water 750ml,VitalityFoods,Bottle,12,New York,New York,District A,25,2.8,70.0,45.0,25.0,4.1,True,2024-09-21
Store #102,PID-1011,Matcha Green Tea Powder 100g,VitalityFoods,Tin,12,California,San Francisco,District B,84,20.22,1698.48,1164.24,534.24,4.4,False,2024-11-20
Store #108,PID-1009,Raw Wildflower Honey 500g,GreenValley,Jar,12,Illinois,Chicago,District B,89,11.4,1014.6,703.99,310.61,4.8,True,2024-08-28
Store #101,PID-1012,Organic Chia Seeds 500g,NutriFarm,Bag,12,California,Los Angeles,District A,82,8.68,711.76,451.82,259.94,3.9,True,2024-11-01
Store #103,PID-1010,Extra Virgin Olive Oil 750ml,GreenValley,Bottle,6,Texas,Austin,District C,79,19.58,1546.82,995.4,551.42,4.1,False,2024-01-27
Store #109,PID-1002,Cold Brew Coffee 330ml,PureBrew,Bottle,24,California,San Diego,District A,69,3.84,264.96,156.63,108.33,4.8,False,2024-05-22
Store #102,PID-1010,Extra Virgin Olive Oil 750ml,GreenValley,Bottle,6,California,San Francisco,District B,43,19.29,829.47,502.24,327.23,4.0,True,2024-03-30
Store #104,PID-1008,Sparkling Spring Water 750ml,VitalityFoods,Bottle,12,Texas,Dallas,District C,140,2.89,404.6,243.6,161.0,3.9,True,2024-04-02
Store #103,PID-1008,Sparkling Spring Water 750ml,VitalityFoods,Bottle,12,Texas,Austin,District C,103,2.72,280.16,173.04,107.12,4.6,True,2024-07-30
Store #106,PID-1001,Organic Almond Milk 1L,NutriFarm,Carton,12,Washington,Seattle,District B,72,4.6,331.2,187.92,143.28,4.0,True,2024-11-24
Store #105,PID-1008,Sparkling Spring Water 750ml,VitalityFoods,Bottle,12,New York,New York,District A,64,2.76,176.64,115.84,60.8,4.4,True,2024-09-29
Store #107,PID-1001,Organic Almond Milk 1L,NutriFarm,Carton,12,Florida,Miami,District D,119,4.44,528.36,315.35,213.01,4.4,True,2024-05-27
Store #102,PID-1009,Raw Wildflower Honey 500g,GreenValley,Jar,12,California,San Francisco,District B,95,12.01,1140.95,701.1,439.85,4.9,True,2024-11-22
Store #106,PID-1005,Artisan Sourdough Loaf,HarvestGold,Pack,8,Washington,Seattle,District B,30,6.33,189.9,121.2,68.7,4.4,True,2024-05-16
Store #104,PID-1012,Organic Chia Seeds 500g,NutriFarm,Bag,12,Texas,Dallas,District C,54,8.51,459.54,299.7,159.84,5.0,True,2024-12-10
Store #101,PID-1011,Matcha Green Tea Powder 100g,VitalityFoods,Tin,12,California,Los Angeles,District A,22,19.01,418.22,236.06,182.16,3.9,True,2024-01-05
Store #104,PID-1012,Organic Chia Seeds 500g,NutriFarm,Bag,12,Texas,Dallas,District C,69,8.23,567.87,314.64,253.23,3.9,True,2024-05-25
Store #104,PID-1010,Extra Virgin Olive Oil 750ml,GreenValley,Bottle,6,Texas,Dallas,District C,36,19.39,698.04,396.36,301.68,4.8,True,2024-11-22
Store #110,PID-1003,Dark Roast Whole Bean 500g,PureBrew,Bag,6,Texas,Houston,District C,52,15.6,811.2,502.84,308.36,4.9,True,2024-02-26
Store #105,PID-1007,Grass-Fed Whole Milk 1 Gal,AlpineDairy,Jug,6,New York,New York,District A,87,6.14,534.18,356.7,177.48,4.1,False,2024-12-20
Store #107,PID-1006,Organic Rolled Oats 1kg,HarvestGold,Bag,10,Florida,Miami,District D,71,8.35,592.85,349.32,243.53,4.3,True,2024-01-31
Store #104,PID-1010,Extra Virgin Olive Oil 750ml,GreenValley,Bottle,6,Texas,Dallas,District C,50,19.27,963.5,545.5,418.0,4.4,True,2024-07-20
Store #110,PID-1011,Matcha Green Tea Powder 100g,VitalityFoods,Tin,12,Texas,Houston,District C,118,20.42,2409.56,1362.9,1046.66,3.9,True,2024-02-24
Store #105,PID-1008,Sparkling Spring Water 750ml,VitalityFoods,Bottle,12,New York,New York,District A,132,2.69,355.08,229.68,125.4,4.9,True,2024-01-10
Store #105,PID-1003,Dark Roast Whole Bean 500g,PureBrew,Bag,6,New York,New York,District A,89,16.64,1480.96,942.51,538.45,4.4,True,2024-12-24
Store #108,PID-1008,Sparkling Spring Water 750ml,VitalityFoods,Bottle,12,Illinois,Chicago,District B,108,2.89,312.12,208.44,103.68,4.7,True,2024-08-11
Store #101,PID-1007,Grass-Fed Whole Milk 1 Gal,AlpineDairy,Jug,6,California,Los Angeles,District A,128,6.05,774.4,487.68,286.72,5.0,True,2024-12-18
Store #105,PID-1007,Grass-Fed Whole Milk 1 Gal,AlpineDairy,Jug,6,New York,New York,District A,28,6.21,173.88,117.88,56.0,4.2,True,2024-01-29
Store #105,PID-1011,Matcha Green Tea Powder 100g,VitalityFoods,Tin,12,New York,New York,District A,50,20.1,1005.0,698.5,306.5,4.6,True,2024-04-13
Store #107,PID-1002,Cold Brew Coffee 330ml,PureBrew,Bottle,24,Florida,Miami,District D,96,3.98,382.08,261.12,120.96,4.3,True,2024-11-18
Store #101,PID-1004,Greek Yogurt Plain 450g,AlpineDairy,Tub,12,California,Los Angeles,District A,66,5.28,348.48,194.7,153.78,4.4,True,2024-01-13
Store #109,PID-1008,Sparkling Spring Water 750ml,VitalityFoods,Bottle,12,California,San Diego,District A,14,2.75,38.5,23.1,15.4,4.7,True,2024-01-09
Store #104,PID-1011,Matcha Green Tea Powder 100g,VitalityFoods,Tin,12,Texas,Dallas,District C,138,19.91,2747.58,1791.24,956.34,4.8,True,2024-12-07
Store #110,PID-1004,Greek Yogurt Plain 450g,AlpineDairy,Tub,12,Texas,Houston,District C,14,5.41,75.74,47.18,28.56,3.8,True,2024-02-06
Store #110,PID-1001,Organic Almond Milk 1L,NutriFarm,Carton,12,Texas,Houston,District C,38,4.27,162.26,104.5,57.76,4.9,True,2024-05-04
Store #102,PID-1008,Sparkling Spring Water 750ml,VitalityFoods,Bottle,12,California,San Francisco,District B,48,2.88,138.24,77.28,60.96,4.8,False,2024-11-08
Store #110,PID-1010,Extra Virgin Olive Oil 750ml,GreenValley,Bottle,6,Texas,Houston,District C,21,19.57,410.97,252.21,158.76,4.8,True,2024-04-22
Store #107,PID-1006,Organic Rolled Oats 1kg,HarvestGold,Bag,10,Florida,Miami,District D,40,7.85,314.0,218.0,96.0,4.1,False,2024-03-02
Store #103,PID-1006,Organic Rolled Oats 1kg,HarvestGold,Bag,10,Texas,Austin,District C,35,7.81,273.35,181.3,92.05,4.0,True,2024-02-02
Store #103,PID-1008,Sparkling Spring Water 750ml,VitalityFoods,Bottle,12,Texas,Austin,District C,15,2.69,40.35,27.0,13.35,4.6,True,2024-05-04
Store #103,PID-1001,Organic Almond Milk 1L,NutriFarm,Carton,12,Texas,Austin,District C,25,4.27,106.75,61.5,45.25,3.9,True,2024-09-06
Store #105,PID-1007,Grass-Fed Whole Milk 1 Gal,AlpineDairy,Jug,6,New York,New York,District A,126,6.41,807.66,468.72,338.94,4.6,True,2024-12-21
Store #107,PID-1004,Greek Yogurt Plain 450g,AlpineDairy,Tub,12,Florida,Miami,District D,14,5.34,74.76,49.14,25.62,4.5,False,2024-03-30
Store #105,PID-1006,Organic Rolled Oats 1kg,HarvestGold,Bag,10,New York,New York,District A,6,8.04,48.24,27.9,20.34,5.0,True,2024-08-02
Store #110,PID-1006,Organic Rolled Oats 1kg,HarvestGold,Bag,10,Texas,Houston,District C,134,7.77,1041.18,692.78,348.4,4.6,True,2024-10-03
Store #104,PID-1002,Cold Brew Coffee 330ml,PureBrew,Bottle,24,Texas,Dallas,District C,126,3.99,502.74,288.54,214.2,4.9,False,2024-03-17
Store #106,PID-1005,Artisan Sourdough Loaf,HarvestGold,Pack,8,Washington,Seattle,District B,116,6.33,734.28,472.12,262.16,4.9,True,2024-04-17
Store #102,PID-1012,Organic Chia Seeds 500g,NutriFarm,Bag,12,California,San Francisco,District B,50,8.2,410.0,227.5,182.5,4.4,False,2024-01-27
Store #104,PID-1012,Organic Chia Seeds 500g,NutriFarm,Bag,12,Texas,Dallas,District C,88,8.42,740.96,490.16,250.8,4.9,True,2024-08-15
Store #102,PID-1006,Organic Rolled Oats 1kg,HarvestGold,Bag,10,California,San Francisco,District B,30,7.78,233.4,142.8,90.6,4.0,True,2024-04-26
Store #102,PID-1008,Sparkling Spring Water 750ml,VitalityFoods,Bottle,12,California,San Francisco,District B,129,2.67,344.43,211.56,132.87,4.1,True,2024-10-26
Store #103,PID-1007,Grass-Fed Whole Milk 1 Gal,AlpineDairy,Jug,6,Texas,Austin,District C,39,6.26,244.14,141.57,102.57,4.2,True,2024-07-10
Store #106,PID-1003,Dark Roast Whole Bean 500g,PureBrew,Bag,6,Washington,Seattle,District B,20,15.64,312.8,177.2,135.6,4.4,True,2024-01-17
Store #106,PID-1004,Greek Yogurt Plain 450g,AlpineDairy,Tub,12,Washington,Seattle,District B,45,5.44,244.8,157.95,86.85,4.5,True,2024-05-31
Store #109,PID-1004,Greek Yogurt Plain 450g,AlpineDairy,Tub,12,California,San Diego,District A,110,5.48,602.8,376.2,226.6,5.0,True,2024-02-14
Store #108,PID-1005,Artisan Sourdough Loaf,HarvestGold,Pack,8,Illinois,Chicago,District B,114,6.64,756.96,444.6,312.36,4.2,True,2024-01-08
Store #110,PID-1003,Dark Roast Whole Bean 500g,PureBrew,Bag,6,Texas,Houston,District C,6,15.86,95.16,52.98,42.18,5.0,True,2024-10-20
Store #109,PID-1001,Organic Almond Milk 1L,NutriFarm,Carton,12,California,San Diego,District A,140,4.44,621.6,417.2,204.4,4.6,False,2024-08-05
Store #108,PID-1004,Greek Yogurt Plain 450g,AlpineDairy,Tub,12,Illinois,Chicago,District B,8,5.39,43.12,26.32,16.8,4.1,True,2024-02-12
Store #104,PID-1011,Matcha Green Tea Powder 100g,VitalityFoods,Tin,12,Texas,Dallas,District C,9,19.95,179.55,106.92,72.63,4.6,True,2024-02-16
Store #110,PID-1001,Organic Almond Milk 1L,NutriFarm,Carton,12,Texas,Houston,District C,123,4.61,567.03,386.22,180.81,4.3,True,2024-08-20
Store #106,PID-1011,Matcha Green Tea Powder 100g,VitalityFoods,Tin,12,Washington,Seattle,District B,5,20.71,103.55,58.05,45.5,4.9,True,2024-08-25
Store #101,PID-1005,Artisan Sourdough Loaf,HarvestGold,Pack,8,California,Los Angeles,District A,74,6.62,489.88,314.5,175.38,4.5,True,2024-08-06
Store #102,PID-1010,Extra Virgin Olive Oil 750ml,GreenValley,Bottle,6,California,San Francisco,District B,19,19.02,361.38,248.14,113.24,4.2,False,2024-06-20
Store #107,PID-1006,Organic Rolled Oats 1kg,HarvestGold,Bag,10,Florida,Miami,District D,15,7.88,118.2,68.1,50.1,4.5,False,2024-08-26
Store #104,PID-1003,Dark Roast Whole Bean 500g,PureBrew,Bag,6,Texas,Dallas,District C,66,16.05,1059.3,685.74,373.56,4.7,True,2024-06-20
Store #104,PID-1012,Organic Chia Seeds 500g,NutriFarm,Bag,12,Texas,Dallas,District C,87,8.36,727.32,428.91,298.41,4.6,True,2024-04-25
Store #102,PID-1006,Organic Rolled Oats 1kg,HarvestGold,Bag,10,California,San Francisco,District B,120,7.98,957.6,602.4,355.2,3.9,True,2024-06-25
Store #109,PID-1005,Artisan Sourdough Loaf,HarvestGold,Pack,8,California,San Diego,District A,99,6.68,661.32,457.38,203.94,4.8,True,2024-08-19
Store #102,PID-1004,Greek Yogurt Plain 450g,AlpineDairy,Tub,12,California,San Francisco,District B,27,5.07,136.89,93.69,43.2,4.1,True,2024-08-22
Store #102,PID-1003,Dark Roast Whole Bean 500g,PureBrew,Bag,6,California,San Francisco,District B,33,16.31,538.23,335.94,202.29,4.8,True,2024-05-21
Store #101,PID-1005,Artisan Sourdough Loaf,HarvestGold,Pack,8,California,Los Angeles,District A,38,6.47,245.86,150.86,95.0,4.7,False,2024-08-01
Store #104,PID-1002,Cold Brew Coffee 330ml,PureBrew,Bottle,24,Texas,Dallas,District C,64,4.12,263.68,165.76,97.92,4.2,True,2024-01-12
Store #106,PID-1008,Sparkling Spring Water 750ml,VitalityFoods,Bottle,12,Washington,Seattle,District B,140,2.89,404.6,249.2,155.4,4.2,True,2024-10-30
Store #105,PID-1003,Dark Roast Whole Bean 500g,PureBrew,Bag,6,New York,New York,District A,63,15.96,1005.48,699.3,306.18,4.7,False,2024-05-13
Store #106,PID-1005,Artisan Sourdough Loaf,HarvestGold,Pack,8,Washington,Seattle,District B,47,6.57,308.79,177.19,131.6,4.4,True,2024-08-21
Store #103,PID-1012,Organic Chia Seeds 500g,NutriFarm,Bag,12,Texas,Austin,District C,44,8.2,360.8,204.6,156.2,5.0,True,2024-12-20
Store #108,PID-1005,Artisan Sourdough Loaf,HarvestGold,Pack,8,Illinois,Chicago,District B,52,6.3,327.6,214.76,112.84,4.6,True,2024-07-08
Store #103,PID-1006,Organic Rolled Oats 1kg,HarvestGold,Bag,10,Texas,Austin,District C,46,8.02,368.92,209.76,159.16,3.8,True,2024-08-17
Store #103,PID-1008,Sparkling Spring Water 750ml,VitalityFoods,Bottle,12,Texas,Austin,District C,44,2.65,116.6,77.0,39.6,5.0,True,2024-06-12
Store #105,PID-1008,Sparkling Spring Water 750ml,VitalityFoods,Bottle,12,New York,New York,District A,42,2.87,120.54,79.38,41.16,4.9,True,2024-05-28
Store #102,PID-1012,Organic Chia Seeds 500g,NutriFarm,Bag,12,California,San Francisco,District B,15,8.18,122.7,77.7,45.0,4.2,True,2024-09-02
Store #104,PID-1008,Sparkling Spring Water 750ml,VitalityFoods,Bottle,12,Texas,Dallas,District C,28,2.74,76.72,49.28,27.44,4.0,True,2024-07-01
Store #105,PID-1004,Greek Yogurt Plain 450g,AlpineDairy,Tub,12,New York,New York,District A,26,5.31,138.06,85.28,52.78,4.6,False,2024-01-12
Store #109,PID-1007,Grass-Fed Whole Milk 1 Gal,AlpineDairy,Jug,6,California,San Diego,District A,130,6.18,803.4,514.8,288.6,4.9,True,2024-04-09
Store #106,PID-1007,Grass-Fed Whole Milk 1 Gal,AlpineDairy,Jug,6,Washington,Seattle,District B,114,6.21,707.94,428.64,279.3,4.1,True,2024-03-16
Store #108,PID-1009,Raw Wildflower Honey 500g,GreenValley,Jar,12,Illinois,Chicago,District B,60,11.75,705.0,435.0,270.0,5.0,True,2024-02-14
Store #105,PID-1003,Dark Roast Whole Bean 500g,PureBrew,Bag,6,New York,New York,District A,111,15.41,1710.51,1091.13,619.38,3.9,True,2024-08-05
Store #108,PID-1009,Raw Wildflower Honey 500g,GreenValley,Jar,12,Illinois,Chicago,District B,21,11.99,251.79,160.86,90.93,4.3,False,2024-06-20
Store #105,PID-1007,Grass-Fed Whole Milk 1 Gal,AlpineDairy,Jug,6,New York,New York,District A,123,6.42,789.66,523.98,265.68,4.0,True,2024-03-30
Store #107,PID-1005,Artisan Sourdough Loaf,HarvestGold,Pack,8,Florida,Miami,District D,130,6.19,804.7,542.1,262.6,4.8,True,2024-10-10
Store #109,PID-1012,Organic Chia Seeds 500g,NutriFarm,Bag,12,California,San Diego,District A,62,8.09,501.58,275.9,225.68,4.1,True,2024-08-25
Store #108,PID-1002,Cold Brew Coffee 330ml,PureBrew,Bottle,24,Illinois,Chicago,District B,78,3.96,308.88,192.66,116.22,4.6,True,2024-11-30
Store #102,PID-1005,Artisan Sourdough Loaf,HarvestGold,Pack,8,California,San Francisco,District B,22,6.55,144.1,87.12,56.98,4.4,True,2024-09-09
Store #105,PID-1011,Matcha Green Tea Powder 100g,VitalityFoods,Tin,12,New York,New York,District A,126,20.94,2638.44,1775.34,863.1,4.2,True,2024-12-17
Store #101,PID-1005,Artisan Sourdough Loaf,HarvestGold,Pack,8,California,Los Angeles,District A,19,6.26,118.94,73.72,45.22,4.6,True,2024-03-24
Store #101,PID-1005,Artisan Sourdough Loaf,HarvestGold,Pack,8,California,Los Angeles,District A,112,6.58,736.96,510.72,226.24,3.9,True,2024-07-03
Store #102,PID-1009,Raw Wildflower Honey 500g,GreenValley,Jar,12,California,San Francisco,District B,51,11.79,601.29,384.54,216.75,4.0,True,2024-04-09
Store #106,PID-1011,Matcha Green Tea Powder 100g,VitalityFoods,Tin,12,Washington,Seattle,District B,74,20.36,1506.64,984.2,522.44,3.9,True,2024-06-03
Store #103,PID-1001,Organic Almond Milk 1L,NutriFarm,Carton,12,Texas,Austin,District C,137,4.39,601.43,401.41,200.02,4.3,True,2024-03-11
Store #103,PID-1002,Cold Brew Coffee 330ml,PureBrew,Bottle,24,Texas,Austin,District C,44,3.99,175.56,118.36,57.2,4.8,True,2024-04-21
Store #109,PID-1009,Raw Wildflower Honey 500g,GreenValley,Jar,12,California,San Diego,District A,34,11.4,387.6,266.56,121.04,3.9,True,2024-10-09
Store #101,PID-1008,Sparkling Spring Water 750ml,VitalityFoods,Bottle,12,California,Los Angeles,District A,84,2.84,238.56,136.08,102.48,4.3,True,2024-06-27
Store #109,PID-1006,Organic Rolled Oats 1kg,HarvestGold,Bag,10,California,San Diego,District A,82,7.61,624.02,419.84,204.18,4.1,True,2024-03-29
Store #103,PID-1012,Organic Chia Seeds 500g,NutriFarm,Bag,12,Texas,Austin,District C,83,8.17,678.11,385.95,292.16,3.9,True,2024-04-26
Store #102,PID-1002,Cold Brew Coffee 330ml,PureBrew,Bottle,24,California,San Francisco,District B,128,4.09,523.52,291.84,231.68,3.9,True,2024-01-10
Store #109,PID-1010,Extra Virgin Olive Oil 750ml,GreenValley,Bottle,6,California,San Diego,District A,125,18.27,2283.75,1342.5,941.25,3.9,True,2024-01-31
Store #102,PID-1002,Cold Brew Coffee 330ml,PureBrew,Bottle,24,California,San Francisco,District B,57,4.02,229.14,132.81,96.33,4.6,False,2024-11-04
Store #103,PID-1012,Organic Chia Seeds 500g,NutriFarm,Bag,12,Texas,Austin,District C,94,8.36,785.84,532.98,252.86,4.7,True,2024-05-22
Store #109,PID-1010,Extra Virgin Olive Oil 750ml,GreenValley,Bottle,6,California,San Diego,District A,30,19.6,588.0,390.6,197.4,4.4,True,2024-02-04
Store #105,PID-1003,Dark Roast Whole Bean 500g,PureBrew,Bag,6,New York,New York,District A,6,16.75,100.5,56.76,43.74,4.1,True,2024-10-02
Store #108,PID-1006,Organic Rolled Oats 1kg,HarvestGold,Bag,10,Illinois,Chicago,District B,52,7.94,412.88,286.52,126.36,4.0,True,2024-12-23
Store #107,PID-1007,Grass-Fed Whole Milk 1 Gal,AlpineDairy,Jug,6,Florida,Miami,District D,136,6.12,832.32,471.92,360.4,5.0,True,2024-04-19
Store #102,PID-1009,Raw Wildflower Honey 500g,GreenValley,Jar,12,California,San Francisco,District B,131,11.79,1544.49,1012.63,531.86,4.5,False,2024-03-10
Store #106,PID-1008,Sparkling Spring Water 750ml,VitalityFoods,Bottle,12,Washington,Seattle,District B,103,2.73,281.19,180.25,100.94,4.2,True,2024-02-29
Store #108,PID-1004,Greek Yogurt Plain 450g,AlpineDairy,Tub,12,Illinois,Chicago,District B,109,5.18,564.62,382.59,182.03,4.0,False,2024-10-10
Store #108,PID-1011,Matcha Green Tea Powder 100g,VitalityFoods,Tin,12,Illinois,Chicago,District B,50,19.02,951.0,619.0,332.0,4.6,True,2024-07-07
Store #109,PID-1011,Matcha Green Tea Powder 100g,VitalityFoods,Tin,12,California,San Diego,District A,26,19.23,499.98,304.72,195.26,4.6,True,2024-12-12
Store #103,PID-1002,Cold Brew Coffee 330ml,PureBrew,Bottle,24,Texas,Austin,District C,55,3.93,216.15,138.05,78.1,5.0,True,2024-07-05
Store #107,PID-1012,Organic Chia Seeds 500g,NutriFarm,Bag,12,Florida,Miami,District D,76,8.71,661.96,440.04,221.92,4.5,True,2024-09-12
Store #107,PID-1006,Organic Rolled Oats 1kg,HarvestGold,Bag,10,Florida,Miami,District D,108,8.38,905.04,567.0,338.04,4.0,True,2024-08-31
Store #102,PID-1005,Artisan Sourdough Loaf,HarvestGold,Pack,8,California,San Francisco,District B,132,6.32,834.24,576.84,257.4,3.8,True,2024-09-07
Store #102,PID-1008,Sparkling Spring Water 750ml,VitalityFoods,Bottle,12,California,San Francisco,District B,11,2.92,32.12,19.47,12.65,4.6,True,2024-12-13
Store #110,PID-1010,Extra Virgin Olive Oil 750ml,GreenValley,Bottle,6,Texas,Houston,District C,24,19.3,463.2,290.88,172.32,4.4,True,2024-02-19
Store #105,PID-1011,Matcha Green Tea Powder 100g,VitalityFoods,Tin,12,New York,New York,District A,130,20.0,2600.0,1641.9,958.1,4.8,True,2024-09-11
Store #101,PID-1001,Organic Almond Milk 1L,NutriFarm,Carton,12,California,Los Angeles,District A,35,4.44,155.4,92.75,62.65,4.3,True,2024-08-08
Store #101,PID-1003,Dark Roast Whole Bean 500g,PureBrew,Bag,6,California,Los Angeles,District A,82,16.61,1362.02,782.28,579.74,4.3,True,2024-10-12
Store #107,PID-1008,Sparkling Spring Water 750ml,VitalityFoods,Bottle,12,Florida,Miami,District D,130,2.83,367.9,240.5,127.4,4.5,True,2024-02-26
Store #103,PID-1009,Raw Wildflower Honey 500g,GreenValley,Jar,12,Texas,Austin,District C,105,11.22,1178.1,752.85,425.25,4.3,True,2024-01-29
Store #105,PID-1006,Organic Rolled Oats 1kg,HarvestGold,Bag,10,New York,New York,District A,12,8.06,96.72,55.08,41.64,4.2,True,2024-02-01
Store #110,PID-1001,Organic Almond Milk 1L,NutriFarm,Carton,12,Texas,Houston,District C,92,4.44,408.48,251.16,157.32,5.0,True,2024-11-16
Store #101,PID-1011,Matcha Green Tea Powder 100g,VitalityFoods,Tin,12,California,Los Angeles,District A,68,19.46,1323.28,789.48,533.8,3.9,True,2024-05-05
Store #105,PID-1002,Cold Brew Coffee 330ml,PureBrew,Bottle,24,New York,New York,District A,48,3.8,182.4,109.44,72.96,4.4,True,2024-06-21
Store #110,PID-1009,Raw Wildflower Honey 500g,GreenValley,Jar,12,Texas,Houston,District C,73,10.94,798.62,495.67,302.95,3.8,True,2024-08-03
Store #110,PID-1007,Grass-Fed Whole Milk 1 Gal,AlpineDairy,Jug,6,Texas,Houston,District C,30,6.48,194.4,109.8,84.6,4.6,True,2024-06-14
Store #109,PID-1011,Matcha Green Tea Powder 100g,VitalityFoods,Tin,12,California,San Diego,District A,47,20.22,950.34,574.34,376.0,4.3,True,2024-06-22
Store #102,PID-1009,Raw Wildflower Honey 500g,GreenValley,Jar,12,California,San Francisco,District B,78,11.22,875.16,520.26,354.9,4.5,True,2024-04-19
Store #110,PID-1012,Organic Chia Seeds 500g,NutriFarm,Bag,12,Texas,Houston,District C,29,8.57,248.53,146.74,101.79,4.5,True,2024-02-17
Store #107,PID-1004,Greek Yogurt Plain 450g,AlpineDairy,Tub,12,Florida,Miami,District D,24,5.37,128.88,76.8,52.08,4.8,True,2024-06-26
Store #109,PID-1006,Organic Rolled Oats 1kg,HarvestGold,Bag,10,California,San Diego,District A,111,7.91,878.01,564.99,313.02,4.3,True,2024-04-12
Store #103,PID-1001,Organic Almond Milk 1L,NutriFarm,Carton,12,Texas,Austin,District C,137,4.65,637.05,405.52,231.53,4.1,True,2024-11-17
Store #108,PID-1005,Artisan Sourdough Loaf,HarvestGold,Pack,8,Illinois,Chicago,District B,116,6.77,785.32,517.36,267.96,3.9,True,2024-11-22
Store #108,PID-1003,Dark Roast Whole Bean 500g,PureBrew,Bag,6,Illinois,Chicago,District B,43,16.38,704.34,468.27,236.07,4.8,True,2024-05-03
Store #102,PID-1011,Matcha Green Tea Powder 100g,VitalityFoods,Tin,12,California,San Francisco,District B,110,19.52,2147.2,1273.8,873.4,4.0,True,2024-04-14
Store #104,PID-1007,Grass-Fed Whole Milk 1 Gal,AlpineDairy,Jug,6,Texas,Dallas,District C,34,6.07,206.38,114.24,92.14,4.8,True,2024-05-02
Store #108,PID-1009,Raw Wildflower Honey 500g,GreenValley,Jar,12,Illinois,Chicago,District B,113,11.66,1317.58,732.24,585.34,4.0,True,2024-08-11
Store #105,PID-1005,Artisan Sourdough Loaf,HarvestGold,Pack,8,New York,New York,District A,50,6.58,329.0,183.0,146.0,4.7,True,2024-12-03
Store #101,PID-1002,Cold Brew Coffee 330ml,PureBrew,Bottle,24,California,Los Angeles,District A,81,4.14,335.34,230.04,105.3,4.3,True,2024-06-09
Store #102,PID-1007,Grass-Fed Whole Milk 1 Gal,AlpineDairy,Jug,6,California,San Francisco,District B,65,6.05,393.25,259.35,133.9,4.9,True,2024-03-12
Store #110,PID-1009,Raw Wildflower Honey 500g,GreenValley,Jar,12,Texas,Houston,District C,132,11.93,1574.76,922.68,652.08,3.9,True,2024-05-08
Store #106,PID-1010,Extra Virgin Olive Oil 750ml,GreenValley,Bottle,6,Washington,Seattle,District B,65,19.82,1288.3,750.75,537.55,3.9,True,2024-07-18
Store #105,PID-1008,Sparkling Spring Water 750ml,VitalityFoods,Bottle,12,New York,New York,District A,70,2.89,202.3,112.7,89.6,4.4,True,2024-07-28
Store #102,PID-1006,Organic Rolled Oats 1kg,HarvestGold,Bag,10,California,San Francisco,District B,113,7.97,900.61,528.84,371.77,4.1,True,2024-10-06
Store #103,PID-1006,Organic Rolled Oats 1kg,HarvestGold,Bag,10,Texas,Austin,District C,99,8.25,816.75,451.44,365.31,5.0,True,2024-08-31
Store #101,PID-1012,Organic Chia Seeds 500g,NutriFarm,Bag,12,California,Los Angeles,District A,66,8.28,546.48,331.98,214.5,4.6,True,2024-12-09
Store #102,PID-1009,Raw Wildflower Honey 500g,GreenValley,Jar,12,California,San Francisco,District B,118,11.36,1340.48,920.4,420.08,4.3,True,2024-05-01
Store #105,PID-1005,Artisan Sourdough Loaf,HarvestGold,Pack,8,New York,New York,District A,65,6.36,413.4,280.8,132.6,4.0,True,2024-02-16
Store #106,PID-1011,Matcha Green Tea Powder 100g,VitalityFoods,Tin,12,Washington,Seattle,District B,13,19.54,254.02,142.74,111.28,4.7,True,2024-07-27
Store #107,PID-1006,Organic Rolled Oats 1kg,HarvestGold,Bag,10,Florida,Miami,District D,30,8.25,247.5,162.0,85.5,4.4,True,2024-08-04
Store #110,PID-1012,Organic Chia Seeds 500g,NutriFarm,Bag,12,Texas,Houston,District C,88,8.45,743.6,411.84,331.76,3.9,True,2024-10-07
Store #108,PID-1011,Matcha Green Tea Powder 100g,VitalityFoods,Tin,12,Illinois,Chicago,District B,5,19.79,98.95,63.75,35.2,4.2,False,2024-03-10
Store #103,PID-1004,Greek Yogurt Plain 450g,AlpineDairy,Tub,12,Texas,Austin,District C,38,5.47,207.86,135.66,72.2,4.8,True,2024-09-21
Store #108,PID-1012,Organic Chia Seeds 500g,NutriFarm,Bag,12,Illinois,Chicago,District B,71,8.21,582.91,372.75,210.16,4.2,True,2024-03-09
Store #102,PID-1007,Grass-Fed Whole Milk 1 Gal,AlpineDairy,Jug,6,California,San Francisco,District B,51,6.22,317.22,192.27,124.95,4.8,True,2024-07-07
Store #101,PID-1001,Organic Almond Milk 1L,NutriFarm,Carton,12,California,Los Angeles,District A,63,4.67,294.21,204.75,89.46,4.0,True,2024-10-12
Store #103,PID-1001,Organic Almond Milk 1L,NutriFarm,Carton,12,Texas,Austin,District C,114,4.54,517.56,296.4,221.16,4.9,True,2024-07-24
Store #110,PID-1002,Cold Brew Coffee 330ml,PureBrew,Bottle,24,Texas,Houston,District C,139,3.96,550.44,378.08,172.36,4.3,True,2024-01-08
Store #102,PID-1004,Greek Yogurt Plain 450g,AlpineDairy,Tub,12,California,San Francisco,District B,53,5.53,293.09,197.16,95.93,4.1,True,2024-04-14
Store #107,PID-1003,Dark Roast Whole Bean 500g,PureBrew,Bag,6,Florida,Miami,District D,57,16.15,920.55,643.53,277.02,4.1,True,2024-08-08
Store #107,PID-1003,Dark Roast Whole Bean 500g,PureBrew,Bag,6,Florida,Miami,District D,42,15.24,640.08,445.62,194.46,4.1,True,2024-07-28
Store #104,PID-1006,Organic Rolled Oats 1kg,HarvestGold,Bag,10,Texas,Dallas,District C,122,7.66,934.52,579.5,355.02,4.8,True,2024-10-25
Store #107,PID-1011,Matcha Green Tea Powder 100g,VitalityFoods,Tin,12,Florida,Miami,District D,103,20.41,2102.23,1388.44,713.79,4.1,False,2024-04-18
Store #101,PID-1001,Organic Almond Milk 1L,NutriFarm,Carton,12,California,Los Angeles,District A,65,4.48,291.2,175.5,115.7,4.5,True,2024-06-19
Store #110,PID-1012,Organic Chia Seeds 500g,NutriFarm,Bag,12,Texas,Houston,District C,6,8.28,49.68,31.92,17.76,4.2,True,2024-01-24
Store #106,PID-1003,Dark Roast Whole Bean 500g,PureBrew,Bag,6,Washington,Seattle,District B,15,16.12,241.8,142.5,99.3,4.4,True,2024-10-13
Store #108,PID-1003,Dark Roast Whole Bean 500g,PureBrew,Bag,6,Illinois,Chicago,District B,86,16.33,1404.38,863.44,540.94,4.1,True,2024-02-15
Store #103,PID-1008,Sparkling Spring Water 750ml,VitalityFoods,Bottle,12,Texas,Austin,District C,97,2.91,282.27,166.84,115.43,4.9,True,2024-05-23
Store #105,PID-1009,Raw Wildflower Honey 500g,GreenValley,Jar,12,New York,New York,District A,116,11.94,1385.04,827.08,557.96,5.0,True,2024-06-09
Store #103,PID-1009,Raw Wildflower Honey 500g,GreenValley,Jar,12,Texas,Austin,District C,117,10.98,1284.66,734.76,549.9,4.1,False,2024-12-02
Store #105,PID-1003,Dark Roast Whole Bean 500g,PureBrew,Bag,6,New York,New York,District A,116,15.38,1784.08,1220.32,563.76,4.4,True,2024-08-27
Store #109,PID-1008,Sparkling Spring Water 750ml,VitalityFoods,Bottle,12,California,San Diego,District A,131,2.68,351.08,230.56,120.52,4.0,True,2024-08-22
Store #104,PID-1005,Artisan Sourdough Loaf,HarvestGold,Pack,8,Texas,Dallas,District C,48,6.65,319.2,215.04,104.16,4.5,True,2024-04-02
Store #104,PID-1010,Extra Virgin Olive Oil 750ml,GreenValley,Bottle,6,Texas,Dallas,District C,139,19.5,2710.5,1563.75,1146.75,4.9,True,2024-01-03
Store #108,PID-1011,Matcha Green Tea Powder 100g,VitalityFoods,Tin,12,Illinois,Chicago,District B,89,19.04,1694.56,1105.38,589.18,4.6,True,2024-02-18
Store #110,PID-1002,Cold Brew Coffee 330ml,PureBrew,Bottle,24,Texas,Houston,District C,44,3.8,167.2,103.4,63.8,4.6,True,2024-06-14
Store #105,PID-1010,Extra Virgin Olive Oil 750ml,GreenValley,Bottle,6,New York,New York,District A,6,18.67,112.02,62.34,49.68,4.5,True,2024-12-02
Store #110,PID-1003,Dark Roast Whole Bean 500g,PureBrew,Bag,6,Texas,Houston,District C,17,16.47,279.99,165.92,114.07,4.8,True,2024-04-18
Store #109,PID-1010,Extra Virgin Olive Oil 750ml,GreenValley,Bottle,6,California,San Diego,District A,28,18.8,526.4,303.52,222.88,5.0,True,2024-07-14
Store #102,PID-1001,Organic Almond Milk 1L,NutriFarm,Carton,12,California,San Francisco,District B,46,4.44,204.24,124.66,79.58,4.6,True,2024-04-16
Store #103,PID-1002,Cold Brew Coffee 330ml,PureBrew,Bottle,24,Texas,Austin,District C,130,4.11,534.3,352.3,182.0,4.9,True,2024-06-01
Store #110,PID-1003,Dark Roast Whole Bean 500g,PureBrew,Bag,6,Texas,Houston,District C,29,16.52,479.08,300.44,178.64,4.4,True,2024-07-02
Store #108,PID-1005,Artisan Sourdough Loaf,HarvestGold,Pack,8,Illinois,Chicago,District B,113,6.22,702.86,431.66,271.2,4.2,True,2024-10-15
Store #107,PID-1002,Cold Brew Coffee 330ml,PureBrew,Bottle,24,Florida,Miami,District D,136,3.93,534.48,330.48,204.0,4.1,True,2024-01-21
Store #103,PID-1008,Sparkling Spring Water 750ml,VitalityFoods,Bottle,12,Texas,Austin,District C,139,2.67,371.13,230.74,140.39,3.9,True,2024-09-26
Store #105,PID-1003,Dark Roast Whole Bean 500g,PureBrew,Bag,6,New York,New York,District A,81,16.54,1339.74,841.59,498.15,4.2,False,2024-03-06
Store #102,PID-1001,Organic Almond Milk 1L,NutriFarm,Carton,12,California,San Francisco,District B,32,4.49,143.68,88.0,55.68,4.4,True,2024-09-19
Store #105,PID-1006,Organic Rolled Oats 1kg,HarvestGold,Bag,10,New York,New York,District A,25,8.2,205.0,113.25,91.75,4.7,True,2024-05-10
Store #103,PID-1007,Grass-Fed Whole Milk 1 Gal,AlpineDairy,Jug,6,Texas,Austin,District C,26,6.24,162.24,106.34,55.9,4.2,True,2024-01-24
Store #108,PID-1010,Extra Virgin Olive Oil 750ml,GreenValley,Bottle,6,Illinois,Chicago,District B,92,19.88,1828.96,1244.76,584.2,4.0,True,2024-05-15
Store #110,PID-1005,Artisan Sourdough Loaf,HarvestGold,Pack,8,Texas,Houston,District C,32,6.45,206.4,113.92,92.48,4.3,False,2024-12-10
Store #108,PID-1008,Sparkling Spring Water 750ml,VitalityFoods,Bottle,12,Illinois,Chicago,District B,108,2.89,312.12,217.08,95.04,4.5,True,2024-12-20
Store #110,PID-1010,Extra Virgin Olive Oil 750ml,GreenValley,Bottle,6,Texas,Houston,District C,106,19.57,2074.42,1168.12,906.3,4.0,True,2024-07-03
Store #101,PID-1012,Organic Chia Seeds 500g,NutriFarm,Bag,12,California,Los Angeles,District A,11,8.24,90.64,58.63,32.01,4.6,True,2024-04-06
Store #109,PID-1004,Greek Yogurt Plain 450g,AlpineDairy,Tub,12,California,San Diego,District A,82,5.43,445.26,255.02,190.24,4.3,False,2024-02-14
Store #103,PID-1012,Organic Chia Seeds 500g,NutriFarm,Bag,12,Texas,Austin,District C,118,8.88,1047.84,650.18,397.66,4.8,True,2024-12-25
Store #104,PID-1005,Artisan Sourdough Loaf,HarvestGold,Pack,8,Texas,Dallas,District C,105,6.2,651.0,359.1,291.9,4.6,True,2024-10-18
Store #107,PID-1008,Sparkling Spring Water 750ml,VitalityFoods,Bottle,12,Florida,Miami,District D,79,2.66,210.14,127.98,82.16,4.4,True,2024-10-23
Store #108,PID-1004,Greek Yogurt Plain 450g,AlpineDairy,Tub,12,Illinois,Chicago,District B,140,5.04,705.6,449.4,256.2,4.5,True,2024-02-01
Store #107,PID-1008,Sparkling Spring Water 750ml,VitalityFoods,Bottle,12,Florida,Miami,District D,131,2.82,369.42,238.42,131.0,4.3,True,2024-02-29
Store #103,PID-1005,Artisan Sourdough Loaf,HarvestGold,Pack,8,Texas,Austin,District C,125,6.39,798.75,467.5,331.25,4.1,True,2024-04-08
Store #106,PID-1010,Extra Virgin Olive Oil 750ml,GreenValley,Bottle,6,Washington,Seattle,District B,124,18.29,2267.96,1346.64,921.32,4.7,True,2024-12-02
Store #106,PID-1008,Sparkling Spring Water 750ml,VitalityFoods,Bottle,12,Washington,Seattle,District B,58,2.73,158.34,104.98,53.36,4.6,True,2024-03-23
Store #104,PID-1003,Dark Roast Whole Bean 500g,PureBrew,Bag,6,Texas,Dallas,District C,130,15.35,1995.5,1222.0,773.5,5.0,True,2024-11-06
Store #104,PID-1009,Raw Wildflower Honey 500g,GreenValley,Jar,12,Texas,Dallas,District C,9,11.33,101.97,60.03,41.94,4.6,True,2024-01-25
Store #109,PID-1001,Organic Almond Milk 1L,NutriFarm,Carton,12,California,San Diego,District A,91,4.46,405.86,261.17,144.69,3.9,True,2024-02-02
Store #105,PID-1006,Organic Rolled Oats 1kg,HarvestGold,Bag,10,New York,New York,District A,16,8.21,131.36,83.2,48.16,4.9,True,2024-06-30
Store #109,PID-1010,Extra Virgin Olive Oil 750ml,GreenValley,Bottle,6,California,San Diego,District A,31,19.38,600.78,413.85,186.93,4.3,True,2024-12-08
Store #102,PID-1002,Cold Brew Coffee 330ml,PureBrew,Bottle,24,California,San Francisco,District B,31,4.12,127.72,70.99,56.73,3.9,True,2024-11-08
Store #104,PID-1006,Organic Rolled Oats 1kg,HarvestGold,Bag,10,Texas,Dallas,District C,79,8.16,644.64,428.18,216.46,4.4,True,2024-03-21
Store #103,PID-1011,Matcha Green Tea Powder 100g,VitalityFoods,Tin,12,Texas,Austin,District C,90,20.63,1856.7,1055.7,801.0,4.0,True,2024-07-05
Store #101,PID-1004,Greek Yogurt Plain 450g,AlpineDairy,Tub,12,California,Los Angeles,District A,92,5.18,476.56,274.16,202.4,4.1,True,2024-08-30
Store #107,PID-1006,Organic Rolled Oats 1kg,HarvestGold,Bag,10,Florida,Miami,District D,67,7.71,516.57,342.37,174.2,4.3,True,2024-11-18
Store #107,PID-1007,Grass-Fed Whole Milk 1 Gal,AlpineDairy,Jug,6,Florida,Miami,District D,122,6.57,801.54,502.64,298.9,4.6,True,2024-07-28
Store #108,PID-1003,Dark Roast Whole Bean 500g,PureBrew,Bag,6,Illinois,Chicago,District B,137,16.7,2287.9,1287.8,1000.1,4.2,True,2024-01-06
Store #103,PID-1007,Grass-Fed Whole Milk 1 Gal,AlpineDairy,Jug,6,Texas,Austin,District C,105,6.45,677.25,439.95,237.3,4.6,True,2024-02-01
Store #101,PID-1011,Matcha Green Tea Powder 100g,VitalityFoods,Tin,12,California,Los Angeles,District A,138,20.93,2888.34,1770.54,1117.8,4.9,True,2024-12-04
Store #105,PID-1012,Organic Chia Seeds 500g,NutriFarm,Bag,12,New York,New York,District A,93,8.07,750.51,444.54,305.97,4.4,True,2024-06-09
Store #107,PID-1008,Sparkling Spring Water 750ml,VitalityFoods,Bottle,12,Florida,Miami,District D,57,2.9,165.3,106.59,58.71,4.5,True,2024-11-25
Store #106,PID-1011,Matcha Green Tea Powder 100g,VitalityFoods,Tin,12,Washington,Seattle,District B,55,20.75,1141.25,641.85,499.4,4.4,True,2024-07-26
Store #103,PID-1009,Raw Wildflower Honey 500g,GreenValley,Jar,12,Texas,Austin,District C,77,11.16,859.32,538.23,321.09,4.2,True,2024-10-03
Store #103,PID-1001,Organic Almond Milk 1L,NutriFarm,Carton,12,Texas,Austin,District C,71,4.37,310.27,206.61,103.66,4.7,True,2024-01-15
Store #102,PID-1012,Organic Chia Seeds 500g,NutriFarm,Bag,12,California,San Francisco,District B,100,8.29,829.0,519.0,310.0,3.9,True,2024-01-31
Store #102,PID-1008,Sparkling Spring Water 750ml,VitalityFoods,Bottle,12,California,San Francisco,District B,6,2.78,16.68,11.64,5.04,4.8,True,2024-06-01
Store #110,PID-1012,Organic Chia Seeds 500g,NutriFarm,Bag,12,Texas,Houston,District C,64,8.36,535.04,316.8,218.24,4.7,True,2024-11-17
Store #103,PID-1012,Organic Chia Seeds 500g,NutriFarm,Bag,12,Texas,Austin,District C,138,8.69,1199.22,678.96,520.26,4.4,True,2024-07-12
Store #106,PID-1008,Sparkling Spring Water 750ml,VitalityFoods,Bottle,12,Washington,Seattle,District B,42,2.85,119.7,80.64,39.06,3.9,False,2024-02-20
Store #103,PID-1008,Sparkling Spring Water 750ml,VitalityFoods,Bottle,12,Texas,Austin,District C,119,2.67,317.73,207.06,110.67,4.3,True,2024-04-19
Store #107,PID-1005,Artisan Sourdough Loaf,HarvestGold,Pack,8,Florida,Miami,District D,132,6.58,868.56,607.2,261.36,4.6,True,2024-10-26
Store #107,PID-1003,Dark Roast Whole Bean 500g,PureBrew,Bag,6,Florida,Miami,District D,134,15.39,2062.26,1354.74,707.52,4.0,True,2024-03-14
Store #109,PID-1002,Cold Brew Coffee 330ml,PureBrew,Bottle,24,California,San Diego,District A,59,3.97,234.23,129.8,104.43,4.0,True,2024-12-21
Store #102,PID-1010,Extra Virgin Olive Oil 750ml,GreenValley,Bottle,6,California,San Francisco,District B,33,18.27,602.91,383.46,219.45,3.8,True,2024-07-28
Store #106,PID-1005,Artisan Sourdough Loaf,HarvestGold,Pack,8,Washington,Seattle,District B,82,6.36,521.52,288.64,232.88,4.0,True,2024-07-10
Store #107,PID-1001,Organic Almond Milk 1L,NutriFarm,Carton,12,Florida,Miami,District D,77,4.36,335.72,225.61,110.11,4.4,True,2024-06-05
Store #106,PID-1002,Cold Brew Coffee 330ml,PureBrew,Bottle,24,Washington,Seattle,District B,111,3.98,441.78,263.07,178.71,4.3,True,2024-01-23
Store #107,PID-1008,Sparkling Spring Water 750ml,VitalityFoods,Bottle,12,Florida,Miami,District D,38,2.86,108.68,68.02,40.66,4.4,True,2024-11-06
Store #108,PID-1003,Dark Roast Whole Bean 500g,PureBrew,Bag,6,Illinois,Chicago,District B,27,16.47,444.69,288.9,155.79,4.3,True,2024-06-15
Store #107,PID-1006,Organic Rolled Oats 1kg,HarvestGold,Bag,10,Florida,Miami,District D,16,8.36,133.76,91.36,42.4,4.7,True,2024-10-03
Store #103,PID-1012,Organic Chia Seeds 500g,NutriFarm,Bag,12,Texas,Austin,District C,84,8.54,717.36,408.24,309.12,4.5,True,2024-01-13
Store #110,PID-1009,Raw Wildflower Honey 500g,GreenValley,Jar,12,Texas,Houston,District C,18,12.02,216.36,135.9,80.46,4.7,True,2024-10-22
Store #101,PID-1002,Cold Brew Coffee 330ml,PureBrew,Bottle,24,California,Los Angeles,District A,51,4.17,212.67,125.97,86.7,4.0,True,2024-12-03
Store #110,PID-1008,Sparkling Spring Water 750ml,VitalityFoods,Bottle,12,Texas,Houston,District C,87,2.76,240.12,133.98,106.14,4.8,False,2024-02-13
Store #107,PID-1003,Dark Roast Whole Bean 500g,PureBrew,Bag,6,Florida,Miami,District D,11,16.57,182.27,108.9,73.37,4.1,False,2024-07-31
Store #102,PID-1009,Raw Wildflower Honey 500g,GreenValley,Jar,12,California,San Francisco,District B,78,11.08,864.24,508.56,355.68,3.9,True,2024-03-27
Store #107,PID-1011,Matcha Green Tea Powder 100g,VitalityFoods,Tin,12,Florida,Miami,District D,20,20.22,404.4,242.2,162.2,3.8,False,2024-03-27
Store #107,PID-1002,Cold Brew Coffee 330ml,PureBrew,Bottle,24,Florida,Miami,District D,41,3.96,162.36,97.17,65.19,4.3,True,2024-06-12
Store #102,PID-1001,Organic Almond Milk 1L,NutriFarm,Carton,12,California,San Francisco,District B,66,4.6,303.6,193.38,110.22,4.4,True,2024-04-13
Store #107,PID-1002,Cold Brew Coffee 330ml,PureBrew,Bottle,24,Florida,Miami,District D,20,3.92,78.4,49.6,28.8,3.9,False,2024-05-17
Store #104,PID-1001,Organic Almond Milk 1L,NutriFarm,Carton,12,Texas,Dallas,District C,30,4.38,131.4,83.1,48.3,4.7,True,2024-05-17
Store #107,PID-1008,Sparkling Spring Water 750ml,VitalityFoods,Bottle,12,Florida,Miami,District D,133,2.71,360.43,250.04,110.39,4.2,True,2024-02-12
Store #104,PID-1009,Raw Wildflower Honey 500g,GreenValley,Jar,12,Texas,Dallas,District C,120,10.96,1315.2,883.2,432.0,5.0,True,2024-08-04
Store #103,PID-1001,Organic Almond Milk 1L,NutriFarm,Carton,12,Texas,Austin,District C,128,4.39,561.92,330.24,231.68,4.6,True,2024-01-31
Store #104,PID-1010,Extra Virgin Olive Oil 750ml,GreenValley,Bottle,6,Texas,Dallas,District C,77,18.13,1396.01,922.46,473.55,4.5,True,2024-09-18
Store #107,PID-1012,Organic Chia Seeds 500g,NutriFarm,Bag,12,Florida,Miami,District D,40,8.68,347.2,242.8,104.4,4.9,True,2024-03-03
Store #109,PID-1006,Organic Rolled Oats 1kg,HarvestGold,Bag,10,California,San Diego,District A,92,8.1,745.2,519.8,225.4,4.6,True,2024-12-15
Store #106,PID-1006,Organic Rolled Oats 1kg,HarvestGold,Bag,10,Washington,Seattle,District B,122,8.36,1019.92,611.22,408.7,4.9,True,2024-04-17
Store #101,PID-1010,Extra Virgin Olive Oil 750ml,GreenValley,Bottle,6,California,Los Angeles,District A,6,19.75,118.5,77.16,41.34,4.3,True,2024-08-31
Store #108,PID-1007,Grass-Fed Whole Milk 1 Gal,AlpineDairy,Jug,6,Illinois,Chicago,District B,25,6.47,161.75,104.75,57.0,3.9,False,2024-10-02
Store #108,PID-1011,Matcha Green Tea Powder 100g,VitalityFoods,Tin,12,Illinois,Chicago,District B,95,20.93,1988.35,1205.55,782.8,4.5,True,2024-03-04
Store #101,PID-1002,Cold Brew Coffee 330ml,PureBrew,Bottle,24,California,Los Angeles,District A,99,4.16,411.84,254.43,157.41,4.1,False,2024-08-24
Store #105,PID-1011,Matcha Green Tea Powder 100g,VitalityFoods,Tin,12,New York,New York,District A,54,19.17,1035.18,664.74,370.44,4.2,True,2024-07-02
Store #104,PID-1008,Sparkling Spring Water 750ml,VitalityFoods,Bottle,12,Texas,Dallas,District C,14,2.73,38.22,26.18,12.04,4.6,True,2024-07-04
Store #104,PID-1011,Matcha Green Tea Powder 100g,VitalityFoods,Tin,12,Texas,Dallas,District C,33,20.73,684.09,434.61,249.48,4.4,True,2024-07-21
Store #110,PID-1011,Matcha Green Tea Powder 100g,VitalityFoods,Tin,12,Texas,Houston,District C,49,19.12,936.88,533.12,403.76,3.9,True,2024-12-15
Store #110,PID-1004,Greek Yogurt Plain 450g,AlpineDairy,Tub,12,Texas,Houston,District C,75,5.13,384.75,250.5,134.25,5.0,True,2024-09-24
Store #109,PID-1010,Extra Virgin Olive Oil 750ml,GreenValley,Bottle,6,California,San Diego,District A,121,18.04,2182.84,1340.68,842.16,4.6,True,2024-05-09
Store #106,PID-1007,Grass-Fed Whole Milk 1 Gal,AlpineDairy,Jug,6,Washington,Seattle,District B,75,6.05,453.75,285.0,168.75,4.4,True,2024-07-27
Store #101,PID-1012,Organic Chia Seeds 500g,NutriFarm,Bag,12,California,Los Angeles,District A,17,8.3,141.1,86.53,54.57,4.3,False,2024-04-24
Store #104,PID-1006,Organic Rolled Oats 1kg,HarvestGold,Bag,10,Texas,Dallas,District C,11,8.38,92.18,53.79,38.39,4.6,True,2024-02-11
Store #104,PID-1004,Greek Yogurt Plain 450g,AlpineDairy,Tub,12,Texas,Dallas,District C,89,5.19,461.91,297.26,164.65,3.9,True,2024-03-25
Store #101,PID-1010,Extra Virgin Olive Oil 750ml,GreenValley,Bottle,6,California,Los Angeles,District A,90,19.64,1767.6,1037.7,729.9,4.4,True,2024-11-16
Store #101,PID-1006,Organic Rolled Oats 1kg,HarvestGold,Bag,10,California,Los Angeles,District A,65,8.34,542.1,361.4,180.7,4.5,True,2024-09-23
Store #108,PID-1010,Extra Virgin Olive Oil 750ml,GreenValley,Bottle,6,Illinois,Chicago,District B,26,19.89,517.14,355.42,161.72,4.3,True,2024-03-04
Store #102,PID-1003,Dark Roast Whole Bean 500g,PureBrew,Bag,6,California,San Francisco,District B,118,15.28,1803.04,1156.4,646.64,4.3,False,2024-02-01
Store #101,PID-1009,Raw Wildflower Honey 500g,GreenValley,Jar,12,California,Los Angeles,District A,80,11.89,951.2,580.8,370.4,4.5,True,2024-01-27
Store #110,PID-1011,Matcha Green Tea Powder 100g,VitalityFoods,Tin,12,Texas,Houston,District C,7,19.9,139.3,86.31,52.99,4.3,True,2024-11-15
Store #102,PID-1006,Organic Rolled Oats 1kg,HarvestGold,Bag,10,California,San Francisco,District B,11,7.95,87.45,52.36,35.09,4.0,False,2024-11-29
Store #110,PID-1012,Organic Chia Seeds 500g,NutriFarm,Bag,12,Texas,Houston,District C,54,8.83,476.82,271.08,205.74,4.4,True,2024-02-04
Store #108,PID-1012,Organic Chia Seeds 500g,NutriFarm,Bag,12,Illinois,Chicago,District B,118,8.22,969.96,553.42,416.54,3.9,True,2024-11-13
Store #110,PID-1007,Grass-Fed Whole Milk 1 Gal,AlpineDairy,Jug,6,Texas,Houston,District C,96,6.17,592.32,404.16,188.16,4.7,True,2024-09-19
Store #105,PID-1010,Extra Virgin Olive Oil 750ml,GreenValley,Bottle,6,New York,New York,District A,79,18.74,1480.46,816.07,664.39,4.5,True,2024-06-24
Store #101,PID-1004,Greek Yogurt Plain 450g,AlpineDairy,Tub,12,California,Los Angeles,District A,18,5.25,94.5,54.72,39.78,4.0,True,2024-09-16
Store #102,PID-1006,Organic Rolled Oats 1kg,HarvestGold,Bag,10,California,San Francisco,District B,126,8.15,1026.9,715.68,311.22,4.5,True,2024-04-06
Store #110,PID-1010,Extra Virgin Olive Oil 750ml,GreenValley,Bottle,6,Texas,Houston,District C,81,18.84,1526.04,876.42,649.62,4.3,True,2024-06-20
Store #101,PID-1008,Sparkling Spring Water 750ml,VitalityFoods,Bottle,12,California,Los Angeles,District A,5,2.83,14.15,9.25,4.9,4.4,True,2024-04-22
Store #108,PID-1012,Organic Chia Seeds 500g,NutriFarm,Bag,12,Illinois,Chicago,District B,101,8.24,832.24,480.76,351.48,5.0,True,2024-06-18
Store #102,PID-1006,Organic Rolled Oats 1kg,HarvestGold,Bag,10,California,San Francisco,District B,34,7.7,261.8,161.16,100.64,4.6,True,2024-01-16
Store #106,PID-1001,Organic Almond Milk 1L,NutriFarm,Carton,12,Washington,Seattle,District B,55,4.35,239.25,138.05,101.2,4.9,True,2024-01-16
Store #106,PID-1009,Raw Wildflower Honey 500g,GreenValley,Jar,12,Washington,Seattle,District B,50,11.14,557.0,321.0,236.0,4.1,False,2024-05-05
Store #103,PID-1007,Grass-Fed Whole Milk 1 Gal,AlpineDairy,Jug,6,Texas,Austin,District C,33,6.19,204.27,118.8,85.47,4.3,True,2024-12-01
Store #106,PID-1011,Matcha Green Tea Powder 100g,VitalityFoods,Tin,12,Washington,Seattle,District B,139,20.94,2910.66,2036.35,874.31,4.9,True,2024-03-28
Store #102,PID-1002,Cold Brew Coffee 330ml,PureBrew,Bottle,24,California,San Francisco,District B,38,4.11,156.18,90.44,65.74,4.3,True,2024-03-14
Store #110,PID-1007,Grass-Fed Whole Milk 1 Gal,AlpineDairy,Jug,6,Texas,Houston,District C,67,6.55,438.85,291.45,147.4,4.5,True,2024-11-21
Store #105,PID-1003,Dark Roast Whole Bean 500g,PureBrew,Bag,6,New York,New York,District A,68,15.28,1039.04,695.64,343.4,4.8,True,2024-06-16
Store #110,PID-1008,Sparkling Spring Water 750ml,VitalityFoods,Bottle,12,Texas,Houston,District C,25,2.87,71.75,48.0,23.75,4.5,True,2024-04-17
Store #107,PID-1011,Matcha Green Tea Powder 100g,VitalityFoods,Tin,12,Florida,Miami,District D,100,19.99,1999.0,1239.0,760.0,4.2,True,2024-09-17
Store #108,PID-1012,Organic Chia Seeds 500g,NutriFarm,Bag,12,Illinois,Chicago,District B,126,8.29,1044.54,637.56,406.98,4.9,True,2024-09-10
Store #101,PID-1004,Greek Yogurt Plain 450g,AlpineDairy,Tub,12,California,Los Angeles,District A,56,5.26,294.56,172.48,122.08,4.1,True,2024-04-22
Store #107,PID-1010,Extra Virgin Olive Oil 750ml,GreenValley,Bottle,6,Florida,Miami,District D,100,18.52,1852.0,1042.0,810.0,4.7,True,2024-03-21
Store #109,PID-1006,Organic Rolled Oats 1kg,HarvestGold,Bag,10,California,San Diego,District A,15,7.96,119.4,76.8,42.6,4.3,True,2024-04-27
Store #107,PID-1006,Organic Rolled Oats 1kg,HarvestGold,Bag,10,Florida,Miami,District D,86,7.81,671.66,371.52,300.14,4.3,True,2024-09-11
Store #102,PID-1006,Organic Rolled Oats 1kg,HarvestGold,Bag,10,California,San Francisco,District B,80,8.26,660.8,414.4,246.4,4.6,True,2024-02-12
Store #104,PID-1002,Cold Brew Coffee 330ml,PureBrew,Bottle,24,Texas,Dallas,District C,23,3.93,90.39,57.04,33.35,4.2,True,2024-03-01
Store #105,PID-1005,Artisan Sourdough Loaf,HarvestGold,Pack,8,New York,New York,District A,75,6.29,471.75,302.25,169.5,4.0,True,2024-12-15
Store #109,PID-1005,Artisan Sourdough Loaf,HarvestGold,Pack,8,California,San Diego,District A,81,6.35,514.35,309.42,204.93,5.0,True,2024-01-05
Store #110,PID-1011,Matcha Green Tea Powder 100g,VitalityFoods,Tin,12,Texas,Houston,District C,125,20.3,2537.5,1772.5,765.0,4.9,True,2024-01-07
Store #104,PID-1004,Greek Yogurt Plain 450g,AlpineDairy,Tub,12,Texas,Dallas,District C,126,5.15,648.9,414.54,234.36,4.5,True,2024-04-17
Store #108,PID-1006,Organic Rolled Oats 1kg,HarvestGold,Bag,10,Illinois,Chicago,District B,85,8.27,702.95,431.8,271.15,4.9,True,2024-02-13
Store #108,PID-1008,Sparkling Spring Water 750ml,VitalityFoods,Bottle,12,Illinois,Chicago,District B,12,2.76,33.12,21.12,12.0,4.0,True,2024-10-12
Store #101,PID-1008,Sparkling Spring Water 750ml,VitalityFoods,Bottle,12,California,Los Angeles,District A,95,2.75,261.25,160.55,100.7,4.6,True,2024-12-03
Store #109,PID-1005,Artisan Sourdough Loaf,HarvestGold,Pack,8,California,San Diego,District A,10,6.53,65.3,36.2,29.1,4.0,True,2024-06-15
Store #106,PID-1010,Extra Virgin Olive Oil 750ml,GreenValley,Bottle,6,Washington,Seattle,District B,105,19.9,2089.5,1212.75,876.75,4.3,True,2024-11-18
Store #104,PID-1008,Sparkling Spring Water 750ml,VitalityFoods,Bottle,12,Texas,Dallas,District C,89,2.81,250.09,154.86,95.23,4.9,False,2024-02-25
Store #102,PID-1011,Matcha Green Tea Powder 100g,VitalityFoods,Tin,12,California,San Francisco,District B,50,19.05,952.5,622.5,330.0,4.4,True,2024-10-10
Store #102,PID-1007,Grass-Fed Whole Milk 1 Gal,AlpineDairy,Jug,6,California,San Francisco,District B,57,6.12,348.84,226.29,122.55,3.9,False,2024-05-25
Store #109,PID-1001,Organic Almond Milk 1L,NutriFarm,Carton,12,California,San Diego,District A,88,4.65,409.2,249.92,159.28,4.0,False,2024-03-28
Store #109,PID-1007,Grass-Fed Whole Milk 1 Gal,AlpineDairy,Jug,6,California,San Diego,District A,22,6.22,136.84,93.72,43.12,4.0,True,2024-09-01
Store #105,PID-1007,Grass-Fed Whole Milk 1 Gal,AlpineDairy,Jug,6,New York,New York,District A,126,6.08,766.08,487.62,278.46,4.2,True,2024-12-06
Store #108,PID-1005,Artisan Sourdough Loaf,HarvestGold,Pack,8,Illinois,Chicago,District B,6,6.81,40.86,25.2,15.66,4.8,True,2024-04-13
Store #104,PID-1009,Raw Wildflower Honey 500g,GreenValley,Jar,12,Texas,Dallas,District C,130,11.44,1487.2,946.4,540.8,4.7,True,2024-06-17
Store #108,PID-1006,Organic Rolled Oats 1kg,HarvestGold,Bag,10,Illinois,Chicago,District B,81,7.9,639.9,430.92,208.98,4.8,True,2024-12-24
Store #103,PID-1010,Extra Virgin Olive Oil 750ml,GreenValley,Bottle,6,Texas,Austin,District C,122,18.77,2289.94,1485.96,803.98,4.6,False,2024-08-09
Store #101,PID-1004,Greek Yogurt Plain 450g,AlpineDairy,Tub,12,California,Los Angeles,District A,75,5.49,411.75,259.5,152.25,4.6,False,2024-03-21
Store #104,PID-1008,Sparkling Spring Water 750ml,VitalityFoods,Bottle,12,Texas,Dallas,District C,36,2.93,105.48,59.4,46.08,3.9,True,2024-07-29
Store #106,PID-1007,Grass-Fed Whole Milk 1 Gal,AlpineDairy,Jug,6,Washington,Seattle,District B,47,6.13,288.11,180.48,107.63,4.4,False,2024-08-18
Store #108,PID-1007,Grass-Fed Whole Milk 1 Gal,AlpineDairy,Jug,6,Illinois,Chicago,District B,107,6.51,696.57,424.79,271.78,3.8,False,2024-06-24
Store #103,PID-1006,Organic Rolled Oats 1kg,HarvestGold,Bag,10,Texas,Austin,District C,123,7.98,981.54,549.81,431.73,4.5,True,2024-12-09
Store #108,PID-1003,Dark Roast Whole Bean 500g,PureBrew,Bag,6,Illinois,Chicago,District B,76,16.54,1257.04,723.52,533.52,3.8,False,2024-08-29
Store #105,PID-1002,Cold Brew Coffee 330ml,PureBrew,Bottle,24,New York,New York,District A,105,3.86,405.3,263.55,141.75,3.8,True,2024-09-30
Store #108,PID-1006,Organic Rolled Oats 1kg,HarvestGold,Bag,10,Illinois,Chicago,District B,60,8.16,489.6,334.8,154.8,4.4,True,2024-04-01
Store #101,PID-1011,Matcha Green Tea Powder 100g,VitalityFoods,Tin,12,California,Los Angeles,District A,31,19.77,612.87,365.49,247.38,3.9,False,2024-09-24
Store #107,PID-1004,Greek Yogurt Plain 450g,AlpineDairy,Tub,12,Florida,Miami,District D,100,5.51,551.0,320.0,231.0,3.8,False,2024-05-07
Store #101,PID-1006,Organic Rolled Oats 1kg,HarvestGold,Bag,10,California,Los Angeles,District A,21,7.77,163.17,111.3,51.87,4.8,True,2024-04-08
Store #103,PID-1012,Organic Chia Seeds 500g,NutriFarm,Bag,12,Texas,Austin,District C,16,8.42,134.72,76.32,58.4,4.2,True,2024-03-26
Store #104,PID-1010,Extra Virgin Olive Oil 750ml,GreenValley,Bottle,6,Texas,Dallas,District C,106,19.82,2100.92,1193.56,907.36,4.1,True,2024-04-16
Store #103,PID-1001,Organic Almond Milk 1L,NutriFarm,Carton,12,Texas,Austin,District C,85,4.27,362.95,210.8,152.15,4.1,True,2024-07-24
Store #105,PID-1011,Matcha Green Tea Powder 100g,VitalityFoods,Tin,12,New York,New York,District A,99,19.08,1888.92,1289.97,598.95,4.3,True,2024-11-15
Store #108,PID-1002,Cold Brew Coffee 330ml,PureBrew,Bottle,24,Illinois,Chicago,District B,48,3.89,186.72,105.12,81.6,4.2,True,2024-10-01
Store #107,PID-1011,Matcha Green Tea Powder 100g,VitalityFoods,Tin,12,Florida,Miami,District D,39,19.65,766.35,494.52,271.83,4.9,True,2024-12-21
Store #108,PID-1002,Cold Brew Coffee 330ml,PureBrew,Bottle,24,Illinois,Chicago,District B,9,4.03,36.27,23.13,13.14,4.3,True,2024-06-20
Store #104,PID-1009,Raw Wildflower Honey 500g,GreenValley,Jar,12,Texas,Dallas,District C,8,11.18,89.44,57.44,32.0,4.9,True,2024-10-27
Store #107,PID-1004,Greek Yogurt Plain 450g,AlpineDairy,Tub,12,Florida,Miami,District D,25,5.06,126.5,76.75,49.75,4.2,True,2024-11-13
Store #104,PID-1011,Matcha Green Tea Powder 100g,VitalityFoods,Tin,12,Texas,Dallas,District C,65,20.84,1354.6,866.45,488.15,4.9,True,2024-01-20
Store #106,PID-1003,Dark Roast Whole Bean 500g,PureBrew,Bag,6,Washington,Seattle,District B,86,16.22,1394.92,926.22,468.7,4.4,True,2024-05-22
Store #105,PID-1001,Organic Almond Milk 1L,NutriFarm,Carton,12,New York,New York,District A,89,4.42,393.38,228.73,164.65,3.9,True,2024-04-27
Store #104,PID-1011,Matcha Green Tea Powder 100g,VitalityFoods,Tin,12,Texas,Dallas,District C,61,20.21,1232.81,748.47,484.34,4.2,True,2024-12-22
Store #101,PID-1002,Cold Brew Coffee 330ml,PureBrew,Bottle,24,California,Los Angeles,District A,22,4.17,91.74,51.26,40.48,5.0,True,2024-09-08
Store #103,PID-1002,Cold Brew Coffee 330ml,PureBrew,Bottle,24,Texas,Austin,District C,57,3.88,221.16,124.26,96.9,4.7,True,2024-03-29
Store #104,PID-1004,Greek Yogurt Plain 450g,AlpineDairy,Tub,12,Texas,Dallas,District C,50,5.35,267.5,159.5,108.0,4.5,True,2024-08-05
Store #104,PID-1005,Artisan Sourdough Loaf,HarvestGold,Pack,8,Texas,Dallas,District C,25,6.78,169.5,102.25,67.25,4.3,True,2024-09-03
Store #107,PID-1009,Raw Wildflower Honey 500g,GreenValley,Jar,12,Florida,Miami,District D,115,11.79,1355.85,911.95,443.9,4.8,False,2024-11-08
Store #107,PID-1007,Grass-Fed Whole Milk 1 Gal,AlpineDairy,Jug,6,Florida,Miami,District D,81,6.35,514.35,294.84,219.51,4.7,True,2024-02-12
Store #108,PID-1005,Artisan Sourdough Loaf,HarvestGold,Pack,8,Illinois,Chicago,District B,77,6.41,493.57,316.47,177.1,3.9,True,2024-08-20
Store #108,PID-1004,Greek Yogurt Plain 450g,AlpineDairy,Tub,12,Illinois,Chicago,District B,53,5.03,266.59,181.26,85.33,4.7,True,2024-03-20
Store #107,PID-1007,Grass-Fed Whole Milk 1 Gal,AlpineDairy,Jug,6,Florida,Miami,District D,100,6.22,622.0,371.0,251.0,5.0,False,2024-07-21
Store #101,PID-1002,Cold Brew Coffee 330ml,PureBrew,Bottle,24,California,Los Angeles,District A,46,3.87,178.02,109.48,68.54,4.1,True,2024-07-16
Store #106,PID-1009,Raw Wildflower Honey 500g,GreenValley,Jar,12,Washington,Seattle,District B,99,11.72,1160.28,751.41,408.87,4.9,True,2024-09-07
Store #104,PID-1008,Sparkling Spring Water 750ml,VitalityFoods,Bottle,12,Texas,Dallas,District C,97,2.83,274.51,178.48,96.03,4.6,True,2024-01-18
Store #105,PID-1010,Extra Virgin Olive Oil 750ml,GreenValley,Bottle,6,New York,New York,District A,42,18.52,777.84,498.12,279.72,4.9,True,2024-08-21
Store #101,PID-1002,Cold Brew Coffee 330ml,PureBrew,Bottle,24,California,Los Angeles,District A,103,3.95,406.85,259.56,147.29,4.9,True,2024-02-17
Store #104,PID-1007,Grass-Fed Whole Milk 1 Gal,AlpineDairy,Jug,6,Texas,Dallas,District C,114,6.13,698.82,416.1,282.72,5.0,True,2024-03-25
Store #107,PID-1010,Extra Virgin Olive Oil 750ml,GreenValley,Bottle,6,Florida,Miami,District D,110,19.47,2141.7,1475.1,666.6,4.8,False,2024-06-06
Store #110,PID-1006,Organic Rolled Oats 1kg,HarvestGold,Bag,10,Texas,Houston,District C,73,8.19,597.87,412.45,185.42,4.3,True,2024-03-14
Store #103,PID-1008,Sparkling Spring Water 750ml,VitalityFoods,Bottle,12,Texas,Austin,District C,29,2.67,77.43,50.75,26.68,4.4,True,2024-01-01
Store #107,PID-1003,Dark Roast Whole Bean 500g,PureBrew,Bag,6,Florida,Miami,District D,100,15.49,1549.0,883.0,666.0,4.4,True,2024-03-31
Store #102,PID-1008,Sparkling Spring Water 750ml,VitalityFoods,Bottle,12,California,San Francisco,District B,59,2.7,159.3,89.09,70.21,4.0,True,2024-10-17
Store #105,PID-1007,Grass-Fed Whole Milk 1 Gal,AlpineDairy,Jug,6,New York,New York,District A,32,6.52,208.64,120.0,88.64,4.2,True,2024-08-13
Store #105,PID-1002,Cold Brew Coffee 330ml,PureBrew,Bottle,24,New York,New York,District A,12,4.02,48.24,30.0,18.24,4.6,False,2024-06-24
Store #101,PID-1005,Artisan Sourdough Loaf,HarvestGold,Pack,8,California,Los Angeles,District A,15,6.23,93.45,58.65,34.8,3.8,True,2024-01-04
Store #105,PID-1008,Sparkling Spring Water 750ml,VitalityFoods,Bottle,12,New York,New York,District A,91,2.82,256.62,153.79,102.83,4.6,True,2024-08-30
Store #106,PID-1004,Greek Yogurt Plain 450g,AlpineDairy,Tub,12,Washington,Seattle,District B,107,5.23,559.61,312.44,247.17,4.2,True,2024-07-03
Store #102,PID-1001,Organic Almond Milk 1L,NutriFarm,Carton,12,California,San Francisco,District B,107,4.59,491.13,335.98,155.15,4.0,True,2024-08-21
Store #109,PID-1005,Artisan Sourdough Loaf,HarvestGold,Pack,8,California,San Diego,District A,68,6.4,435.2,279.48,155.72,4.6,True,2024-12-24
Store #107,PID-1011,Matcha Green Tea Powder 100g,VitalityFoods,Tin,12,Florida,Miami,District D,5,20.96,104.8,72.7,32.1,4.8,False,2024-04-06
Store #106,PID-1001,Organic Almond Milk 1L,NutriFarm,Carton,12,Washington,Seattle,District B,118,4.37,515.66,320.96,194.7,4.7,True,2024-06-15
Store #106,PID-1007,Grass-Fed Whole Milk 1 Gal,AlpineDairy,Jug,6,Washington,Seattle,District B,30,6.44,193.2,114.9,78.3,4.0,True,2024-08-31
Store #109,PID-1010,Extra Virgin Olive Oil 750ml,GreenValley,Bottle,6,California,San Diego,District A,13,18.28,237.64,159.12,78.52,4.2,True,2024-09-15
Store #109,PID-1008,Sparkling Spring Water 750ml,VitalityFoods,Bottle,12,California,San Diego,District A,119,2.92,347.48,216.58,130.9,4.4,True,2024-03-27
Store #103,PID-1011,Matcha Green Tea Powder 100g,VitalityFoods,Tin,12,Texas,Austin,District C,27,19.2,518.4,362.34,156.06,3.8,True,2024-12-24
Store #106,PID-1007,Grass-Fed Whole Milk 1 Gal,AlpineDairy,Jug,6,Washington,Seattle,District B,61,6.43,392.23,254.98,137.25,4.9,True,2024-05-23
Store #103,PID-1009,Raw Wildflower Honey 500g,GreenValley,Jar,12,Texas,Austin,District C,130,11.02,1432.6,936.0,496.6,4.8,True,2024-11-20
Store #110,PID-1002,Cold Brew Coffee 330ml,PureBrew,Bottle,24,Texas,Houston,District C,92,3.94,362.48,238.28,124.2,4.7,True,2024-11-25
Store #109,PID-1007,Grass-Fed Whole Milk 1 Gal,AlpineDairy,Jug,6,California,San Diego,District A,62,6.14,380.68,225.68,155.0,3.9,True,2024-04-29
Store #110,PID-1004,Greek Yogurt Plain 450g,AlpineDairy,Tub,12,Texas,Houston,District C,99,5.09,503.91,300.96,202.95,4.3,True,2024-02-29
Store #105,PID-1001,Organic Almond Milk 1L,NutriFarm,Carton,12,New York,New York,District A,53,4.65,246.45,171.72,74.73,4.2,True,2024-10-29
Store #103,PID-1009,Raw Wildflower Honey 500g,GreenValley,Jar,12,Texas,Austin,District C,61,11.04,673.44,371.49,301.95,4.8,True,2024-12-05
Store #105,PID-1004,Greek Yogurt Plain 450g,AlpineDairy,Tub,12,New York,New York,District A,121,5.1,617.1,365.42,251.68,4.7,True,2024-09-12
Store #101,PID-1010,Extra Virgin Olive Oil 750ml,GreenValley,Bottle,6,California,Los Angeles,District A,84,18.99,1595.16,1042.44,552.72,4.1,True,2024-06-12
Store #110,PID-1008,Sparkling Spring Water 750ml,VitalityFoods,Bottle,12,Texas,Houston,District C,60,2.79,167.4,109.8,57.6,4.3,True,2024-11-19
Store #106,PID-1003,Dark Roast Whole Bean 500g,PureBrew,Bag,6,Washington,Seattle,District B,62,16.31,1011.22,564.2,447.02,4.8,True,2024-04-17
Store #108,PID-1012,Organic Chia Seeds 500g,NutriFarm,Bag,12,Illinois,Chicago,District B,81,8.9,720.9,468.18,252.72,4.8,True,2024-07-19
Store #109,PID-1007,Grass-Fed Whole Milk 1 Gal,AlpineDairy,Jug,6,California,San Diego,District A,113,6.4,723.2,505.11,218.09,4.7,True,2024-06-21
Store #109,PID-1012,Organic Chia Seeds 500g,NutriFarm,Bag,12,California,San Diego,District A,77,8.66,666.82,386.54,280.28,4.8,True,2024-05-24
Store #103,PID-1006,Organic Rolled Oats 1kg,HarvestGold,Bag,10,Texas,Austin,District C,18,8.27,148.86,97.74,51.12,4.3,True,2024-10-24
Store #103,PID-1008,Sparkling Spring Water 750ml,VitalityFoods,Bottle,12,Texas,Austin,District C,128,2.73,349.44,199.68,149.76,4.1,True,2024-12-22
Store #101,PID-1006,Organic Rolled Oats 1kg,HarvestGold,Bag,10,California,Los Angeles,District A,31,8.13,252.03,176.08,75.95,4.0,True,2024-10-21
Store #107,PID-1011,Matcha Green Tea Powder 100g,VitalityFoods,Tin,12,Florida,Miami,District D,19,19.18,364.42,253.65,110.77,4.0,False,2024-03-27
Store #109,PID-1011,Matcha Green Tea Powder 100g,VitalityFoods,Tin,12,California,San Diego,District A,116,20.93,2427.88,1563.68,864.2,4.3,False,2024-06-22
Store #104,PID-1007,Grass-Fed Whole Milk 1 Gal,AlpineDairy,Jug,6,Texas,Dallas,District C,82,6.41,525.62,364.08,161.54,4.6,True,2024-09-07
Store #102,PID-1008,Sparkling Spring Water 750ml,VitalityFoods,Bottle,12,California,San Francisco,District B,102,2.73,278.46,180.54,97.92,4.2,True,2024-11-28
Store #102,PID-1002,Cold Brew Coffee 330ml,PureBrew,Bottle,24,California,San Francisco,District B,135,3.88,523.8,334.8,189.0,5.0,True,2024-09-07
Store #102,PID-1010,Extra Virgin Olive Oil 750ml,GreenValley,Bottle,6,California,San Francisco,District B,103,18.96,1952.88,1262.78,690.1,4.3,True,2024-04-02
Store #102,PID-1006,Organic Rolled Oats 1kg,HarvestGold,Bag,10,California,San Francisco,District B,52,7.91,411.32,269.36,141.96,4.3,True,2024-02-02
Store #109,PID-1008,Sparkling Spring Water 750ml,VitalityFoods,Bottle,12,California,San Diego,District A,137,2.88,394.56,249.34,145.22,4.8,True,2024-02-02
Store #104,PID-1011,Matcha Green Tea Powder 100g,VitalityFoods,Tin,12,Texas,Dallas,District C,51,20.71,1056.21,691.05,365.16,3.8,True,2024-03-01
Store #106,PID-1002,Cold Brew Coffee 330ml,PureBrew,Bottle,24,Washington,Seattle,District B,37,4.02,148.74,96.2,52.54,3.9,True,2024-01-21
Store #101,PID-1002,Cold Brew Coffee 330ml,PureBrew,Bottle,24,California,Los Angeles,District A,134,3.91,523.94,364.48,159.46,4.0,True,2024-03-04
Store #101,PID-1004,Greek Yogurt Plain 450g,AlpineDairy,Tub,12,California,Los Angeles,District A,16,5.53,88.48,55.52,32.96,4.7,True,2024-06-02
Store #108,PID-1003,Dark Roast Whole Bean 500g,PureBrew,Bag,6,Illinois,Chicago,District B,130,16.3,2119.0,1331.2,787.8,5.0,True,2024-10-22
Store #109,PID-1009,Raw Wildflower Honey 500g,GreenValley,Jar,12,California,San Diego,District A,30,11.68,350.4,195.0,155.4,3.8,True,2024-04-17
Store #104,PID-1003,Dark Roast Whole Bean 500g,PureBrew,Bag,6,Texas,Dallas,District C,60,16.14,968.4,573.0,395.4,4.7,True,2024-11-04
Store #109,PID-1005,Artisan Sourdough Loaf,HarvestGold,Pack,8,California,San Diego,District A,102,6.59,672.18,386.58,285.6,4.3,True,2024-05-13
Store #107,PID-1012,Organic Chia Seeds 500g,NutriFarm,Bag,12,Florida,Miami,District D,57,8.13,463.41,305.52,157.89,5.0,True,2024-03-14
Store #104,PID-1012,Organic Chia Seeds 500g,NutriFarm,Bag,12,Texas,Dallas,District C,135,8.58,1158.3,710.1,448.2,4.0,True,2024-07-09
Store #107,PID-1007,Grass-Fed Whole Milk 1 Gal,AlpineDairy,Jug,6,Florida,Miami,District D,68,6.02,409.36,232.56,176.8,3.9,True,2024-01-14
Store #102,PID-1006,Organic Rolled Oats 1kg,HarvestGold,Bag,10,California,San Francisco,District B,27,7.88,212.76,127.71,85.05,4.1,True,2024-11-23
Store #104,PID-1005,Artisan Sourdough Loaf,HarvestGold,Pack,8,Texas,Dallas,District C,30,6.41,192.3,133.8,58.5,4.3,False,2024-01-06
Store #102,PID-1003,Dark Roast Whole Bean 500g,PureBrew,Bag,6,California,San Francisco,District B,83,16.13,1338.79,898.06,440.73,3.9,True,2024-09-26
Store #110,PID-1005,Artisan Sourdough Loaf,HarvestGold,Pack,8,Texas,Houston,District C,74,6.56,485.44,332.26,153.18,4.0,True,2024-10-09
Store #107,PID-1003,Dark Roast Whole Bean 500g,PureBrew,Bag,6,Florida,Miami,District D,108,15.95,1722.6,980.64,741.96,3.8,True,2024-06-25
Store #103,PID-1011,Matcha Green Tea Powder 100g,VitalityFoods,Tin,12,Texas,Austin,District C,41,19.75,809.75,534.64,275.11,3.9,True,2024-03-05
Store #106,PID-1012,Organic Chia Seeds 500g,NutriFarm,Bag,12,Washington,Seattle,District B,112,8.67,971.04,561.12,409.92,5.0,True,2024-05-07
Store #109,PID-1005,Artisan Sourdough Loaf,HarvestGold,Pack,8,California,San Diego,District A,114,6.5,741.0,487.92,253.08,4.9,True,2024-05-21
Store #102,PID-1005,Artisan Sourdough Loaf,HarvestGold,Pack,8,California,San Francisco,District B,85,6.71,570.35,368.05,202.3,3.9,True,2024-07-27
Store #102,PID-1003,Dark Roast Whole Bean 500g,PureBrew,Bag,6,California,San Francisco,District B,19,15.33,291.27,172.71,118.56,4.9,True,2024-10-21
Store #101,PID-1007,Grass-Fed Whole Milk 1 Gal,AlpineDairy,Jug,6,California,Los Angeles,District A,135,6.56,885.6,504.9,380.7,4.4,True,2024-12-12
Store #109,PID-1012,Organic Chia Seeds 500g,NutriFarm,Bag,12,California,San Diego,District A,108,8.08,872.64,504.36,368.28,4.8,False,2024-03-04
Store #107,PID-1012,Organic Chia Seeds 500g,NutriFarm,Bag,12,Florida,Miami,District D,93,8.27,769.11,508.71,260.4,4.9,True,2024-09-30
Store #109,PID-1011,Matcha Green Tea Powder 100g,VitalityFoods,Tin,12,California,San Diego,District A,15,20.2,303.0,210.45,92.55,4.6,True,2024-11-07
Store #109,PID-1004,Greek Yogurt Plain 450g,AlpineDairy,Tub,12,California,San Diego,District A,24,5.22,125.28,71.52,53.76,4.2,False,2024-03-30
Store #108,PID-1007,Grass-Fed Whole Milk 1 Gal,AlpineDairy,Jug,6,Illinois,Chicago,District B,100,6.59,659.0,396.0,263.0,4.6,True,2024-03-28
Store #102,PID-1005,Artisan Sourdough Loaf,HarvestGold,Pack,8,California,San Francisco,District B,128,6.36,814.08,473.6,340.48,4.7,True,2024-06-02
Store #104,PID-1005,Artisan Sourdough Loaf,HarvestGold,Pack,8,Texas,Dallas,District C,136,6.7,911.2,505.92,405.28,4.4,True,2024-11-25
Store #108,PID-1001,Organic Almond Milk 1L,NutriFarm,Carton,12,Illinois,Chicago,District B,6,4.54,27.24,16.32,10.92,4.2,False,2024-07-01
Store #103,PID-1007,Grass-Fed Whole Milk 1 Gal,AlpineDairy,Jug,6,Texas,Austin,District C,7,6.04,42.28,26.39,15.89,3.9,True,2024-06-30
Store #103,PID-1007,Grass-Fed Whole Milk 1 Gal,AlpineDairy,Jug,6,Texas,Austin,District C,129,5.98,771.42,513.42,258.0,4.1,True,2024-03-04
Store #106,PID-1005,Artisan Sourdough Loaf,HarvestGold,Pack,8,Washington,Seattle,District B,114,6.74,768.36,484.5,283.86,4.1,True,2024-07-05
Store #108,PID-1003,Dark Roast Whole Bean 500g,PureBrew,Bag,6,Illinois,Chicago,District B,95,16.39,1557.05,857.85,699.2,4.9,True,2024-03-12
Store #102,PID-1004,Greek Yogurt Plain 450g,AlpineDairy,Tub,12,California,San Francisco,District B,15,5.1,76.5,46.95,29.55,4.2,False,2024-05-25
Store #104,PID-1008,Sparkling Spring Water 750ml,VitalityFoods,Bottle,12,Texas,Dallas,District C,73,2.68,195.64,121.91,73.73,4.4,True,2024-12-06
Store #103,PID-1006,Organic Rolled Oats 1kg,HarvestGold,Bag,10,Texas,Austin,District C,133,8.17,1086.61,718.2,368.41,4.8,True,2024-07-23
Store #102,PID-1001,Organic Almond Milk 1L,NutriFarm,Carton,12,California,San Francisco,District B,44,4.42,194.48,107.36,87.12,4.6,False,2024-03-05
Store #106,PID-1007,Grass-Fed Whole Milk 1 Gal,AlpineDairy,Jug,6,Washington,Seattle,District B,7,6.25,43.75,25.97,17.78,4.4,True,2024-11-01
Store #104,PID-1010,Extra Virgin Olive Oil 750ml,GreenValley,Bottle,6,Texas,Dallas,District C,135,18.4,2484.0,1471.5,1012.5,3.9,True,2024-03-19
Store #104,PID-1011,Matcha Green Tea Powder 100g,VitalityFoods,Tin,12,Texas,Dallas,District C,55,19.94,1096.7,732.05,364.65,3.9,True,2024-08-07
Store #110,PID-1003,Dark Roast Whole Bean 500g,PureBrew,Bag,6,Texas,Houston,District C,43,15.56,669.08,381.41,287.67,3.8,True,2024-04-06
Store #103,PID-1007,Grass-Fed Whole Milk 1 Gal,AlpineDairy,Jug,6,Texas,Austin,District C,56,6.03,337.68,188.16,149.52,4.3,True,2024-01-10
Store #104,PID-1004,Greek Yogurt Plain 450g,AlpineDairy,Tub,12,Texas,Dallas,District C,114,5.28,601.92,377.34,224.58,4.6,True,2024-06-21
Store #105,PID-1006,Organic Rolled Oats 1kg,HarvestGold,Bag,10,New York,New York,District A,94,8.16,767.04,450.26,316.78,4.9,True,2024-05-23
Store #101,PID-1001,Organic Almond Milk 1L,NutriFarm,Carton,12,California,Los Angeles,District A,87,4.36,379.32,235.77,143.55,4.9,False,2024-12-04
Store #103,PID-1005,Artisan Sourdough Loaf,HarvestGold,Pack,8,Texas,Austin,District C,98,6.38,625.24,354.76,270.48,4.6,True,2024-09-08
Store #103,PID-1006,Organic Rolled Oats 1kg,HarvestGold,Bag,10,Texas,Austin,District C,97,8.18,793.46,506.34,287.12,4.5,True,2024-07-03
Store #105,PID-1004,Greek Yogurt Plain 450g,AlpineDairy,Tub,12,New York,New York,District A,103,5.07,522.21,295.61,226.6,4.6,True,2024-10-26
Store #101,PID-1010,Extra Virgin Olive Oil 750ml,GreenValley,Bottle,6,California,Los Angeles,District A,53,18.41,975.73,602.08,373.65,3.9,True,2024-12-01
Store #110,PID-1006,Organic Rolled Oats 1kg,HarvestGold,Bag,10,Texas,Houston,District C,126,8.38,1055.88,612.36,443.52,4.7,False,2024-06-03
Store #104,PID-1007,Grass-Fed Whole Milk 1 Gal,AlpineDairy,Jug,6,Texas,Dallas,District C,69,6.54,451.26,299.46,151.8,4.8,True,2024-10-08
Store #106,PID-1006,Organic Rolled Oats 1kg,HarvestGold,Bag,10,Washington,Seattle,District B,35,8.32,291.2,163.1,128.1,4.3,True,2024-08-17
Store #109,PID-1001,Organic Almond Milk 1L,NutriFarm,Carton,12,California,San Diego,District A,75,4.58,343.5,195.75,147.75,3.9,True,2024-03-26
Store #104,PID-1012,Organic Chia Seeds 500g,NutriFarm,Bag,12,Texas,Dallas,District C,131,8.65,1133.15,771.59,361.56,5.0,True,2024-07-22
Store #109,PID-1007,Grass-Fed Whole Milk 1 Gal,AlpineDairy,Jug,6,California,San Diego,District A,104,6.23,647.92,382.72,265.2,4.0,True,2024-10-14
Store #104,PID-1010,Extra Virgin Olive Oil 750ml,GreenValley,Bottle,6,Texas,Dallas,District C,7,19.71,137.97,92.26,45.71,4.3,True,2024-12-22
Store #109,PID-1005,Artisan Sourdough Loaf,HarvestGold,Pack,8,California,San Diego,District A,61,6.36,387.96,228.75,159.21,3.9,True,2024-06-04
Store #109,PID-1004,Greek Yogurt Plain 450g,AlpineDairy,Tub,12,California,San Diego,District A,15,5.36,80.4,55.65,24.75,4.1,True,2024-05-29
Store #101,PID-1011,Matcha Green Tea Powder 100g,VitalityFoods,Tin,12,California,Los Angeles,District A,58,20.06,1163.48,640.32,523.16,4.2,True,2024-05-07
Store #106,PID-1006,Organic Rolled Oats 1kg,HarvestGold,Bag,10,Washington,Seattle,District B,72,8.17,588.24,359.28,228.96,4.5,True,2024-02-12
Store #101,PID-1011,Matcha Green Tea Powder 100g,VitalityFoods,Tin,12,California,Los Angeles,District A,96,19.43,1865.28,1296.0,569.28,4.0,True,2024-01-06
Store #109,PID-1011,Matcha Green Tea Powder 100g,VitalityFoods,Tin,12,California,San Diego,District A,32,20.43,653.76,427.2,226.56,4.9,True,2024-10-25
Store #110,PID-1009,Raw Wildflower Honey 500g,GreenValley,Jar,12,Texas,Houston,District C,118,11.17,1318.06,777.62,540.44,4.5,True,2024-04-15
Store #107,PID-1003,Dark Roast Whole Bean 500g,PureBrew,Bag,6,Florida,Miami,District D,64,16.36,1047.04,643.84,403.2,4.0,True,2024-08-16
Store #108,PID-1003,Dark Roast Whole Bean 500g,PureBrew,Bag,6,Illinois,Chicago,District B,52,16.49,857.48,494.52,362.96,4.5,True,2024-08-23
Store #103,PID-1011,Matcha Green Tea Powder 100g,VitalityFoods,Tin,12,Texas,Austin,District C,10,19.61,196.1,133.9,62.2,4.8,True,2024-05-24
Store #104,PID-1002,Cold Brew Coffee 330ml,PureBrew,Bottle,24,Texas,Dallas,District C,23,3.96,91.08,56.35,34.73,4.6,True,2024-03-14
Store #109,PID-1003,Dark Roast Whole Bean 500g,PureBrew,Bag,6,California,San Diego,District A,30,15.79,473.7,261.9,211.8,4.8,True,2024-01-07
Store #101,PID-1003,Dark Roast Whole Bean 500g,PureBrew,Bag,6,California,Los Angeles,District A,26,15.62,406.12,280.54,125.58,4.5,True,2024-05-07
Store #101,PID-1002,Cold Brew Coffee 330ml,PureBrew,Bottle,24,California,Los Angeles,District A,91,4.13,375.83,211.12,164.71,4.0,True,2024-10-04
Store #108,PID-1003,Dark Roast Whole Bean 500g,PureBrew,Bag,6,Illinois,Chicago,District B,89,15.96,1420.44,833.04,587.4,4.5,True,2024-06-06
Store #109,PID-1002,Cold Brew Coffee 330ml,PureBrew,Bottle,24,California,San Diego,District A,16,3.83,61.28,36.48,24.8,4.4,True,2024-01-11
Store #103,PID-1001,Organic Almond Milk 1L,NutriFarm,Carton,12,Texas,Austin,District C,11,4.37,48.07,29.26,18.81,4.2,True,2024-04-24
Store #107,PID-1011,Matcha Green Tea Powder 100g,VitalityFoods,Tin,12,Florida,Miami,District D,130,19.33,2512.9,1423.5,1089.4,3.9,True,2024-02-27
Store #106,PID-1002,Cold Brew Coffee 330ml,PureBrew,Bottle,24,Washington,Seattle,District B,90,3.84,345.6,237.6,108.0,4.9,True,2024-11-11
Store #110,PID-1003,Dark Roast Whole Bean 500g,PureBrew,Bag,6,Texas,Houston,District C,114,16.04,1828.56,1169.64,658.92,4.6,True,2024-04-01
Store #105,PID-1010,Extra Virgin Olive Oil 750ml,GreenValley,Bottle,6,New York,New York,District A,94,19.7,1851.8,1094.16,757.64,4.4,True,2024-05-26
Store #105,PID-1012,Organic Chia Seeds 500g,NutriFarm,Bag,12,New York,New York,District A,5,8.8,44.0,30.65,13.35,4.7,True,2024-02-09
Store #103,PID-1007,Grass-Fed Whole Milk 1 Gal,AlpineDairy,Jug,6,Texas,Austin,District C,127,6.49,824.23,467.36,356.87,4.3,True,2024-08-16
Store #103,PID-1002,Cold Brew Coffee 330ml,PureBrew,Bottle,24,Texas,Austin,District C,37,3.86,142.82,86.95,55.87,4.2,True,2024-06-14
Store #107,PID-1010,Extra Virgin Olive Oil 750ml,GreenValley,Bottle,6,Florida,Miami,District D,90,18.3,1647.0,1139.4,507.6,4.9,True,2024-11-21
Store #109,PID-1008,Sparkling Spring Water 750ml,VitalityFoods,Bottle,12,California,San Diego,District A,131,2.8,366.8,246.28,120.52,4.3,True,2024-10-02
Store #107,PID-1009,Raw Wildflower Honey 500g,GreenValley,Jar,12,Florida,Miami,District D,61,11.72,714.92,418.46,296.46,3.8,True,2024-10-22
Store #101,PID-1006,Organic Rolled Oats 1kg,HarvestGold,Bag,10,California,Los Angeles,District A,126,8.36,1053.36,724.5,328.86,3.9,True,2024-10-12
Store #103,PID-1005,Artisan Sourdough Loaf,HarvestGold,Pack,8,Texas,Austin,District C,41,6.71,275.11,174.25,100.86,4.9,True,2024-08-23
Store #104,PID-1004,Greek Yogurt Plain 450g,AlpineDairy,Tub,12,Texas,Dallas,District C,40,5.09,203.6,133.2,70.4,4.0,True,2024-01-29
Store #107,PID-1006,Organic Rolled Oats 1kg,HarvestGold,Bag,10,Florida,Miami,District D,32,8.12,259.84,145.92,113.92,4.8,True,2024-01-28
Store #101,PID-1003,Dark Roast Whole Bean 500g,PureBrew,Bag,6,California,Los Angeles,District A,41,15.32,628.12,352.6,275.52,4.5,True,2024-07-06
Store #103,PID-1003,Dark Roast Whole Bean 500g,PureBrew,Bag,6,Texas,Austin,District C,40,16.39,655.6,429.2,226.4,4.2,True,2024-08-28
Store #106,PID-1008,Sparkling Spring Water 750ml,VitalityFoods,Bottle,12,Washington,Seattle,District B,8,2.73,21.84,12.56,9.28,4.9,False,2024-11-26
Store #103,PID-1009,Raw Wildflower Honey 500g,GreenValley,Jar,12,Texas,Austin,District C,7,11.37,79.59,48.86,30.73,4.9,True,2024-03-23
Store #105,PID-1010,Extra Virgin Olive Oil 750ml,GreenValley,Bottle,6,New York,New York,District A,83,19.39,1609.37,987.7,621.67,4.0,True,2024-09-13
Store #109,PID-1007,Grass-Fed Whole Milk 1 Gal,AlpineDairy,Jug,6,California,San Diego,District A,59,6.23,367.57,205.32,162.25,4.3,True,2024-03-05
Store #109,PID-1010,Extra Virgin Olive Oil 750ml,GreenValley,Bottle,6,California,San Diego,District A,124,18.95,2349.8,1522.72,827.08,4.3,True,2024-02-09
Store #101,PID-1006,Organic Rolled Oats 1kg,HarvestGold,Bag,10,California,Los Angeles,District A,113,7.75,875.75,496.07,379.68,3.9,True,2024-11-27
Store #106,PID-1001,Organic Almond Milk 1L,NutriFarm,Carton,12,Washington,Seattle,District B,77,4.34,334.18,189.42,144.76,4.1,False,2024-05-02
Store #105,PID-1004,Greek Yogurt Plain 450g,AlpineDairy,Tub,12,New York,New York,District A,56,5.36,300.16,166.32,133.84,4.1,True,2024-10-09
Store #110,PID-1001,Organic Almond Milk 1L,NutriFarm,Carton,12,Texas,Houston,District C,128,4.29,549.12,327.68,221.44,4.9,False,2024-10-15
Store #106,PID-1005,Artisan Sourdough Loaf,HarvestGold,Pack,8,Washington,Seattle,District B,133,6.29,836.57,554.61,281.96,4.7,True,2024-07-22
Store #102,PID-1006,Organic Rolled Oats 1kg,HarvestGold,Bag,10,California,San Francisco,District B,133,7.67,1020.11,684.95,335.16,4.0,True,2024-07-27
Store #107,PID-1008,Sparkling Spring Water 750ml,VitalityFoods,Bottle,12,Florida,Miami,District D,14,2.73,38.22,21.84,16.38,4.4,True,2024-10-27
Store #102,PID-1012,Organic Chia Seeds 500g,NutriFarm,Bag,12,California,San Francisco,District B,60,8.75,525.0,340.2,184.8,4.7,True,2024-04-28
Store #109,PID-1009,Raw Wildflower Honey 500g,GreenValley,Jar,12,California,San Diego,District A,138,11.98,1653.24,993.6,659.64,4.7,True,2024-11-07
Store #106,PID-1010,Extra Virgin Olive Oil 750ml,GreenValley,Bottle,6,Washington,Seattle,District B,15,19.73,295.95,197.1,98.85,4.3,True,2024-08-08
Store #110,PID-1010,Extra Virgin Olive Oil 750ml,GreenValley,Bottle,6,Texas,Houston,District C,44,19.12,841.28,588.28,253.0,3.9,False,2024-02-08
Store #105,PID-1009,Raw Wildflower Honey 500g,GreenValley,Jar,12,New York,New York,District A,132,11.02,1454.64,868.56,586.08,4.9,True,2024-02-14
Store #105,PID-1010,Extra Virgin Olive Oil 750ml,GreenValley,Bottle,6,New York,New York,District A,95,18.21,1729.95,997.5,732.45,4.7,True,2024-07-05
Store #108,PID-1005,Artisan Sourdough Loaf,HarvestGold,Pack,8,Illinois,Chicago,District B,40,6.78,271.2,188.8,82.4,4.4,True,2024-08-14
Store #105,PID-1007,Grass-Fed Whole Milk 1 Gal,AlpineDairy,Jug,6,New York,New York,District A,38,6.25,237.5,148.96,88.54,4.5,True,2024-07-28
Store #102,PID-1011,Matcha Green Tea Powder 100g,VitalityFoods,Tin,12,California,San Francisco,District B,134,19.89,2665.26,1817.04,848.22,5.0,False,2024-07-30
Store #101,PID-1012,Organic Chia Seeds 500g,NutriFarm,Bag,12,California,Los Angeles,District A,7,8.2,57.4,32.48,24.92,4.3,True,2024-05-05
Store #102,PID-1004,Greek Yogurt Plain 450g,AlpineDairy,Tub,12,California,San Francisco,District B,123,5.38,661.74,398.52,263.22,4.4,True,2024-07-17
Store #108,PID-1002,Cold Brew Coffee 330ml,PureBrew,Bottle,24,Illinois,Chicago,District B,51,4.08,208.08,143.31,64.77,4.9,True,2024-02-13
Store #104,PID-1007,Grass-Fed Whole Milk 1 Gal,AlpineDairy,Jug,6,Texas,Dallas,District C,21,6.18,129.78,90.72,39.06,4.4,True,2024-06-17
Store #108,PID-1002,Cold Brew Coffee 330ml,PureBrew,Bottle,24,Illinois,Chicago,District B,121,3.81,461.01,263.78,197.23,4.4,True,2024-05-22
Store #106,PID-1010,Extra Virgin Olive Oil 750ml,GreenValley,Bottle,6,Washington,Seattle,District B,102,18.16,1852.32,1243.38,608.94,4.7,True,2024-01-17
Store #104,PID-1001,Organic Almond Milk 1L,NutriFarm,Carton,12,Texas,Dallas,District C,10,4.69,46.9,30.6,16.3,4.1,True,2024-04-18
Store #102,PID-1003,Dark Roast Whole Bean 500g,PureBrew,Bag,6,California,San Francisco,District B,75,15.84,1188.0,706.5,481.5,4.7,True,2024-02-05
Store #109,PID-1004,Greek Yogurt Plain 450g,AlpineDairy,Tub,12,California,San Diego,District A,71,5.12,363.52,203.06,160.46,4.9,True,2024-12-08
Store #105,PID-1003,Dark Roast Whole Bean 500g,PureBrew,Bag,6,New York,New York,District A,94,16.7,1569.8,976.66,593.14,4.4,True,2024-04-11
Store #107,PID-1006,Organic Rolled Oats 1kg,HarvestGold,Bag,10,Florida,Miami,District D,104,8.25,858.0,543.92,314.08,4.9,True,2024-12-20
Store #110,PID-1010,Extra Virgin Olive Oil 750ml,GreenValley,Bottle,6,Texas,Houston,District C,87,19.3,1679.1,1131.0,548.1,4.7,True,2024-03-15
Store #106,PID-1001,Organic Almond Milk 1L,NutriFarm,Carton,12,Washington,Seattle,District B,122,4.68,570.96,356.24,214.72,4.2,True,2024-03-18
Store #107,PID-1005,Artisan Sourdough Loaf,HarvestGold,Pack,8,Florida,Miami,District D,5,6.81,34.05,23.55,10.5,4.8,True,2024-09-23
Store #110,PID-1002,Cold Brew Coffee 330ml,PureBrew,Bottle,24,Texas,Houston,District C,60,4.09,245.4,141.6,103.8,4.6,True,2024-01-19
Store #110,PID-1007,Grass-Fed Whole Milk 1 Gal,AlpineDairy,Jug,6,Texas,Houston,District C,94,6.11,574.34,332.76,241.58,4.6,True,2024-04-20
Store #106,PID-1006,Organic Rolled Oats 1kg,HarvestGold,Bag,10,Washington,Seattle,District B,82,8.31,681.42,426.4,255.02,4.8,True,2024-01-09
Store #108,PID-1007,Grass-Fed Whole Milk 1 Gal,AlpineDairy,Jug,6,Illinois,Chicago,District B,95,6.2,589.0,371.45,217.55,4.4,True,2024-07-29
Store #102,PID-1003,Dark Roast Whole Bean 500g,PureBrew,Bag,6,California,San Francisco,District B,114,15.79,1800.06,1138.86,661.2,4.0,True,2024-08-22
Store #105,PID-1011,Matcha Green Tea Powder 100g,VitalityFoods,Tin,12,New York,New York,District A,116,20.26,2350.16,1540.48,809.68,4.9,True,2024-12-18
Store #102,PID-1002,Cold Brew Coffee 330ml,PureBrew,Bottle,24,California,San Francisco,District B,27,4.05,109.35,70.2,39.15,4.3,True,2024-02-23
Store #110,PID-1009,Raw Wildflower Honey 500g,GreenValley,Jar,12,Texas,Houston,District C,118,11.49,1355.82,909.78,446.04,4.6,True,2024-02-21
Store #104,PID-1004,Greek Yogurt Plain 450g,AlpineDairy,Tub,12,Texas,Dallas,District C,102,5.09,519.18,351.9,167.28,4.9,True,2024-08-20
Store #108,PID-1007,Grass-Fed Whole Milk 1 Gal,AlpineDairy,Jug,6,Illinois,Chicago,District B,106,5.98,633.88,384.78,249.1,4.1,True,2024-11-26
Store #105,PID-1005,Artisan Sourdough Loaf,HarvestGold,Pack,8,New York,New York,District A,66,6.17,407.22,279.18,128.04,3.8,False,2024-07-31
Store #106,PID-1009,Raw Wildflower Honey 500g,GreenValley,Jar,12,Washington,Seattle,District B,86,11.3,971.8,674.24,297.56,5.0,True,2024-11-03
Store #107,PID-1004,Greek Yogurt Plain 450g,AlpineDairy,Tub,12,Florida,Miami,District D,105,5.46,573.3,384.3,189.0,4.5,True,2024-11-11
Store #107,PID-1012,Organic Chia Seeds 500g,NutriFarm,Bag,12,Florida,Miami,District D,108,8.83,953.64,598.32,355.32,4.3,False,2024-03-29
Store #103,PID-1009,Raw Wildflower Honey 500g,GreenValley,Jar,12,Texas,Austin,District C,105,11.88,1247.4,803.25,444.15,4.1,True,2024-03-01
Store #106,PID-1004,Greek Yogurt Plain 450g,AlpineDairy,Tub,12,Washington,Seattle,District B,28,5.04,141.12,77.84,63.28,4.7,True,2024-02-17
Store #110,PID-1012,Organic Chia Seeds 500g,NutriFarm,Bag,12,Texas,Houston,District C,25,8.55,213.75,118.25,95.5,4.7,True,2024-10-05
Store #106,PID-1003,Dark Roast Whole Bean 500g,PureBrew,Bag,6,Washington,Seattle,District B,61,15.67,955.87,602.68,353.19,4.1,True,2024-05-02
Store #107,PID-1005,Artisan Sourdough Loaf,HarvestGold,Pack,8,Florida,Miami,District D,18,6.34,114.12,78.84,35.28,4.6,True,2024-12-03
Store #110,PID-1002,Cold Brew Coffee 330ml,PureBrew,Bottle,24,Texas,Houston,District C,122,4.16,507.52,287.92,219.6,4.0,True,2024-02-26
Store #103,PID-1002,Cold Brew Coffee 330ml,PureBrew,Bottle,24,Texas,Austin,District C,131,4.13,541.03,372.04,168.99,4.0,False,2024-02-09
Store #101,PID-1007,Grass-Fed Whole Milk 1 Gal,AlpineDairy,Jug,6,California,Los Angeles,District A,129,6.58,848.82,476.01,372.81,4.6,True,2024-02-07
Store #106,PID-1011,Matcha Green Tea Powder 100g,VitalityFoods,Tin,12,Washington,Seattle,District B,46,19.35,890.1,490.82,399.28,4.0,True,2024-08-18
Store #110,PID-1001,Organic Almond Milk 1L,NutriFarm,Carton,12,Texas,Houston,District C,92,4.71,433.32,269.56,163.76,4.5,True,2024-03-01
Store #103,PID-1009,Raw Wildflower Honey 500g,GreenValley,Jar,12,Texas,Austin,District C,36,11.14,401.04,222.48,178.56,3.8,True,2024-05-10
Store #103,PID-1004,Greek Yogurt Plain 450g,AlpineDairy,Tub,12,Texas,Austin,District C,34,5.5,187.0,103.7,83.3,4.0,False,2024-07-05
Store #103,PID-1005,Artisan Sourdough Loaf,HarvestGold,Pack,8,Texas,Austin,District C,128,6.29,805.12,454.4,350.72,4.6,True,2024-05-20
Store #108,PID-1012,Organic Chia Seeds 500g,NutriFarm,Bag,12,Illinois,Chicago,District B,116,8.5,986.0,600.88,385.12,4.0,True,2024-09-10
Store #105,PID-1007,Grass-Fed Whole Milk 1 Gal,AlpineDairy,Jug,6,New York,New York,District A,84,6.08,510.72,296.52,214.2,4.7,True,2024-02-22
Store #108,PID-1007,Grass-Fed Whole Milk 1 Gal,AlpineDairy,Jug,6,Illinois,Chicago,District B,74,6.49,480.26,309.32,170.94,4.5,True,2024-11-01
Store #110,PID-1006,Organic Rolled Oats 1kg,HarvestGold,Bag,10,Texas,Houston,District C,21,7.95,166.95,114.03,52.92,4.9,True,2024-07-10
Store #107,PID-1005,Artisan Sourdough Loaf,HarvestGold,Pack,8,Florida,Miami,District D,140,6.39,894.6,495.6,399.0,4.0,True,2024-11-05
Store #103,PID-1006,Organic Rolled Oats 1kg,HarvestGold,Bag,10,Texas,Austin,District C,23,7.76,178.48,108.1,70.38,4.0,True,2024-05-05
Store #101,PID-1006,Organic Rolled Oats 1kg,HarvestGold,Bag,10,California,Los Angeles,District A,7,8.16,57.12,33.25,23.87,4.5,True,2024-12-18
Store #104,PID-1009,Raw Wildflower Honey 500g,GreenValley,Jar,12,Texas,Dallas,District C,103,11.24,1157.72,673.62,484.1,4.1,True,2024-02-03
Store #110,PID-1011,Matcha Green Tea Powder 100g,VitalityFoods,Tin,12,Texas,Houston,District C,112,20.35,2279.2,1402.24,876.96,4.8,True,2024-02-08
Store #101,PID-1008,Sparkling Spring Water 750ml,VitalityFoods,Bottle,12,California,Los Angeles,District A,16,2.93,46.88,28.8,18.08,3.9,True,2024-09-12
Store #106,PID-1010,Extra Virgin Olive Oil 750ml,GreenValley,Bottle,6,Washington,Seattle,District B,65,19.14,1244.1,737.75,506.35,4.6,True,2024-07-15
Store #101,PID-1008,Sparkling Spring Water 750ml,VitalityFoods,Bottle,12,California,Los Angeles,District A,38,2.89,109.82,66.88,42.94,4.9,True,2024-05-25
Store #101,PID-1006,Organic Rolled Oats 1kg,HarvestGold,Bag,10,California,Los Angeles,District A,9,7.65,68.85,38.88,29.97,4.8,True,2024-11-26
Store #105,PID-1006,Organic Rolled Oats 1kg,HarvestGold,Bag,10,New York,New York,District A,107,7.65,818.55,545.7,272.85,4.4,False,2024-06-26
Store #105,PID-1012,Organic Chia Seeds 500g,NutriFarm,Bag,12,New York,New York,District A,131,8.79,1151.49,800.41,351.08,3.9,True,2024-08-20
Store #110,PID-1002,Cold Brew Coffee 330ml,PureBrew,Bottle,24,Texas,Houston,District C,62,3.81,236.22,130.2,106.02,3.9,True,2024-01-15
Store #107,PID-1004,Greek Yogurt Plain 450g,AlpineDairy,Tub,12,Florida,Miami,District D,27,5.13,138.51,95.04,43.47,4.2,True,2024-03-28
Store #101,PID-1012,Organic Chia Seeds 500g,NutriFarm,Bag,12,California,Los Angeles,District A,71,8.82,626.22,348.61,277.61,3.9,True,2024-01-27
Store #105,PID-1006,Organic Rolled Oats 1kg,HarvestGold,Bag,10,New York,New York,District A,102,7.81,796.62,459.0,337.62,4.0,True,2024-12-18
Store #103,PID-1006,Organic Rolled Oats 1kg,HarvestGold,Bag,10,Texas,Austin,District C,110,8.1,891.0,579.7,311.3,4.4,True,2024-03-16
Store #108,PID-1011,Matcha Green Tea Powder 100g,VitalityFoods,Tin,12,Illinois,Chicago,District B,76,19.63,1491.88,984.2,507.68,4.1,True,2024-09-07
Store #105,PID-1012,Organic Chia Seeds 500g,NutriFarm,Bag,12,New York,New York,District A,95,8.54,811.3,552.9,258.4,4.6,True,2024-02-12
Store #104,PID-1012,Organic Chia Seeds 500g,NutriFarm,Bag,12,Texas,Dallas,District C,24,8.89,213.36,119.28,94.08,3.8,True,2024-02-09
Store #107,PID-1004,Greek Yogurt Plain 450g,AlpineDairy,Tub,12,Florida,Miami,District D,31,5.21,161.51,108.5,53.01,4.7,True,2024-09-06
Store #106,PID-1005,Artisan Sourdough Loaf,HarvestGold,Pack,8,Washington,Seattle,District B,44,6.72,295.68,167.2,128.48,4.0,True,2024-08-20
Store #107,PID-1008,Sparkling Spring Water 750ml,VitalityFoods,Bottle,12,Florida,Miami,District D,136,2.71,368.56,224.4,144.16,3.9,True,2024-11-13
Store #105,PID-1010,Extra Virgin Olive Oil 750ml,GreenValley,Bottle,6,New York,New York,District A,31,18.32,567.92,386.88,181.04,4.7,True,2024-11-27
Store #108,PID-1003,Dark Roast Whole Bean 500g,PureBrew,Bag,6,Illinois,Chicago,District B,12,15.95,191.4,120.48,70.92,4.2,False,2024-05-16
Store #109,PID-1002,Cold Brew Coffee 330ml,PureBrew,Bottle,24,California,San Diego,District A,115,3.88,446.2,272.55,173.65,4.3,True,2024-06-30
Store #108,PID-1005,Artisan Sourdough Loaf,HarvestGold,Pack,8,Illinois,Chicago,District B,30,6.2,186.0,113.1,72.9,4.9,True,2024-07-08
Store #104,PID-1007,Grass-Fed Whole Milk 1 Gal,AlpineDairy,Jug,6,Texas,Dallas,District C,75,6.31,473.25,295.5,177.75,4.3,True,2024-03-31
Store #104,PID-1002,Cold Brew Coffee 330ml,PureBrew,Bottle,24,Texas,Dallas,District C,34,3.81,129.54,72.08,57.46,4.1,False,2024-04-22
Store #102,PID-1005,Artisan Sourdough Loaf,HarvestGold,Pack,8,California,San Francisco,District B,108,6.42,693.36,392.04,301.32,4.7,True,2024-04-25
Store #105,PID-1008,Sparkling Spring Water 750ml,VitalityFoods,Bottle,12,New York,New York,District A,48,2.87,137.76,83.04,54.72,4.1,True,2024-04-15
Store #101,PID-1002,Cold Brew Coffee 330ml,PureBrew,Bottle,24,California,Los Angeles,District A,133,4.15,551.95,355.11,196.84,4.7,True,2024-04-04
Store #104,PID-1003,Dark Roast Whole Bean 500g,PureBrew,Bag,6,Texas,Dallas,District C,22,15.46,340.12,203.94,136.18,4.3,True,2024-06-10
Store #108,PID-1007,Grass-Fed Whole Milk 1 Gal,AlpineDairy,Jug,6,Illinois,Chicago,District B,10,6.09,60.9,35.9,25.0,3.9,True,2024-06-20
Store #101,PID-1010,Extra Virgin Olive Oil 750ml,GreenValley,Bottle,6,California,Los Angeles,District A,126,19.15,2412.9,1504.44,908.46,4.1,False,2024-06-29
Store #101,PID-1010,Extra Virgin Olive Oil 750ml,GreenValley,Bottle,6,California,Los Angeles,District A,79,19.63,1550.77,974.86,575.91,4.0,True,2024-12-14
Store #102,PID-1002,Cold Brew Coffee 330ml,PureBrew,Bottle,24,California,San Francisco,District B,90,3.97,357.3,235.8,121.5,5.0,True,2024-06-04
Store #108,PID-1005,Artisan Sourdough Loaf,HarvestGold,Pack,8,Illinois,Chicago,District B,122,6.17,752.74,453.84,298.9,4.7,True,2024-07-05
Store #110,PID-1008,Sparkling Spring Water 750ml,VitalityFoods,Bottle,12,Texas,Houston,District C,74,2.84,210.16,138.38,71.78,3.8,True,2024-02-27
Store #104,PID-1011,Matcha Green Tea Powder 100g,VitalityFoods,Tin,12,Texas,Dallas,District C,96,19.99,1919.04,1126.08,792.96,4.7,True,2024-03-13
Store #106,PID-1004,Greek Yogurt Plain 450g,AlpineDairy,Tub,12,Washington,Seattle,District B,54,5.51,297.54,180.36,117.18,3.9,True,2024-02-15
Store #109,PID-1008,Sparkling Spring Water 750ml,VitalityFoods,Bottle,12,California,San Diego,District A,49,2.72,133.28,86.73,46.55,4.9,True,2024-09-26
Store #107,PID-1005,Artisan Sourdough Loaf,HarvestGold,Pack,8,Florida,Miami,District D,53,6.19,328.07,206.17,121.9,4.2,True,2024-06-07
Store #107,PID-1008,Sparkling Spring Water 750ml,VitalityFoods,Bottle,12,Florida,Miami,District D,93,2.73,253.89,176.7,77.19,4.4,True,2024-10-17
Store #108,PID-1011,Matcha Green Tea Powder 100g,VitalityFoods,Tin,12,Illinois,Chicago,District B,138,20.92,2886.96,1857.48,1029.48,4.6,True,2024-03-17
Store #105,PID-1002,Cold Brew Coffee 330ml,PureBrew,Bottle,24,New York,New York,District A,8,3.97,31.76,18.48,13.28,4.8,True,2024-05-30
Store #108,PID-1005,Artisan Sourdough Loaf,HarvestGold,Pack,8,Illinois,Chicago,District B,115,6.39,734.85,495.65,239.2,3.9,True,2024-01-03
Store #105,PID-1009,Raw Wildflower Honey 500g,GreenValley,Jar,12,New York,New York,District A,44,12.01,528.44,347.16,181.28,4.0,True,2024-12-06
Store #107,PID-1010,Extra Virgin Olive Oil 750ml,GreenValley,Bottle,6,Florida,Miami,District D,79,18.46,1458.34,905.34,553.0,4.2,True,2024-02-11
Store #107,PID-1007,Grass-Fed Whole Milk 1 Gal,AlpineDairy,Jug,6,Florida,Miami,District D,30,6.54,196.2,135.0,61.2,4.5,True,2024-07-23
Store #107,PID-1011,Matcha Green Tea Powder 100g,VitalityFoods,Tin,12,Florida,Miami,District D,40,20.36,814.4,472.4,342.0,4.0,True,2024-06-14
Store #105,PID-1005,Artisan Sourdough Loaf,HarvestGold,Pack,8,New York,New York,District A,81,6.53,528.93,341.01,187.92,4.5,True,2024-02-13
Store #107,PID-1002,Cold Brew Coffee 330ml,PureBrew,Bottle,24,Florida,Miami,District D,139,3.97,551.83,329.43,222.4,4.9,True,2024-03-11
Store #108,PID-1006,Organic Rolled Oats 1kg,HarvestGold,Bag,10,Illinois,Chicago,District B,124,7.93,983.32,601.4,381.92,3.8,True,2024-08-06
Store #107,PID-1002,Cold Brew Coffee 330ml,PureBrew,Bottle,24,Florida,Miami,District D,82,4.1,336.2,214.02,122.18,4.2,True,2024-03-12
Store #110,PID-1005,Artisan Sourdough Loaf,HarvestGold,Pack,8,Texas,Houston,District C,105,6.25,656.25,427.35,228.9,4.4,True,2024-01-28
Store #109,PID-1008,Sparkling Spring Water 750ml,VitalityFoods,Bottle,12,California,San Diego,District A,26,2.67,69.42,46.8,22.62,4.6,True,2024-01-28
Store #102,PID-1005,Artisan Sourdough Loaf,HarvestGold,Pack,8,California,San Francisco,District B,128,6.61,846.08,574.72,271.36,3.9,True,2024-10-16
Store #109,PID-1012,Organic Chia Seeds 500g,NutriFarm,Bag,12,California,San Diego,District A,57,8.5,484.5,307.23,177.27,5.0,True,2024-01-28
Store #103,PID-1005,Artisan Sourdough Loaf,HarvestGold,Pack,8,Texas,Austin,District C,84,6.63,556.92,384.72,172.2,4.8,True,2024-11-17
Store #104,PID-1002,Cold Brew Coffee 330ml,PureBrew,Bottle,24,Texas,Dallas,District C,5,3.85,19.25,13.15,6.1,4.4,True,2024-02-04
Store #102,PID-1008,Sparkling Spring Water 750ml,VitalityFoods,Bottle,12,California,San Francisco,District B,134,2.77,371.18,207.7,163.48,3.9,True,2024-01-13
Store #103,PID-1004,Greek Yogurt Plain 450g,AlpineDairy,Tub,12,Texas,Austin,District C,71,5.46,387.66,252.76,134.9,4.8,True,2024-10-06
Store #107,PID-1003,Dark Roast Whole Bean 500g,PureBrew,Bag,6,Florida,Miami,District D,10,15.49,154.9,104.2,50.7,4.6,True,2024-11-21
Store #109,PID-1004,Greek Yogurt Plain 450g,AlpineDairy,Tub,12,California,San Diego,District A,127,5.18,657.86,427.99,229.87,5.0,True,2024-08-31
Store #105,PID-1007,Grass-Fed Whole Milk 1 Gal,AlpineDairy,Jug,6,New York,New York,District A,32,6.27,200.64,134.72,65.92,4.0,True,2024-07-16
Store #102,PID-1010,Extra Virgin Olive Oil 750ml,GreenValley,Bottle,6,California,San Francisco,District B,7,19.14,133.98,74.34,59.64,4.6,True,2024-07-18
Store #108,PID-1001,Organic Almond Milk 1L,NutriFarm,Carton,12,Illinois,Chicago,District B,40,4.48,179.2,118.0,61.2,4.1,True,2024-06-30
Store #106,PID-1009,Raw Wildflower Honey 500g,GreenValley,Jar,12,Washington,Seattle,District B,58,11.32,656.56,430.94,225.62,4.3,False,2024-09-14
Store #103,PID-1006,Organic Rolled Oats 1kg,HarvestGold,Bag,10,Texas,Austin,District C,91,7.96,724.36,491.4,232.96,4.0,True,2024-12-01
Store #105,PID-1007,Grass-Fed Whole Milk 1 Gal,AlpineDairy,Jug,6,New York,New York,District A,128,6.21,794.88,492.8,302.08,4.6,True,2024-02-04
Store #109,PID-1011,Matcha Green Tea Powder 100g,VitalityFoods,Tin,12,California,San Diego,District A,71,19.25,1366.75,817.92,548.83,4.9,True,2024-09-26
Store #110,PID-1007,Grass-Fed Whole Milk 1 Gal,AlpineDairy,Jug,6,Texas,Houston,District C,16,5.99,95.84,63.2,32.64,4.1,True,2024-02-04
Store #108,PID-1011,Matcha Green Tea Powder 100g,VitalityFoods,Tin,12,Illinois,Chicago,District B,87,20.51,1784.37,1244.1,540.27,4.8,True,2024-08-31
Store #104,PID-1002,Cold Brew Coffee 330ml,PureBrew,Bottle,24,Texas,Dallas,District C,103,4.09,421.27,258.53,162.74,3.9,True,2024-03-30
Store #102,PID-1001,Organic Almond Milk 1L,NutriFarm,Carton,12,California,San Francisco,District B,118,4.61,543.98,348.1,195.88,4.8,True,2024-02-07
Store #106,PID-1002,Cold Brew Coffee 330ml,PureBrew,Bottle,24,Washington,Seattle,District B,120,3.94,472.8,330.0,142.8,4.5,True,2024-12-23
Store #105,PID-1008,Sparkling Spring Water 750ml,VitalityFoods,Bottle,12,New York,New York,District A,78,2.71,211.38,139.62,71.76,4.3,True,2024-08-12
Store #104,PID-1002,Cold Brew Coffee 330ml,PureBrew,Bottle,24,Texas,Dallas,District C,11,4.04,44.44,28.93,15.51,4.0,True,2024-10-25
Store #101,PID-1006,Organic Rolled Oats 1kg,HarvestGold,Bag,10,California,Los Angeles,District A,23,7.86,180.78,117.99,62.79,4.9,True,2024-07-27
Store #109,PID-1008,Sparkling Spring Water 750ml,VitalityFoods,Bottle,12,California,San Diego,District A,58,2.81,162.98,101.5,61.48,4.2,True,2024-04-07
Store #109,PID-1003,Dark Roast Whole Bean 500g,PureBrew,Bag,6,California,San Diego,District A,117,15.87,1856.79,1125.54,731.25,3.9,False,2024-02-04
Store #109,PID-1005,Artisan Sourdough Loaf,HarvestGold,Pack,8,California,San Diego,District A,35,6.49,227.15,126.7,100.45,4.4,False,2024-02-21
Store #105,PID-1005,Artisan Sourdough Loaf,HarvestGold,Pack,8,New York,New York,District A,96,6.21,596.16,406.08,190.08,5.0,False,2024-07-18
Store #110,PID-1004,Greek Yogurt Plain 450g,AlpineDairy,Tub,12,Texas,Houston,District C,133,5.19,690.27,444.22,246.05,4.5,True,2024-09-22
Store #110,PID-1008,Sparkling Spring Water 750ml,VitalityFoods,Bottle,12,Texas,Houston,District C,12,2.66,31.92,19.56,12.36,4.0,True,2024-05-14
Store #101,PID-1003,Dark Roast Whole Bean 500g,PureBrew,Bag,6,California,Los Angeles,District A,89,16.67,1483.63,963.87,519.76,4.9,True,2024-04-14
Store #102,PID-1010,Extra Virgin Olive Oil 750ml,GreenValley,Bottle,6,California,San Francisco,District B,14,18.7,261.8,146.72,115.08,4.3,True,2024-11-08
Store #102,PID-1009,Raw Wildflower Honey 500g,GreenValley,Jar,12,California,San Francisco,District B,38,11.23,426.74,237.5,189.24,3.8,True,2024-09-02
Store #106,PID-1007,Grass-Fed Whole Milk 1 Gal,AlpineDairy,Jug,6,Washington,Seattle,District B,82,6.47,530.54,361.62,168.92,4.1,True,2024-09-01
Store #101,PID-1004,Greek Yogurt Plain 450g,AlpineDairy,Tub,12,California,Los Angeles,District A,102,5.39,549.78,363.12,186.66,4.5,False,2024-09-30
Store #107,PID-1012,Organic Chia Seeds 500g,NutriFarm,Bag,12,Florida,Miami,District D,115,8.66,995.9,630.2,365.7,3.9,False,2024-03-05
Store #110,PID-1006,Organic Rolled Oats 1kg,HarvestGold,Bag,10,Texas,Houston,District C,54,7.86,424.44,292.14,132.3,4.1,False,2024-06-29
Store #101,PID-1004,Greek Yogurt Plain 450g,AlpineDairy,Tub,12,California,Los Angeles,District A,16,5.55,88.8,48.96,39.84,4.7,True,2024-07-30
Store #102,PID-1001,Organic Almond Milk 1L,NutriFarm,Carton,12,California,San Francisco,District B,117,4.35,508.95,283.14,225.81,4.2,True,2024-03-05
Store #104,PID-1005,Artisan Sourdough Loaf,HarvestGold,Pack,8,Texas,Dallas,District C,106,6.48,686.88,390.08,296.8,3.9,True,2024-03-07
Store #109,PID-1004,Greek Yogurt Plain 450g,AlpineDairy,Tub,12,California,San Diego,District A,96,5.5,528.0,358.08,169.92,4.3,True,2024-09-10
Store #106,PID-1009,Raw Wildflower Honey 500g,GreenValley,Jar,12,Washington,Seattle,District B,67,11.52,771.84,455.6,316.24,4.6,True,2024-05-29
Store #101,PID-1006,Organic Rolled Oats 1kg,HarvestGold,Bag,10,California,Los Angeles,District A,129,7.81,1007.49,584.37,423.12,4.0,True,2024-07-29
Store #104,PID-1005,Artisan Sourdough Loaf,HarvestGold,Pack,8,Texas,Dallas,District C,58,6.25,362.5,238.96,123.54,4.7,False,2024-10-10
Store #104,PID-1012,Organic Chia Seeds 500g,NutriFarm,Bag,12,Texas,Dallas,District C,121,8.87,1073.27,594.11,479.16,4.8,True,2024-08-13
Store #110,PID-1007,Grass-Fed Whole Milk 1 Gal,AlpineDairy,Jug,6,Texas,Houston,District C,26,6.01,156.26,106.08,50.18,4.3,False,2024-06-02
Store #107,PID-1007,Grass-Fed Whole Milk 1 Gal,AlpineDairy,Jug,6,Florida,Miami,District D,16,6.12,97.92,59.36,38.56,4.6,True,2024-08-15
Store #105,PID-1001,Organic Almond Milk 1L,NutriFarm,Carton,12,New York,New York,District A,94,4.69,440.86,302.68,138.18,4.7,True,2024-10-04
Store #105,PID-1010,Extra Virgin Olive Oil 750ml,GreenValley,Bottle,6,New York,New York,District A,12,18.69,224.28,151.2,73.08,4.3,True,2024-04-20
Store #101,PID-1002,Cold Brew Coffee 330ml,PureBrew,Bottle,24,California,Los Angeles,District A,104,4.17,433.68,299.52,134.16,4.1,True,2024-10-10
Store #109,PID-1008,Sparkling Spring Water 750ml,VitalityFoods,Bottle,12,California,San Diego,District A,137,2.72,372.64,258.93,113.71,4.4,True,2024-08-05
Store #104,PID-1003,Dark Roast Whole Bean 500g,PureBrew,Bag,6,Texas,Dallas,District C,76,16.47,1251.72,867.16,384.56,3.9,True,2024-01-08
Store #109,PID-1005,Artisan Sourdough Loaf,HarvestGold,Pack,8,California,San Diego,District A,106,6.19,656.14,387.96,268.18,4.1,True,2024-06-21
Store #110,PID-1001,Organic Almond Milk 1L,NutriFarm,Carton,12,Texas,Houston,District C,83,4.52,375.16,224.1,151.06,4.1,True,2024-03-04
Store #108,PID-1001,Organic Almond Milk 1L,NutriFarm,Carton,12,Illinois,Chicago,District B,7,4.47,31.29,21.77,9.52,4.4,True,2024-08-13
Store #104,PID-1007,Grass-Fed Whole Milk 1 Gal,AlpineDairy,Jug,6,Texas,Dallas,District C,25,6.15,153.75,98.75,55.0,4.2,False,2024-01-30
Store #103,PID-1005,Artisan Sourdough Loaf,HarvestGold,Pack,8,Texas,Austin,District C,71,6.73,477.83,271.93,205.9,4.6,True,2024-05-21
Store #110,PID-1011,Matcha Green Tea Powder 100g,VitalityFoods,Tin,12,Texas,Houston,District C,64,19.22,1230.08,683.52,546.56,4.6,True,2024-01-26
Store #110,PID-1006,Organic Rolled Oats 1kg,HarvestGold,Bag,10,Texas,Houston,District C,63,7.64,481.32,316.26,165.06,4.1,True,2024-01-22
Store #106,PID-1009,Raw Wildflower Honey 500g,GreenValley,Jar,12,Washington,Seattle,District B,65,11.32,735.8,413.4,322.4,4.3,True,2024-01-23
Store #104,PID-1004,Greek Yogurt Plain 450g,AlpineDairy,Tub,12,Texas,Dallas,District C,100,5.46,546.0,356.0,190.0,3.9,True,2024-06-15
Store #105,PID-1003,Dark Roast Whole Bean 500g,PureBrew,Bag,6,New York,New York,District A,88,16.16,1422.08,858.88,563.2,5.0,True,2024-01-13
Store #106,PID-1008,Sparkling Spring Water 750ml,VitalityFoods,Bottle,12,Washington,Seattle,District B,12,2.7,32.4,18.0,14.4,4.9,True,2024-05-30
Store #101,PID-1002,Cold Brew Coffee 330ml,PureBrew,Bottle,24,California,Los Angeles,District A,59,4.11,242.49,152.22,90.27,4.7,True,2024-11-07
Store #110,PID-1012,Organic Chia Seeds 500g,NutriFarm,Bag,12,Texas,Houston,District C,60,8.39,503.4,321.0,182.4,4.6,True,2024-06-25
Store #102,PID-1002,Cold Brew Coffee 330ml,PureBrew,Bottle,24,California,San Francisco,District B,133,4.19,557.27,359.1,198.17,4.7,True,2024-04-24
Store #102,PID-1009,Raw Wildflower Honey 500g,GreenValley,Jar,12,California,San Francisco,District B,125,11.67,1458.75,916.25,542.5,4.2,True,2024-01-27
Store #110,PID-1005,Artisan Sourdough Loaf,HarvestGold,Pack,8,Texas,Houston,District C,89,6.32,562.48,373.8,188.68,4.2,True,2024-05-04
Store #102,PID-1012,Organic Chia Seeds 500g,NutriFarm,Bag,12,California,San Francisco,District B,118,8.69,1025.42,699.74,325.68,4.2,True,2024-05-03
Store #109,PID-1002,Cold Brew Coffee 330ml,PureBrew,Bottle,24,California,San Diego,District A,128,4.03,515.84,318.72,197.12,4.3,True,2024-07-04
Store #103,PID-1009,Raw Wildflower Honey 500g,GreenValley,Jar,12,Texas,Austin,District C,109,11.69,1274.21,828.4,445.81,4.5,True,2024-05-05
Store #106,PID-1006,Organic Rolled Oats 1kg,HarvestGold,Bag,10,Washington,Seattle,District B,25,7.92,198.0,124.0,74.0,4.0,True,2024-03-01
Store #104,PID-1003,Dark Roast Whole Bean 500g,PureBrew,Bag,6,Texas,Dallas,District C,8,15.46,123.68,75.76,47.92,4.7,True,2024-08-20
Store #108,PID-1012,Organic Chia Seeds 500g,NutriFarm,Bag,12,Illinois,Chicago,District B,37,8.8,325.6,219.78,105.82,3.8,True,2024-02-21
Store #102,PID-1003,Dark Roast Whole Bean 500g,PureBrew,Bag,6,California,San Francisco,District B,140,16.66,2332.4,1598.8,733.6,4.2,True,2024-09-20
Store #109,PID-1004,Greek Yogurt Plain 450g,AlpineDairy,Tub,12,California,San Diego,District A,35,5.2,182.0,122.5,59.5,4.2,True,2024-05-30
Store #102,PID-1012,Organic Chia Seeds 500g,NutriFarm,Bag,12,California,San Francisco,District B,23,8.69,199.87,120.52,79.35,4.3,True,2024-01-24
Store #108,PID-1012,Organic Chia Seeds 500g,NutriFarm,Bag,12,Illinois,Chicago,District B,79,8.71,688.09,451.09,237.0,4.7,True,2024-08-11
Store #110,PID-1009,Raw Wildflower Honey 500g,GreenValley,Jar,12,Texas,Houston,District C,43,11.94,513.42,328.09,185.33,4.2,True,2024-02-12
Store #107,PID-1006,Organic Rolled Oats 1kg,HarvestGold,Bag,10,Florida,Miami,District D,50,8.0,400.0,255.5,144.5,4.9,False,2024-08-12
Store #105,PID-1008,Sparkling Spring Water 750ml,VitalityFoods,Bottle,12,New York,New York,District A,17,2.81,47.77,32.64,15.13,4.5,True,2024-06-23
Store #107,PID-1005,Artisan Sourdough Loaf,HarvestGold,Pack,8,Florida,Miami,District D,103,6.37,656.11,378.01,278.1,4.0,True,2024-06-14
Store #104,PID-1007,Grass-Fed Whole Milk 1 Gal,AlpineDairy,Jug,6,Texas,Dallas,District C,76,6.34,481.84,309.32,172.52,3.9,True,2024-09-22
Store #102,PID-1005,Artisan Sourdough Loaf,HarvestGold,Pack,8,California,San Francisco,District B,129,6.45,832.05,567.6,264.45,4.1,True,2024-05-20
Store #110,PID-1002,Cold Brew Coffee 330ml,PureBrew,Bottle,24,Texas,Houston,District C,76,3.85,292.6,170.24,122.36,4.8,True,2024-04-28
Store #101,PID-1010,Extra Virgin Olive Oil 750ml,GreenValley,Bottle,6,California,Los Angeles,District A,54,18.05,974.7,657.72,316.98,3.8,True,2024-01-21
Store #110,PID-1007,Grass-Fed Whole Milk 1 Gal,AlpineDairy,Jug,6,Texas,Houston,District C,138,6.05,834.9,516.12,318.78,4.9,True,2024-08-15
Store #102,PID-1008,Sparkling Spring Water 750ml,VitalityFoods,Bottle,12,California,San Francisco,District B,131,2.72,356.32,242.35,113.97,5.0,True,2024-08-09
Store #102,PID-1006,Organic Rolled Oats 1kg,HarvestGold,Bag,10,California,San Francisco,District B,61,8.17,498.37,298.29,200.08,4.4,True,2024-02-10
Store #109,PID-1011,Matcha Green Tea Powder 100g,VitalityFoods,Tin,12,California,San Diego,District A,85,20.77,1765.45,980.9,784.55,3.9,True,2024-02-07
Store #109,PID-1006,Organic Rolled Oats 1kg,HarvestGold,Bag,10,California,San Diego,District A,14,8.35,116.9,75.32,41.58,4.1,True,2024-04-07
Store #104,PID-1011,Matcha Green Tea Powder 100g,VitalityFoods,Tin,12,Texas,Dallas,District C,72,19.93,1434.96,893.52,541.44,4.0,True,2024-04-10
Store #103,PID-1004,Greek Yogurt Plain 450g,AlpineDairy,Tub,12,Texas,Austin,District C,27,5.53,149.31,101.25,48.06,4.7,False,2024-11-21
Store #102,PID-1008,Sparkling Spring Water 750ml,VitalityFoods,Bottle,12,California,San Francisco,District B,58,2.85,165.3,91.64,73.66,4.6,True,2024-10-12
Store #110,PID-1004,Greek Yogurt Plain 450g,AlpineDairy,Tub,12,Texas,Houston,District C,94,5.28,496.32,321.48,174.84,4.0,True,2024-11-22
Store #104,PID-1005,Artisan Sourdough Loaf,HarvestGold,Pack,8,Texas,Dallas,District C,129,6.48,835.92,539.22,296.7,4.5,True,2024-12-08
Store #105,PID-1002,Cold Brew Coffee 330ml,PureBrew,Bottle,24,New York,New York,District A,33,4.17,137.61,94.05,43.56,4.7,True,2024-04-22
Store #108,PID-1006,Organic Rolled Oats 1kg,HarvestGold,Bag,10,Illinois,Chicago,District B,113,7.68,867.84,537.88,329.96,4.2,False,2024-05-06
Store #107,PID-1012,Organic Chia Seeds 500g,NutriFarm,Bag,12,Florida,Miami,District D,128,8.78,1123.84,764.16,359.68,4.5,True,2024-03-06
Store #101,PID-1005,Artisan Sourdough Loaf,HarvestGold,Pack,8,California,Los Angeles,District A,134,6.31,845.54,573.52,272.02,4.3,True,2024-05-17
Store #106,PID-1005,Artisan Sourdough Loaf,HarvestGold,Pack,8,Washington,Seattle,District B,86,6.43,552.98,371.52,181.46,4.3,True,2024-12-11
Store #101,PID-1005,Artisan Sourdough Loaf,HarvestGold,Pack,8,California,Los Angeles,District A,61,6.39,389.79,262.3,127.49,4.2,True,2024-09-05
Store #110,PID-1003,Dark Roast Whole Bean 500g,PureBrew,Bag,6,Texas,Houston,District C,57,16.44,937.08,530.67,406.41,5.0,True,2024-10-01
Store #103,PID-1010,Extra Virgin Olive Oil 750ml,GreenValley,Bottle,6,Texas,Austin,District C,10,19.85,198.5,109.8,88.7,4.3,True,2024-10-03
Store #106,PID-1006,Organic Rolled Oats 1kg,HarvestGold,Bag,10,Washington,Seattle,District B,21,8.11,170.31,106.89,63.42,4.2,True,2024-10-10
Store #103,PID-1009,Raw Wildflower Honey 500g,GreenValley,Jar,12,Texas,Austin,District C,63,11.25,708.75,406.98,301.77,4.2,True,2024-07-21
Store #109,PID-1012,Organic Chia Seeds 500g,NutriFarm,Bag,12,California,San Diego,District A,8,8.1,64.8,35.84,28.96,4.9,False,2024-05-07
Store #107,PID-1008,Sparkling Spring Water 750ml,VitalityFoods,Bottle,12,Florida,Miami,District D,45,2.73,122.85,67.95,54.9,4.6,True,2024-01-22
Store #101,PID-1005,Artisan Sourdough Loaf,HarvestGold,Pack,8,California,Los Angeles,District A,101,6.59,665.59,378.75,286.84,4.7,True,2024-03-04
Store #102,PID-1002,Cold Brew Coffee 330ml,PureBrew,Bottle,24,California,San Francisco,District B,134,4.08,546.72,363.14,183.58,4.3,False,2024-02-07
Store #109,PID-1010,Extra Virgin Olive Oil 750ml,GreenValley,Bottle,6,California,San Diego,District A,29,19.44,563.76,377.0,186.76,4.0,True,2024-03-18
Store #105,PID-1006,Organic Rolled Oats 1kg,HarvestGold,Bag,10,New York,New York,District A,136,8.18,1112.48,662.32,450.16,4.4,False,2024-08-05
Store #110,PID-1008,Sparkling Spring Water 750ml,VitalityFoods,Bottle,12,Texas,Houston,District C,79,2.77,218.83,127.98,90.85,4.3,True,2024-07-11
Store #105,PID-1012,Organic Chia Seeds 500g,NutriFarm,Bag,12,New York,New York,District A,134,8.27,1108.18,612.38,495.8,4.4,True,2024-09-30
Store #106,PID-1009,Raw Wildflower Honey 500g,GreenValley,Jar,12,Washington,Seattle,District B,120,11.17,1340.4,933.6,406.8,4.3,True,2024-02-25
Store #106,PID-1008,Sparkling Spring Water 750ml,VitalityFoods,Bottle,12,Washington,Seattle,District B,32,2.83,90.56,54.4,36.16,4.8,True,2024-10-15
Store #102,PID-1009,Raw Wildflower Honey 500g,GreenValley,Jar,12,California,San Francisco,District B,58,11.91,690.78,430.94,259.84,4.1,True,2024-03-27
Store #110,PID-1008,Sparkling Spring Water 750ml,VitalityFoods,Bottle,12,Texas,Houston,District C,64,2.67,170.88,106.88,64.0,4.3,True,2024-09-24
Store #103,PID-1001,Organic Almond Milk 1L,NutriFarm,Carton,12,Texas,Austin,District C,109,4.66,507.94,299.75,208.19,4.1,True,2024-06-13
Store #108,PID-1009,Raw Wildflower Honey 500g,GreenValley,Jar,12,Illinois,Chicago,District B,85,12.02,1021.7,598.4,423.3,4.4,True,2024-09-12
Store #109,PID-1012,Organic Chia Seeds 500g,NutriFarm,Bag,12,California,San Diego,District A,31,8.43,261.33,146.63,114.7,4.0,False,2024-02-11
Store #109,PID-1012,Organic Chia Seeds 500g,NutriFarm,Bag,12,California,San Diego,District A,47,8.23,386.81,263.2,123.61,3.9,True,2024-03-03
Store #108,PID-1003,Dark Roast Whole Bean 500g,PureBrew,Bag,6,Illinois,Chicago,District B,139,15.97,2219.83,1470.62,749.21,4.5,True,2024-11-16
Store #105,PID-1002,Cold Brew Coffee 330ml,PureBrew,Bottle,24,New York,New York,District A,80,4.08,326.4,222.4,104.0,4.1,True,2024-08-10
Store #106,PID-1010,Extra Virgin Olive Oil 750ml,GreenValley,Bottle,6,Washington,Seattle,District B,47,18.31,860.57,540.97,319.6,4.0,True,2024-11-28
Store #106,PID-1009,Raw Wildflower Honey 500g,GreenValley,Jar,12,Washington,Seattle,District B,69,11.46,790.74,460.23,330.51,4.2,True,2024-11-05
Store #103,PID-1003,Dark Roast Whole Bean 500g,PureBrew,Bag,6,Texas,Austin,District C,126,15.21,1916.46,1174.32,742.14,4.0,False,2024-09-25
Store #101,PID-1005,Artisan Sourdough Loaf,HarvestGold,Pack,8,California,Los Angeles,District A,53,6.29,333.37,188.15,145.22,4.4,False,2024-12-25
Store #110,PID-1008,Sparkling Spring Water 750ml,VitalityFoods,Bottle,12,Texas,Houston,District C,45,2.67,120.15,77.4,42.75,4.9,True,2024-10-31
Store #101,PID-1004,Greek Yogurt Plain 450g,AlpineDairy,Tub,12,California,Los Angeles,District A,77,5.46,420.42,285.67,134.75,4.5,True,2024-05-20
Store #110,PID-1007,Grass-Fed Whole Milk 1 Gal,AlpineDairy,Jug,6,Texas,Houston,District C,56,6.02,337.12,193.2,143.92,4.7,True,2024-05-10
Store #105,PID-1010,Extra Virgin Olive Oil 750ml,GreenValley,Bottle,6,New York,New York,District A,37,19.55,723.35,461.39,261.96,4.7,True,2024-02-22
Store #110,PID-1010,Extra Virgin Olive Oil 750ml,GreenValley,Bottle,6,Texas,Houston,District C,126,18.44,2323.44,1278.9,1044.54,4.1,True,2024-05-21
Store #110,PID-1003,Dark Roast Whole Bean 500g,PureBrew,Bag,6,Texas,Houston,District C,47,15.95,749.65,412.19,337.46,3.9,True,2024-03-14
Store #103,PID-1009,Raw Wildflower Honey 500g,GreenValley,Jar,12,Texas,Austin,District C,113,11.68,1319.84,791.0,528.84,4.4,False,2024-08-13
Store #109,PID-1007,Grass-Fed Whole Milk 1 Gal,AlpineDairy,Jug,6,California,San Diego,District A,103,6.42,661.26,398.61,262.65,4.8,True,2024-07-12
Store #102,PID-1010,Extra Virgin Olive Oil 750ml,GreenValley,Bottle,6,California,San Francisco,District B,47,19.84,932.48,629.33,303.15,4.7,True,2024-04-19
Store #109,PID-1008,Sparkling Spring Water 750ml,VitalityFoods,Bottle,12,California,San Diego,District A,69,2.84,195.96,124.2,71.76,4.3,True,2024-09-07
Store #101,PID-1006,Organic Rolled Oats 1kg,HarvestGold,Bag,10,California,Los Angeles,District A,93,8.17,759.81,442.68,317.13,4.5,True,2024-08-26
Store #104,PID-1007,Grass-Fed Whole Milk 1 Gal,AlpineDairy,Jug,6,Texas,Dallas,District C,50,6.56,328.0,229.5,98.5,4.0,True,2024-07-10
Store #104,PID-1001,Organic Almond Milk 1L,NutriFarm,Carton,12,Texas,Dallas,District C,84,4.41,370.44,254.52,115.92,4.9,True,2024-10-27
Store #101,PID-1010,Extra Virgin Olive Oil 750ml,GreenValley,Bottle,6,California,Los Angeles,District A,13,19.27,250.51,161.85,88.66,4.3,True,2024-05-19
Store #105,PID-1005,Artisan Sourdough Loaf,HarvestGold,Pack,8,New York,New York,District A,19,6.8,129.2,87.02,42.18,4.8,True,2024-11-16
Store #110,PID-1011,Matcha Green Tea Powder 100g,VitalityFoods,Tin,12,Texas,Houston,District C,130,19.34,2514.2,1665.3,848.9,4.6,True,2024-08-20
Store #102,PID-1001,Organic Almond Milk 1L,NutriFarm,Carton,12,California,San Francisco,District B,12,4.54,54.48,35.76,18.72,4.6,True,2024-07-08
Store #103,PID-1002,Cold Brew Coffee 330ml,PureBrew,Bottle,24,Texas,Austin,District C,35,3.81,133.35,86.1,47.25,3.9,False,2024-08-02
Store #109,PID-1005,Artisan Sourdough Loaf,HarvestGold,Pack,8,California,San Diego,District A,9,6.38,57.42,37.35,20.07,4.9,True,2024-04-09
Store #103,PID-1010,Extra Virgin Olive Oil 750ml,GreenValley,Bottle,6,Texas,Austin,District C,137,18.07,2475.59,1608.38,867.21,4.3,True,2024-07-06
Store #101,PID-1002,Cold Brew Coffee 330ml,PureBrew,Bottle,24,California,Los Angeles,District A,133,3.85,512.05,301.91,210.14,4.0,False,2024-04-08
Store #110,PID-1004,Greek Yogurt Plain 450g,AlpineDairy,Tub,12,Texas,Houston,District C,134,5.24,702.16,452.92,249.24,4.8,True,2024-12-18
Store #105,PID-1005,Artisan Sourdough Loaf,HarvestGold,Pack,8,New York,New York,District A,94,6.24,586.56,363.78,222.78,4.8,False,2024-10-14
Store #108,PID-1002,Cold Brew Coffee 330ml,PureBrew,Bottle,24,Illinois,Chicago,District B,28,3.86,108.08,60.76,47.32,4.2,True,2024-02-29
Store #101,PID-1003,Dark Roast Whole Bean 500g,PureBrew,Bag,6,California,Los Angeles,District A,60,16.21,972.6,601.8,370.8,4.9,True,2024-01-06
Store #105,PID-1011,Matcha Green Tea Powder 100g,VitalityFoods,Tin,12,New York,New York,District A,53,20.48,1085.44,717.09,368.35,4.2,True,2024-11-24
Store #105,PID-1003,Dark Roast Whole Bean 500g,PureBrew,Bag,6,New York,New York,District A,40,16.09,643.6,394.0,249.6,4.8,True,2024-05-22
Store #104,PID-1003,Dark Roast Whole Bean 500g,PureBrew,Bag,6,Texas,Dallas,District C,71,16.31,1158.01,683.02,474.99,4.4,True,2024-05-31
Store #106,PID-1011,Matcha Green Tea Powder 100g,VitalityFoods,Tin,12,Washington,Seattle,District B,120,20.65,2478.0,1618.8,859.2,4.0,True,2024-09-24
Store #110,PID-1007,Grass-Fed Whole Milk 1 Gal,AlpineDairy,Jug,6,Texas,Houston,District C,58,6.6,382.8,235.48,147.32,4.6,True,2024-03-20
Store #105,PID-1004,Greek Yogurt Plain 450g,AlpineDairy,Tub,12,New York,New York,District A,133,5.32,707.56,468.16,239.4,4.1,True,2024-06-24
Store #104,PID-1005,Artisan Sourdough Loaf,HarvestGold,Pack,8,Texas,Dallas,District C,124,6.33,784.92,540.64,244.28,4.4,True,2024-04-21
Store #108,PID-1003,Dark Roast Whole Bean 500g,PureBrew,Bag,6,Illinois,Chicago,District B,87,15.79,1373.73,833.46,540.27,4.5,False,2024-08-27
Store #102,PID-1011,Matcha Green Tea Powder 100g,VitalityFoods,Tin,12,California,San Francisco,District B,7,19.31,135.17,84.0,51.17,4.2,True,2024-07-02
Store #103,PID-1006,Organic Rolled Oats 1kg,HarvestGold,Bag,10,Texas,Austin,District C,46,7.96,366.16,211.6,154.56,3.8,True,2024-06-05
Store #108,PID-1010,Extra Virgin Olive Oil 750ml,GreenValley,Bottle,6,Illinois,Chicago,District B,116,19.43,2253.88,1400.12,853.76,4.1,True,2024-10-21
Store #110,PID-1006,Organic Rolled Oats 1kg,HarvestGold,Bag,10,Texas,Houston,District C,107,7.83,837.81,583.15,254.66,4.9,True,2024-09-04
Store #109,PID-1002,Cold Brew Coffee 330ml,PureBrew,Bottle,24,California,San Diego,District A,114,4.1,467.4,323.76,143.64,4.3,False,2024-08-03
Store #109,PID-1003,Dark Roast Whole Bean 500g,PureBrew,Bag,6,California,San Diego,District A,139,15.51,2155.89,1499.81,656.08,4.7,True,2024-06-02
Store #106,PID-1001,Organic Almond Milk 1L,NutriFarm,Carton,12,Washington,Seattle,District B,84,4.62,388.08,221.76,166.32,4.2,True,2024-02-16
Store #108,PID-1001,Organic Almond Milk 1L,NutriFarm,Carton,12,Illinois,Chicago,District B,42,4.36,183.12,105.42,77.7,4.2,True,2024-12-03
Store #104,PID-1007,Grass-Fed Whole Milk 1 Gal,AlpineDairy,Jug,6,Texas,Dallas,District C,67,6.07,406.69,257.28,149.41,4.7,False,2024-02-16
Store #103,PID-1006,Organic Rolled Oats 1kg,HarvestGold,Bag,10,Texas,Austin,District C,125,8.03,1003.75,611.25,392.5,4.1,True,2024-02-21
Store #107,PID-1008,Sparkling Spring Water 750ml,VitalityFoods,Bottle,12,Florida,Miami,District D,29,2.76,80.04,47.85,32.19,4.9,True,2024-05-04
Store #106,PID-1005,Artisan Sourdough Loaf,HarvestGold,Pack,8,Washington,Seattle,District B,113,6.55,740.15,466.69,273.46,4.2,True,2024-12-11
Store #110,PID-1001,Organic Almond Milk 1L,NutriFarm,Carton,12,Texas,Houston,District C,50,4.61,230.5,139.5,91.0,4.2,True,2024-04-23
Store #110,PID-1010,Extra Virgin Olive Oil 750ml,GreenValley,Bottle,6,Texas,Houston,District C,24,19.27,462.48,264.0,198.48,4.0,True,2024-07-22
Store #107,PID-1002,Cold Brew Coffee 330ml,PureBrew,Bottle,24,Florida,Miami,District D,103,4.05,417.15,256.47,160.68,4.1,True,2024-06-22
Store #108,PID-1001,Organic Almond Milk 1L,NutriFarm,Carton,12,Illinois,Chicago,District B,112,4.35,487.2,296.8,190.4,4.4,False,2024-05-13
Store #102,PID-1006,Organic Rolled Oats 1kg,HarvestGold,Bag,10,California,San Francisco,District B,30,8.11,243.3,148.5,94.8,4.8,True,2024-12-17
Store #103,PID-1010,Extra Virgin Olive Oil 750ml,GreenValley,Bottle,6,Texas,Austin,District C,103,19.34,1992.02,1099.01,893.01,4.6,True,2024-09-16
Store #107,PID-1001,Organic Almond Milk 1L,NutriFarm,Carton,12,Florida,Miami,District D,113,4.38,494.94,319.79,175.15,4.5,True,2024-06-04
Store #108,PID-1009,Raw Wildflower Honey 500g,GreenValley,Jar,12,Illinois,Chicago,District B,126,11.73,1477.98,1000.44,477.54,5.0,False,2024-07-09
Store #103,PID-1007,Grass-Fed Whole Milk 1 Gal,AlpineDairy,Jug,6,Texas,Austin,District C,103,6.52,671.56,376.98,294.58,3.8,True,2024-09-29
Store #110,PID-1005,Artisan Sourdough Loaf,HarvestGold,Pack,8,Texas,Houston,District C,136,6.69,909.84,599.76,310.08,4.3,False,2024-04-11
Store #105,PID-1001,Organic Almond Milk 1L,NutriFarm,Carton,12,New York,New York,District A,130,4.47,581.1,323.7,257.4,4.5,True,2024-03-03
Store #107,PID-1006,Organic Rolled Oats 1kg,HarvestGold,Bag,10,Florida,Miami,District D,80,8.2,656.0,363.2,292.8,4.1,True,2024-12-11
Store #107,PID-1001,Organic Almond Milk 1L,NutriFarm,Carton,12,Florida,Miami,District D,88,4.4,387.2,214.72,172.48,3.9,True,2024-08-16
Store #109,PID-1012,Organic Chia Seeds 500g,NutriFarm,Bag,12,California,San Diego,District A,68,8.21,558.28,351.56,206.72,4.0,True,2024-07-21
Store #108,PID-1007,Grass-Fed Whole Milk 1 Gal,AlpineDairy,Jug,6,Illinois,Chicago,District B,93,6.59,612.87,400.83,212.04,4.1,True,2024-05-20
Store #109,PID-1010,Extra Virgin Olive Oil 750ml,GreenValley,Bottle,6,California,San Diego,District A,15,18.19,272.85,165.3,107.55,4.0,True,2024-08-22
Store #102,PID-1007,Grass-Fed Whole Milk 1 Gal,AlpineDairy,Jug,6,California,San Francisco,District B,25,6.19,154.75,100.0,54.75,4.2,True,2024-09-19
Store #103,PID-1012,Organic Chia Seeds 500g,NutriFarm,Bag,12,Texas,Austin,District C,25,8.78,219.5,135.0,84.5,3.9,True,2024-05-11
Store #105,PID-1005,Artisan Sourdough Loaf,HarvestGold,Pack,8,New York,New York,District A,136,6.52,886.72,592.96,293.76,4.6,False,2024-11-11
Store #110,PID-1008,Sparkling Spring Water 750ml,VitalityFoods,Bottle,12,Texas,Houston,District C,116,2.73,316.68,206.48,110.2,4.0,True,2024-04-20
Store #101,PID-1010,Extra Virgin Olive Oil 750ml,GreenValley,Bottle,6,California,Los Angeles,District A,51,19.33,985.83,582.42,403.41,4.3,False,2024-07-23
Store #107,PID-1011,Matcha Green Tea Powder 100g,VitalityFoods,Tin,12,Florida,Miami,District D,75,19.52,1464.0,936.75,527.25,5.0,True,2024-03-07
Store #104,PID-1004,Greek Yogurt Plain 450g,AlpineDairy,Tub,12,Texas,Dallas,District C,88,5.14,452.32,290.4,161.92,4.7,True,2024-01-10
Store #108,PID-1010,Extra Virgin Olive Oil 750ml,GreenValley,Bottle,6,Illinois,Chicago,District B,89,19.07,1697.23,1054.65,642.58,4.5,True,2024-08-03
Store #106,PID-1006,Organic Rolled Oats 1kg,HarvestGold,Bag,10,Washington,Seattle,District B,43,7.96,342.28,226.18,116.1,4.1,True,2024-08-15
Store #107,PID-1005,Artisan Sourdough Loaf,HarvestGold,Pack,8,Florida,Miami,District D,13,6.59,85.67,54.47,31.2,3.9,True,2024-07-25
Store #106,PID-1002,Cold Brew Coffee 330ml,PureBrew,Bottle,24,Washington,Seattle,District B,140,3.94,551.6,327.6,224.0,4.2,True,2024-04-16
Store #101,PID-1003,Dark Roast Whole Bean 500g,PureBrew,Bag,6,California,Los Angeles,District A,47,16.19,760.93,483.16,277.77,4.3,True,2024-11-15
Store #105,PID-1009,Raw Wildflower Honey 500g,GreenValley,Jar,12,New York,New York,District A,65,11.35,737.75,465.4,272.35,4.3,True,2024-09-08
Store #102,PID-1002,Cold Brew Coffee 330ml,PureBrew,Bottle,24,California,San Francisco,District B,60,3.87,232.2,131.4,100.8,4.1,True,2024-07-21
Store #107,PID-1009,Raw Wildflower Honey 500g,GreenValley,Jar,12,Florida,Miami,District D,95,11.78,1119.1,685.9,433.2,4.5,True,2024-07-28
Store #106,PID-1011,Matcha Green Tea Powder 100g,VitalityFoods,Tin,12,Washington,Seattle,District B,86,19.99,1719.14,1082.74,636.4,4.1,True,2024-02-24
Store #108,PID-1005,Artisan Sourdough Loaf,HarvestGold,Pack,8,Illinois,Chicago,District B,45,6.77,304.65,175.5,129.15,4.1,True,2024-08-18
Store #106,PID-1008,Sparkling Spring Water 750ml,VitalityFoods,Bottle,12,Washington,Seattle,District B,49,2.84,139.16,78.4,60.76,4.5,True,2024-12-01
Store #107,PID-1007,Grass-Fed Whole Milk 1 Gal,AlpineDairy,Jug,6,Florida,Miami,District D,12,6.36,76.32,43.56,32.76,4.5,True,2024-04-06
Store #110,PID-1010,Extra Virgin Olive Oil 750ml,GreenValley,Bottle,6,Texas,Houston,District C,10,18.66,186.6,109.6,77.0,4.5,True,2024-07-28
Store #102,PID-1006,Organic Rolled Oats 1kg,HarvestGold,Bag,10,California,San Francisco,District B,104,8.03,835.12,567.84,267.28,4.8,True,2024-01-12
Store #106,PID-1012,Organic Chia Seeds 500g,NutriFarm,Bag,12,Washington,Seattle,District B,49,8.47,415.03,272.44,142.59,4.0,True,2024-05-02
Store #102,PID-1001,Organic Almond Milk 1L,NutriFarm,Carton,12,California,San Francisco,District B,123,4.47,549.81,359.16,190.65,4.3,True,2024-04-15
Store #103,PID-1008,Sparkling Spring Water 750ml,VitalityFoods,Bottle,12,Texas,Austin,District C,33,2.87,94.71,64.02,30.69,4.8,True,2024-09-13
Store #104,PID-1008,Sparkling Spring Water 750ml,VitalityFoods,Bottle,12,Texas,Dallas,District C,6,2.86,17.16,11.22,5.94,4.3,True,2024-02-05
Store #108,PID-1007,Grass-Fed Whole Milk 1 Gal,AlpineDairy,Jug,6,Illinois,Chicago,District B,111,6.58,730.38,498.39,231.99,4.4,True,2024-02-06
Store #110,PID-1011,Matcha Green Tea Powder 100g,VitalityFoods,Tin,12,Texas,Houston,District C,11,19.87,218.57,147.4,71.17,3.9,True,2024-09-30
Store #101,PID-1006,Organic Rolled Oats 1kg,HarvestGold,Bag,10,California,Los Angeles,District A,135,8.09,1092.15,672.3,419.85,4.7,False,2024-07-23
Store #105,PID-1010,Extra Virgin Olive Oil 750ml,GreenValley,Bottle,6,New York,New York,District A,48,18.74,899.52,583.2,316.32,4.0,True,2024-02-27
Store #108,PID-1004,Greek Yogurt Plain 450g,AlpineDairy,Tub,12,Illinois,Chicago,District B,29,5.2,150.8,98.6,52.2,4.3,True,2024-05-15
Store #104,PID-1005,Artisan Sourdough Loaf,HarvestGold,Pack,8,Texas,Dallas,District C,80,6.61,528.8,316.8,212.0,4.3,True,2024-06-24
Store #105,PID-1010,Extra Virgin Olive Oil 750ml,GreenValley,Bottle,6,New York,New York,District A,40,18.32,732.8,434.8,298.0,4.1,True,2024-01-19
Store #106,PID-1012,Organic Chia Seeds 500g,NutriFarm,Bag,12,Washington,Seattle,District B,83,8.87,736.21,422.47,313.74,4.6,True,2024-05-29
Store #108,PID-1011,Matcha Green Tea Powder 100g,VitalityFoods,Tin,12,Illinois,Chicago,District B,44,20.48,901.12,589.6,311.52,4.0,True,2024-05-30
Store #107,PID-1005,Artisan Sourdough Loaf,HarvestGold,Pack,8,Florida,Miami,District D,63,6.18,389.34,226.8,162.54,4.2,True,2024-11-22
Store #105,PID-1006,Organic Rolled Oats 1kg,HarvestGold,Bag,10,New York,New York,District A,137,7.91,1083.67,695.96,387.71,4.0,True,2024-09-17
Store #103,PID-1010,Extra Virgin Olive Oil 750ml,GreenValley,Bottle,6,Texas,Austin,District C,85,19.03,1617.55,981.75,635.8,4.9,True,2024-09-13
Store #109,PID-1008,Sparkling Spring Water 750ml,VitalityFoods,Bottle,12,California,San Diego,District A,128,2.9,371.2,204.8,166.4,4.9,True,2024-03-30
Store #105,PID-1004,Greek Yogurt Plain 450g,AlpineDairy,Tub,12,New York,New York,District A,43,5.17,222.31,148.35,73.96,4.7,True,2024-04-24
Store #106,PID-1008,Sparkling Spring Water 750ml,VitalityFoods,Bottle,12,Washington,Seattle,District B,8,2.88,23.04,15.6,7.44,4.7,True,2024-08-23
Store #104,PID-1012,Organic Chia Seeds 500g,NutriFarm,Bag,12,Texas,Dallas,District C,98,8.63,845.74,515.48,330.26,3.9,True,2024-04-13
Store #102,PID-1005,Artisan Sourdough Loaf,HarvestGold,Pack,8,California,San Francisco,District B,25,6.8,170.0,95.0,75.0,4.5,True,2024-10-10
Store #105,PID-1012,Organic Chia Seeds 500g,NutriFarm,Bag,12,New York,New York,District A,67,8.26,553.42,363.81,189.61,4.0,True,2024-04-03
Store #105,PID-1009,Raw Wildflower Honey 500g,GreenValley,Jar,12,New York,New York,District A,28,11.77,329.56,217.56,112.0,4.9,True,2024-05-22
Store #103,PID-1009,Raw Wildflower Honey 500g,GreenValley,Jar,12,Texas,Austin,District C,20,11.15,223.0,130.8,92.2,4.7,True,2024-06-04
Store #102,PID-1009,Raw Wildflower Honey 500g,GreenValley,Jar,12,California,San Francisco,District B,86,11.82,1016.52,570.18,446.34,4.4,True,2024-01-27
Store #108,PID-1004,Greek Yogurt Plain 450g,AlpineDairy,Tub,12,Illinois,Chicago,District B,60,5.34,320.4,190.8,129.6,3.8,True,2024-02-21
Store #102,PID-1012,Organic Chia Seeds 500g,NutriFarm,Bag,12,California,San Francisco,District B,54,8.57,462.78,298.62,164.16,4.7,True,2024-08-14
Store #105,PID-1007,Grass-Fed Whole Milk 1 Gal,AlpineDairy,Jug,6,New York,New York,District A,74,6.29,465.46,268.62,196.84,4.4,True,2024-11-03
Store #105,PID-1005,Artisan Sourdough Loaf,HarvestGold,Pack,8,New York,New York,District A,68,6.39,434.52,282.88,151.64,4.4,True,2024-09-29
Store #102,PID-1003,Dark Roast Whole Bean 500g,PureBrew,Bag,6,California,San Francisco,District B,6,15.7,94.2,65.58,28.62,4.4,True,2024-09-06
Store #102,PID-1007,Grass-Fed Whole Milk 1 Gal,AlpineDairy,Jug,6,California,San Francisco,District B,82,6.03,494.46,336.2,158.26,4.2,True,2024-12-10
Store #103,PID-1004,Greek Yogurt Plain 450g,AlpineDairy,Tub,12,Texas,Austin,District C,64,5.14,328.96,205.44,123.52,4.2,True,2024-02-25
Store #102,PID-1011,Matcha Green Tea Powder 100g,VitalityFoods,Tin,12,California,San Francisco,District B,58,20.13,1167.54,669.32,498.22,4.0,True,2024-06-02
Store #103,PID-1003,Dark Roast Whole Bean 500g,PureBrew,Bag,6,Texas,Austin,District C,45,15.71,706.95,443.7,263.25,4.4,True,2024-11-08
Store #107,PID-1012,Organic Chia Seeds 500g,NutriFarm,Bag,12,Florida,Miami,District D,63,8.86,558.18,346.5,211.68,4.8,True,2024-05-17
Store #103,PID-1005,Artisan Sourdough Loaf,HarvestGold,Pack,8,Texas,Austin,District C,95,6.7,636.5,380.0,256.5,4.2,True,2024-06-19
Store #107,PID-1001,Organic Almond Milk 1L,NutriFarm,Carton,12,Florida,Miami,District D,19,4.7,89.3,53.77,35.53,4.8,True,2024-07-25
Store #105,PID-1001,Organic Almond Milk 1L,NutriFarm,Carton,12,New York,New York,District A,56,4.36,244.16,160.72,83.44,4.2,True,2024-12-26
Store #106,PID-1007,Grass-Fed Whole Milk 1 Gal,AlpineDairy,Jug,6,Washington,Seattle,District B,88,6.33,557.04,367.84,189.2,4.8,True,2024-07-14
Store #108,PID-1005,Artisan Sourdough Loaf,HarvestGold,Pack,8,Illinois,Chicago,District B,24,6.32,151.68,90.72,60.96,4.4,True,2024-02-24
Store #108,PID-1001,Organic Almond Milk 1L,NutriFarm,Carton,12,Illinois,Chicago,District B,104,4.57,475.28,326.56,148.72,4.4,True,2024-12-03
Store #110,PID-1010,Extra Virgin Olive Oil 750ml,GreenValley,Bottle,6,Texas,Houston,District C,20,18.23,364.6,235.6,129.0,4.1,True,2024-07-11
Store #105,PID-1002,Cold Brew Coffee 330ml,PureBrew,Bottle,24,New York,New York,District A,39,4.14,161.46,90.48,70.98,5.0,True,2024-08-29
Store #103,PID-1003,Dark Roast Whole Bean 500g,PureBrew,Bag,6,Texas,Austin,District C,81,16.11,1304.91,827.82,477.09,4.3,True,2024-10-28
Store #109,PID-1011,Matcha Green Tea Powder 100g,VitalityFoods,Tin,12,California,San Diego,District A,140,20.62,2886.8,1885.8,1001.0,4.0,True,2024-05-13
Store #106,PID-1006,Organic Rolled Oats 1kg,HarvestGold,Bag,10,Washington,Seattle,District B,59,7.74,456.66,283.2,173.46,4.4,True,2024-08-16
Store #105,PID-1005,Artisan Sourdough Loaf,HarvestGold,Pack,8,New York,New York,District A,10,6.26,62.6,40.5,22.1,4.3,True,2024-11-05
Store #101,PID-1009,Raw Wildflower Honey 500g,GreenValley,Jar,12,California,Los Angeles,District A,136,11.34,1542.24,979.2,563.04,5.0,True,2024-01-31
Store #106,PID-1009,Raw Wildflower Honey 500g,GreenValley,Jar,12,Washington,Seattle,District B,77,11.58,891.66,575.19,316.47,4.7,True,2024-09-08
Store #109,PID-1002,Cold Brew Coffee 330ml,PureBrew,Bottle,24,California,San Diego,District A,45,4.11,184.95,125.1,59.85,3.9,True,2024-09-29
Store #110,PID-1011,Matcha Green Tea Powder 100g,VitalityFoods,Tin,12,Texas,Houston,District C,23,20.52,471.96,290.03,181.93,4.1,True,2024-04-07
Store #103,PID-1011,Matcha Green Tea Powder 100g,VitalityFoods,Tin,12,Texas,Austin,District C,23,19.35,445.05,283.13,161.92,4.3,True,2024-06-18
Store #107,PID-1001,Organic Almond Milk 1L,NutriFarm,Carton,12,Florida,Miami,District D,80,4.27,341.6,230.4,111.2,3.8,True,2024-07-24
Store #107,PID-1003,Dark Roast Whole Bean 500g,PureBrew,Bag,6,Florida,Miami,District D,62,16.12,999.44,664.64,334.8,4.4,True,2024-05-12
Store #104,PID-1010,Extra Virgin Olive Oil 750ml,GreenValley,Bottle,6,Texas,Dallas,District C,44,18.4,809.6,463.32,346.28,4.2,False,2024-06-30
Store #109,PID-1010,Extra Virgin Olive Oil 750ml,GreenValley,Bottle,6,California,San Diego,District A,37,19.07,705.59,489.14,216.45,4.2,True,2024-01-21
Store #104,PID-1011,Matcha Green Tea Powder 100g,VitalityFoods,Tin,12,Texas,Dallas,District C,56,19.6,1097.6,673.68,423.92,4.1,True,2024-04-16
Store #104,PID-1006,Organic Rolled Oats 1kg,HarvestGold,Bag,10,Texas,Dallas,District C,40,8.29,331.6,229.2,102.4,3.9,True,2024-01-14
Store #101,PID-1008,Sparkling Spring Water 750ml,VitalityFoods,Bottle,12,California,Los Angeles,District A,102,2.66,271.32,167.28,104.04,4.0,True,2024-04-16
Store #110,PID-1002,Cold Brew Coffee 330ml,PureBrew,Bottle,24,Texas,Houston,District C,49,3.99,195.51,124.46,71.05,4.4,True,2024-02-17
Store #104,PID-1002,Cold Brew Coffee 330ml,PureBrew,Bottle,24,Texas,Dallas,District C,96,4.09,392.64,234.24,158.4,4.0,True,2024-09-07
Store #109,PID-1006,Organic Rolled Oats 1kg,HarvestGold,Bag,10,California,San Diego,District A,70,8.0,560.0,387.1,172.9,3.8,True,2024-09-01
Store #107,PID-1007,Grass-Fed Whole Milk 1 Gal,AlpineDairy,Jug,6,Florida,Miami,District D,95,6.2,589.0,351.5,237.5,3.9,True,2024-02-21
Store #105,PID-1004,Greek Yogurt Plain 450g,AlpineDairy,Tub,12,New York,New York,District A,26,5.37,139.62,93.86,45.76,4.9,False,2024-12-25
Store #105,PID-1012,Organic Chia Seeds 500g,NutriFarm,Bag,12,New York,New York,District A,87,8.1,704.7,476.76,227.94,4.0,False,2024-11-27
Store #109,PID-1003,Dark Roast Whole Bean 500g,PureBrew,Bag,6,California,San Diego,District A,125,16.41,2051.25,1147.5,903.75,4.8,True,2024-03-12
Store #105,PID-1006,Organic Rolled Oats 1kg,HarvestGold,Bag,10,New York,New York,District A,111,8.25,915.75,561.66,354.09,4.0,True,2024-11-12
Store #103,PID-1012,Organic Chia Seeds 500g,NutriFarm,Bag,12,Texas,Austin,District C,51,8.38,427.38,294.27,133.11,4.7,False,2024-12-08
Store #104,PID-1005,Artisan Sourdough Loaf,HarvestGold,Pack,8,Texas,Dallas,District C,100,6.76,676.0,399.0,277.0,4.2,True,2024-07-25
Store #106,PID-1001,Organic Almond Milk 1L,NutriFarm,Carton,12,Washington,Seattle,District B,13,4.6,59.8,34.19,25.61,4.3,True,2024-08-28
Store #110,PID-1012,Organic Chia Seeds 500g,NutriFarm,Bag,12,Texas,Houston,District C,48,8.2,393.6,217.44,176.16,4.9,False,2024-09-25
Store #102,PID-1002,Cold Brew Coffee 330ml,PureBrew,Bottle,24,California,San Francisco,District B,123,4.18,514.14,349.32,164.82,4.4,True,2024-08-31
Store #110,PID-1011,Matcha Green Tea Powder 100g,VitalityFoods,Tin,12,Texas,Houston,District C,84,19.94,1674.96,1147.44,527.52,4.1,True,2024-01-01
Store #109,PID-1006,Organic Rolled Oats 1kg,HarvestGold,Bag,10,California,San Diego,District A,29,7.97,231.13,153.12,78.01,4.8,True,2024-11-10
Store #104,PID-1009,Raw Wildflower Honey 500g,GreenValley,Jar,12,Texas,Dallas,District C,41,11.17,457.97,257.48,200.49,3.9,True,2024-03-07
Store #110,PID-1002,Cold Brew Coffee 330ml,PureBrew,Bottle,24,Texas,Houston,District C,62,3.89,241.18,159.34,81.84,4.2,True,2024-05-07
Store #108,PID-1011,Matcha Green Tea Powder 100g,VitalityFoods,Tin,12,Illinois,Chicago,District B,138,20.02,2762.76,1929.24,833.52,4.1,True,2024-10-29
Store #106,PID-1007,Grass-Fed Whole Milk 1 Gal,AlpineDairy,Jug,6,Washington,Seattle,District B,42,6.34,266.28,183.96,82.32,3.8,True,2024-07-10
Store #107,PID-1011,Matcha Green Tea Powder 100g,VitalityFoods,Tin,12,Florida,Miami,District D,55,20.95,1152.25,636.35,515.9,4.6,True,2024-01-25
Store #104,PID-1003,Dark Roast Whole Bean 500g,PureBrew,Bag,6,Texas,Dallas,District C,87,15.21,1323.27,823.02,500.25,4.8,True,2024-07-22
Store #110,PID-1007,Grass-Fed Whole Milk 1 Gal,AlpineDairy,Jug,6,Texas,Houston,District C,59,6.26,369.34,217.71,151.63,4.3,True,2024-08-19
Store #109,PID-1006,Organic Rolled Oats 1kg,HarvestGold,Bag,10,California,San Diego,District A,52,7.79,405.08,271.96,133.12,4.4,True,2024-06-21
Store #102,PID-1011,Matcha Green Tea Powder 100g,VitalityFoods,Tin,12,California,San Francisco,District B,137,19.52,2674.24,1785.11,889.13,4.3,False,2024-06-24
Store #109,PID-1003,Dark Roast Whole Bean 500g,PureBrew,Bag,6,California,San Diego,District A,63,16.75,1055.25,711.9,343.35,3.9,True,2024-02-18
Store #103,PID-1006,Organic Rolled Oats 1kg,HarvestGold,Bag,10,Texas,Austin,District C,120,7.94,952.8,664.8,288.0,3.9,True,2024-06-06
Store #109,PID-1003,Dark Roast Whole Bean 500g,PureBrew,Bag,6,California,San Diego,District A,135,15.5,2092.5,1414.8,677.7,4.1,False,2024-07-22
Store #106,PID-1009,Raw Wildflower Honey 500g,GreenValley,Jar,12,Washington,Seattle,District B,43,11.56,497.08,313.04,184.04,3.9,True,2024-11-03
Store #109,PID-1004,Greek Yogurt Plain 450g,AlpineDairy,Tub,12,California,San Diego,District A,140,5.11,715.4,410.2,305.2,4.6,True,2024-12-21
Store #110,PID-1004,Greek Yogurt Plain 450g,AlpineDairy,Tub,12,Texas,Houston,District C,113,5.48,619.24,366.12,253.12,5.0,True,2024-03-18
Store #105,PID-1007,Grass-Fed Whole Milk 1 Gal,AlpineDairy,Jug,6,New York,New York,District A,112,6.54,732.48,454.72,277.76,4.0,True,2024-09-24
Store #101,PID-1002,Cold Brew Coffee 330ml,PureBrew,Bottle,24,California,Los Angeles,District A,84,3.87,325.08,214.2,110.88,4.5,False,2024-05-08
Store #107,PID-1003,Dark Roast Whole Bean 500g,PureBrew,Bag,6,Florida,Miami,District D,128,16.51,2113.28,1404.16,709.12,4.8,True,2024-03-14
Store #104,PID-1007,Grass-Fed Whole Milk 1 Gal,AlpineDairy,Jug,6,Texas,Dallas,District C,112,6.22,696.64,403.2,293.44,4.8,False,2024-03-22
Store #105,PID-1003,Dark Roast Whole Bean 500g,PureBrew,Bag,6,New York,New York,District A,36,16.35,588.6,375.48,213.12,4.6,True,2024-07-24
Store #103,PID-1011,Matcha Green Tea Powder 100g,VitalityFoods,Tin,12,Texas,Austin,District C,88,19.01,1672.88,949.52,723.36,4.2,False,2024-05-21
Store #110,PID-1008,Sparkling Spring Water 750ml,VitalityFoods,Bottle,12,Texas,Houston,District C,117,2.73,319.41,181.35,138.06,4.7,True,2024-04-28
Store #102,PID-1012,Organic Chia Seeds 500g,NutriFarm,Bag,12,California,San Francisco,District B,74,8.87,656.38,364.82,291.56,4.8,True,2024-06-23
Store #108,PID-1007,Grass-Fed Whole Milk 1 Gal,AlpineDairy,Jug,6,Illinois,Chicago,District B,48,6.53,313.44,204.96,108.48,4.8,True,2024-10-26
Store #104,PID-1009,Raw Wildflower Honey 500g,GreenValley,Jar,12,Texas,Dallas,District C,27,12.06,325.62,208.44,117.18,4.5,True,2024-02-22
Store #108,PID-1012,Organic Chia Seeds 500g,NutriFarm,Bag,12,Illinois,Chicago,District B,112,8.11,908.32,514.08,394.24,4.7,True,2024-08-09
Store #105,PID-1005,Artisan Sourdough Loaf,HarvestGold,Pack,8,New York,New York,District A,135,6.38,861.3,560.25,301.05,4.1,True,2024-11-23
Store #101,PID-1002,Cold Brew Coffee 330ml,PureBrew,Bottle,24,California,Los Angeles,District A,67,4.02,269.34,156.78,112.56,4.3,True,2024-09-05
Store #108,PID-1009,Raw Wildflower Honey 500g,GreenValley,Jar,12,Illinois,Chicago,District B,101,11.61,1172.61,797.9,374.71,4.6,False,2024-11-06
Store #102,PID-1010,Extra Virgin Olive Oil 750ml,GreenValley,Bottle,6,California,San Francisco,District B,30,19.13,573.9,325.8,248.1,4.7,True,2024-11-25
Store #110,PID-1007,Grass-Fed Whole Milk 1 Gal,AlpineDairy,Jug,6,Texas,Houston,District C,15,6.19,92.85,62.1,30.75,4.8,True,2024-07-20
Store #109,PID-1001,Organic Almond Milk 1L,NutriFarm,Carton,12,California,San Diego,District A,115,4.57,525.55,290.95,234.6,4.5,False,2024-07-23
Store #106,PID-1002,Cold Brew Coffee 330ml,PureBrew,Bottle,24,Washington,Seattle,District B,110,4.11,452.1,298.1,154.0,4.8,True,2024-05-29
Store #106,PID-1006,Organic Rolled Oats 1kg,HarvestGold,Bag,10,Washington,Seattle,District B,75,7.95,596.25,332.25,264.0,4.3,True,2024-05-07
Store #105,PID-1003,Dark Roast Whole Bean 500g,PureBrew,Bag,6,New York,New York,District A,87,16.37,1424.19,943.95,480.24,4.7,True,2024-04-17
Store #108,PID-1002,Cold Brew Coffee 330ml,PureBrew,Bottle,24,Illinois,Chicago,District B,95,4.04,383.8,253.65,130.15,4.8,True,2024-06-19
Store #105,PID-1002,Cold Brew Coffee 330ml,PureBrew,Bottle,24,New York,New York,District A,108,3.92,423.36,264.6,158.76,4.0,True,2024-02-16
Store #105,PID-1012,Organic Chia Seeds 500g,NutriFarm,Bag,12,New York,New York,District A,94,8.35,784.9,483.16,301.74,4.2,True,2024-09-05
Store #103,PID-1006,Organic Rolled Oats 1kg,HarvestGold,Bag,10,Texas,Austin,District C,33,7.74,255.42,152.46,102.96,4.4,True,2024-01-09
Store #105,PID-1009,Raw Wildflower Honey 500g,GreenValley,Jar,12,New York,New York,District A,50,11.37,568.5,372.0,196.5,4.0,False,2024-10-02
Store #110,PID-1011,Matcha Green Tea Powder 100g,VitalityFoods,Tin,12,Texas,Houston,District C,72,19.28,1388.16,834.48,553.68,4.2,True,2024-07-26
Store #107,PID-1002,Cold Brew Coffee 330ml,PureBrew,Bottle,24,Florida,Miami,District D,26,3.92,101.92,59.54,42.38,4.8,True,2024-05-30
Store #103,PID-1011,Matcha Green Tea Powder 100g,VitalityFoods,Tin,12,Texas,Austin,District C,11,19.98,219.78,148.39,71.39,5.0,True,2024-05-20
Store #104,PID-1008,Sparkling Spring Water 750ml,VitalityFoods,Bottle,12,Texas,Dallas,District C,60,2.69,161.4,96.0,65.4,5.0,True,2024-11-27
Store #108,PID-1008,Sparkling Spring Water 750ml,VitalityFoods,Bottle,12,Illinois,Chicago,District B,54,2.77,149.58,101.52,48.06,4.5,True,2024-07-31
Store #107,PID-1012,Organic Chia Seeds 500g,NutriFarm,Bag,12,Florida,Miami,District D,98,8.75,857.5,505.68,351.82,4.2,True,2024-05-13
Store #104,PID-1006,Organic Rolled Oats 1kg,HarvestGold,Bag,10,Texas,Dallas,District C,96,7.65,734.4,480.0,254.4,4.2,True,2024-10-03
Store #104,PID-1009,Raw Wildflower Honey 500g,GreenValley,Jar,12,Texas,Dallas,District C,37,11.03,408.11,280.46,127.65,5.0,True,2024-10-23
Store #109,PID-1006,Organic Rolled Oats 1kg,HarvestGold,Bag,10,California,San Diego,District A,63,8.17,514.71,338.31,176.4,4.6,True,2024-02-23
Store #104,PID-1008,Sparkling Spring Water 750ml,VitalityFoods,Bottle,12,Texas,Dallas,District C,18,2.78,50.04,30.78,19.26,4.5,False,2024-05-17
Store #103,PID-1001,Organic Almond Milk 1L,NutriFarm,Carton,12,Texas,Austin,District C,119,4.52,537.88,301.07,236.81,4.2,True,2024-10-13
Store #103,PID-1002,Cold Brew Coffee 330ml,PureBrew,Bottle,24,Texas,Austin,District C,95,3.82,362.9,238.45,124.45,4.5,True,2024-12-15
Store #101,PID-1012,Organic Chia Seeds 500g,NutriFarm,Bag,12,California,Los Angeles,District A,130,8.43,1095.9,728.0,367.9,4.0,True,2024-11-02
Store #108,PID-1005,Artisan Sourdough Loaf,HarvestGold,Pack,8,Illinois,Chicago,District B,82,6.38,523.16,332.1,191.06,4.9,True,2024-10-02
Store #103,PID-1009,Raw Wildflower Honey 500g,GreenValley,Jar,12,Texas,Austin,District C,85,11.91,1012.35,703.8,308.55,3.9,True,2024-12-14
Store #110,PID-1002,Cold Brew Coffee 330ml,PureBrew,Bottle,24,Texas,Houston,District C,21,4.0,84.0,55.44,28.56,4.7,True,2024-02-06
Store #110,PID-1003,Dark Roast Whole Bean 500g,PureBrew,Bag,6,Texas,Houston,District C,12,16.23,194.76,121.56,73.2,3.9,False,2024-04-02
Store #107,PID-1010,Extra Virgin Olive Oil 750ml,GreenValley,Bottle,6,Florida,Miami,District D,104,19.57,2035.28,1235.52,799.76,4.4,True,2024-12-24
Store #103,PID-1002,Cold Brew Coffee 330ml,PureBrew,Bottle,24,Texas,Austin,District C,95,3.86,366.7,225.15,141.55,4.1,False,2024-06-08
Store #105,PID-1007,Grass-Fed Whole Milk 1 Gal,AlpineDairy,Jug,6,New York,New York,District A,63,6.2,390.6,252.63,137.97,3.9,True,2024-04-12
Store #102,PID-1009,Raw Wildflower Honey 500g,GreenValley,Jar,12,California,San Francisco,District B,10,11.93,119.3,66.7,52.6,4.5,True,2024-05-11
Store #102,PID-1003,Dark Roast Whole Bean 500g,PureBrew,Bag,6,California,San Francisco,District B,140,15.21,2129.4,1275.4,854.0,4.2,True,2024-01-01
Store #110,PID-1010,Extra Virgin Olive Oil 750ml,GreenValley,Bottle,6,Texas,Houston,District C,22,19.86,436.92,252.56,184.36,4.5,True,2024-07-10
Store #104,PID-1006,Organic Rolled Oats 1kg,HarvestGold,Bag,10,Texas,Dallas,District C,44,8.07,355.08,225.72,129.36,4.9,True,2024-02-19
Store #103,PID-1009,Raw Wildflower Honey 500g,GreenValley,Jar,12,Texas,Austin,District C,118,10.95,1292.1,718.62,573.48,4.4,True,2024-03-17
Store #102,PID-1005,Artisan Sourdough Loaf,HarvestGold,Pack,8,California,San Francisco,District B,32,6.39,204.48,118.08,86.4,4.4,True,2024-05-29
Store #108,PID-1004,Greek Yogurt Plain 450g,AlpineDairy,Tub,12,Illinois,Chicago,District B,44,5.55,244.2,168.08,76.12,4.9,True,2024-11-04
Store #109,PID-1007,Grass-Fed Whole Milk 1 Gal,AlpineDairy,Jug,6,California,San Diego,District A,34,6.4,217.6,121.72,95.88,4.1,True,2024-08-17
Store #108,PID-1004,Greek Yogurt Plain 450g,AlpineDairy,Tub,12,Illinois,Chicago,District B,15,5.22,78.3,53.85,24.45,4.9,True,2024-07-25
Store #110,PID-1002,Cold Brew Coffee 330ml,PureBrew,Bottle,24,Texas,Houston,District C,28,4.06,113.68,68.04,45.64,4.4,True,2024-09-23
Store #109,PID-1009,Raw Wildflower Honey 500g,GreenValley,Jar,12,California,San Diego,District A,56,11.24,629.44,358.96,270.48,4.7,True,2024-07-20
Store #107,PID-1007,Grass-Fed Whole Milk 1 Gal,AlpineDairy,Jug,6,Florida,Miami,District D,101,6.03,609.03,337.34,271.69,3.9,True,2024-08-10
Store #110,PID-1007,Grass-Fed Whole Milk 1 Gal,AlpineDairy,Jug,6,Texas,Houston,District C,132,6.6,871.2,579.48,291.72,4.7,True,2024-06-05
Store #109,PID-1001,Organic Almond Milk 1L,NutriFarm,Carton,12,California,San Diego,District A,27,4.4,118.8,75.87,42.93,4.9,True,2024-04-06
Store #106,PID-1012,Organic Chia Seeds 500g,NutriFarm,Bag,12,Washington,Seattle,District B,12,8.11,97.32,57.96,39.36,4.0,True,2024-01-25
Store #101,PID-1011,Matcha Green Tea Powder 100g,VitalityFoods,Tin,12,California,Los Angeles,District A,135,20.04,2705.4,1560.6,1144.8,4.2,True,2024-08-10
Store #104,PID-1002,Cold Brew Coffee 330ml,PureBrew,Bottle,24,Texas,Dallas,District C,52,4.15,215.8,141.96,73.84,3.9,True,2024-08-22
Store #104,PID-1010,Extra Virgin Olive Oil 750ml,GreenValley,Bottle,6,Texas,Dallas,District C,8,18.13,145.04,88.08,56.96,4.9,False,2024-11-23
Store #105,PID-1001,Organic Almond Milk 1L,NutriFarm,Carton,12,New York,New York,District A,89,4.71,419.19,292.81,126.38,4.8,True,2024-05-03
Store #107,PID-1001,Organic Almond Milk 1L,NutriFarm,Carton,12,Florida,Miami,District D,41,4.53,185.73,119.31,66.42,4.1,True,2024-03-20
Store #110,PID-1012,Organic Chia Seeds 500g,NutriFarm,Bag,12,Texas,Houston,District C,84,8.24,692.16,472.08,220.08,4.7,True,2024-11-16
Store #101,PID-1007,Grass-Fed Whole Milk 1 Gal,AlpineDairy,Jug,6,California,Los Angeles,District A,101,6.15,621.15,425.21,195.94,4.8,True,2024-07-30
Store #110,PID-1001,Organic Almond Milk 1L,NutriFarm,Carton,12,Texas,Houston,District C,106,4.28,453.68,302.1,151.58,4.0,True,2024-11-16
Store #102,PID-1011,Matcha Green Tea Powder 100g,VitalityFoods,Tin,12,California,San Francisco,District B,34,19.31,656.54,438.94,217.6,3.9,True,2024-02-28
Store #103,PID-1012,Organic Chia Seeds 500g,NutriFarm,Bag,12,Texas,Austin,District C,106,8.31,880.86,522.58,358.28,4.8,True,2024-05-11
Store #102,PID-1007,Grass-Fed Whole Milk 1 Gal,AlpineDairy,Jug,6,California,San Francisco,District B,27,6.32,170.64,106.65,63.99,4.0,True,2024-04-13
Store #108,PID-1008,Sparkling Spring Water 750ml,VitalityFoods,Bottle,12,Illinois,Chicago,District B,33,2.71,89.43,60.39,29.04,4.0,True,2024-02-25
Store #102,PID-1004,Greek Yogurt Plain 450g,AlpineDairy,Tub,12,California,San Francisco,District B,99,5.26,520.74,297.99,222.75,4.5,False,2024-08-11
Store #109,PID-1004,Greek Yogurt Plain 450g,AlpineDairy,Tub,12,California,San Diego,District A,86,5.05,434.3,239.94,194.36,4.0,True,2024-04-17
Store #105,PID-1003,Dark Roast Whole Bean 500g,PureBrew,Bag,6,New York,New York,District A,123,15.51,1907.73,1233.69,674.04,4.3,True,2024-06-28
Store #105,PID-1009,Raw Wildflower Honey 500g,GreenValley,Jar,12,New York,New York,District A,62,11.13,690.06,399.9,290.16,4.6,True,2024-02-02
Store #108,PID-1002,Cold Brew Coffee 330ml,PureBrew,Bottle,24,Illinois,Chicago,District B,140,3.91,547.4,313.6,233.8,4.5,True,2024-05-05
Store #102,PID-1011,Matcha Green Tea Powder 100g,VitalityFoods,Tin,12,California,San Francisco,District B,109,20.03,2183.27,1206.63,976.64,4.7,True,2024-02-03
Store #106,PID-1006,Organic Rolled Oats 1kg,HarvestGold,Bag,10,Washington,Seattle,District B,41,8.31,340.71,222.22,118.49,3.8,False,2024-01-20
Store #101,PID-1007,Grass-Fed Whole Milk 1 Gal,AlpineDairy,Jug,6,California,Los Angeles,District A,35,6.51,227.85,151.2,76.65,3.8,True,2024-10-17
Store #101,PID-1011,Matcha Green Tea Powder 100g,VitalityFoods,Tin,12,California,Los Angeles,District A,103,19.56,2014.68,1294.71,719.97,4.3,True,2024-08-31
Store #108,PID-1010,Extra Virgin Olive Oil 750ml,GreenValley,Bottle,6,Illinois,Chicago,District B,93,19.9,1850.7,1195.05,655.65,4.4,True,2024-05-08
Store #108,PID-1009,Raw Wildflower Honey 500g,GreenValley,Jar,12,Illinois,Chicago,District B,62,11.08,686.96,443.3,243.66,4.0,True,2024-07-03
Store #105,PID-1003,Dark Roast Whole Bean 500g,PureBrew,Bag,6,New York,New York,District A,10,15.88,158.8,94.5,64.3,3.9,True,2024-07-07
Store #109,PID-1004,Greek Yogurt Plain 450g,AlpineDairy,Tub,12,California,San Diego,District A,37,5.47,202.39,122.1,80.29,4.9,True,2024-07-24
Store #107,PID-1008,Sparkling Spring Water 750ml,VitalityFoods,Bottle,12,Florida,Miami,District D,118,2.92,344.56,213.58,130.98,4.2,True,2024-08-19
Store #103,PID-1012,Organic Chia Seeds 500g,NutriFarm,Bag,12,Texas,Austin,District C,57,8.27,471.39,309.51,161.88,4.5,True,2024-09-28
Store #110,PID-1006,Organic Rolled Oats 1kg,HarvestGold,Bag,10,Texas,Houston,District C,109,7.89,860.01,512.3,347.71,4.3,True,2024-08-25
Store #109,PID-1011,Matcha Green Tea Powder 100g,VitalityFoods,Tin,12,California,San Diego,District A,81,20.8,1684.8,1168.02,516.78,4.8,True,2024-08-19
Store #104,PID-1004,Greek Yogurt Plain 450g,AlpineDairy,Tub,12,Texas,Dallas,District C,45,5.37,241.65,166.95,74.7,4.3,True,2024-06-21
Store #101,PID-1012,Organic Chia Seeds 500g,NutriFarm,Bag,12,California,Los Angeles,District A,103,8.55,880.65,506.76,373.89,5.0,True,2024-04-15
Store #103,PID-1011,Matcha Green Tea Powder 100g,VitalityFoods,Tin,12,Texas,Austin,District C,55,19.29,1060.95,634.15,426.8,4.1,True,2024-07-24
Store #108,PID-1006,Organic Rolled Oats 1kg,HarvestGold,Bag,10,Illinois,Chicago,District B,140,8.18,1145.2,779.8,365.4,4.6,True,2024-11-08
Store #102,PID-1001,Organic Almond Milk 1L,NutriFarm,Carton,12,California,San Francisco,District B,18,4.41,79.38,44.64,34.74,4.9,True,2024-01-05
Store #103,PID-1004,Greek Yogurt Plain 450g,AlpineDairy,Tub,12,Texas,Austin,District C,21,5.22,109.62,75.18,34.44,4.5,True,2024-06-06
Store #108,PID-1006,Organic Rolled Oats 1kg,HarvestGold,Bag,10,Illinois,Chicago,District B,49,7.82,383.18,216.58,166.6,4.5,True,2024-12-26
Store #103,PID-1003,Dark Roast Whole Bean 500g,PureBrew,Bag,6,Texas,Austin,District C,35,16.04,561.4,360.85,200.55,4.0,True,2024-07-31
Store #108,PID-1012,Organic Chia Seeds 500g,NutriFarm,Bag,12,Illinois,Chicago,District B,68,8.89,604.52,392.36,212.16,4.0,True,2024-05-23
Store #101,PID-1003,Dark Roast Whole Bean 500g,PureBrew,Bag,6,California,Los Angeles,District A,126,15.8,1990.8,1145.34,845.46,3.8,True,2024-07-14
Store #106,PID-1008,Sparkling Spring Water 750ml,VitalityFoods,Bottle,12,Washington,Seattle,District B,51,2.78,141.78,78.54,63.24,4.4,True,2024-10-26
Store #106,PID-1006,Organic Rolled Oats 1kg,HarvestGold,Bag,10,Washington,Seattle,District B,99,7.65,757.35,431.64,325.71,4.2,True,2024-02-13
Store #103,PID-1002,Cold Brew Coffee 330ml,PureBrew,Bottle,24,Texas,Austin,District C,55,4.17,229.35,136.95,92.4,4.7,True,2024-12-08
Store #102,PID-1006,Organic Rolled Oats 1kg,HarvestGold,Bag,10,California,San Francisco,District B,131,7.6,995.6,681.2,314.4,4.3,True,2024-11-04
Store #105,PID-1004,Greek Yogurt Plain 450g,AlpineDairy,Tub,12,New York,New York,District A,76,5.54,421.04,288.8,132.24,3.8,True,2024-09-19
Store #103,PID-1001,Organic Almond Milk 1L,NutriFarm,Carton,12,Texas,Austin,District C,66,4.58,302.28,178.2,124.08,5.0,True,2024-11-28
Store #105,PID-1012,Organic Chia Seeds 500g,NutriFarm,Bag,12,New York,New York,District A,122,8.63,1052.86,631.96,420.9,3.8,True,2024-12-02
Store #110,PID-1001,Organic Almond Milk 1L,NutriFarm,Carton,12,Texas,Houston,District C,9,4.4,39.6,22.95,16.65,4.4,True,2024-10-20
Store #105,PID-1012,Organic Chia Seeds 500g,NutriFarm,Bag,12,New York,New York,District A,90,8.38,754.2,472.5,281.7,5.0,True,2024-07-11
Store #106,PID-1003,Dark Roast Whole Bean 500g,PureBrew,Bag,6,Washington,Seattle,District B,71,16.07,1140.97,711.42,429.55,4.1,True,2024-06-26
Store #102,PID-1011,Matcha Green Tea Powder 100g,VitalityFoods,Tin,12,California,San Francisco,District B,135,20.78,2805.3,1552.5,1252.8,4.0,True,2024-06-12
Store #104,PID-1002,Cold Brew Coffee 330ml,PureBrew,Bottle,24,Texas,Dallas,District C,100,3.82,382.0,243.0,139.0,4.1,False,2024-03-31
Store #102,PID-1001,Organic Almond Milk 1L,NutriFarm,Carton,12,California,San Francisco,District B,92,4.66,428.72,275.08,153.64,4.0,True,2024-01-07
Store #108,PID-1011,Matcha Green Tea Powder 100g,VitalityFoods,Tin,12,Illinois,Chicago,District B,32,20.22,647.04,361.28,285.76,4.0,True,2024-06-18
Store #102,PID-1003,Dark Roast Whole Bean 500g,PureBrew,Bag,6,California,San Francisco,District B,28,15.2,425.6,284.48,141.12,4.1,False,2024-02-16
Store #102,PID-1007,Grass-Fed Whole Milk 1 Gal,AlpineDairy,Jug,6,California,San Francisco,District B,140,6.1,854.0,574.0,280.0,4.6,True,2024-06-13
Store #103,PID-1008,Sparkling Spring Water 750ml,VitalityFoods,Bottle,12,Texas,Austin,District C,20,2.77,55.4,34.6,20.8,3.9,True,2024-05-27
Store #105,PID-1003,Dark Roast Whole Bean 500g,PureBrew,Bag,6,New York,New York,District A,53,16.31,864.43,566.57,297.86,3.9,True,2024-10-04
Store #106,PID-1004,Greek Yogurt Plain 450g,AlpineDairy,Tub,12,Washington,Seattle,District B,106,5.36,568.16,362.52,205.64,4.5,True,2024-03-24
Store #105,PID-1004,Greek Yogurt Plain 450g,AlpineDairy,Tub,12,New York,New York,District A,69,5.46,376.74,249.09,127.65,4.4,True,2024-08-06
Store #105,PID-1005,Artisan Sourdough Loaf,HarvestGold,Pack,8,New York,New York,District A,21,6.21,130.41,81.48,48.93,4.9,False,2024-03-23
Store #107,PID-1002,Cold Brew Coffee 330ml,PureBrew,Bottle,24,Florida,Miami,District D,119,3.8,452.2,298.69,153.51,3.9,True,2024-12-11
Store #106,PID-1012,Organic Chia Seeds 500g,NutriFarm,Bag,12,Washington,Seattle,District B,21,8.55,179.55,118.44,61.11,4.2,True,2024-12-14
Store #108,PID-1006,Organic Rolled Oats 1kg,HarvestGold,Bag,10,Illinois,Chicago,District B,81,8.2,664.2,396.9,267.3,5.0,True,2024-09-12
Store #110,PID-1003,Dark Roast Whole Bean 500g,PureBrew,Bag,6,Texas,Houston,District C,95,15.85,1505.75,1026.95,478.8,4.2,True,2024-01-22
Store #107,PID-1008,Sparkling Spring Water 750ml,VitalityFoods,Bottle,12,Florida,Miami,District D,120,2.69,322.8,213.6,109.2,4.3,True,2024-08-25
Store #103,PID-1006,Organic Rolled Oats 1kg,HarvestGold,Bag,10,Texas,Austin,District C,43,7.91,340.13,187.91,152.22,4.7,True,2024-07-14
Store #103,PID-1003,Dark Roast Whole Bean 500g,PureBrew,Bag,6,Texas,Austin,District C,52,15.54,808.08,446.68,361.4,4.4,True,2024-10-30
Store #104,PID-1001,Organic Almond Milk 1L,NutriFarm,Carton,12,Texas,Dallas,District C,105,4.34,455.7,307.65,148.05,4.8,True,2024-09-11
Store #104,PID-1008,Sparkling Spring Water 750ml,VitalityFoods,Bottle,12,Texas,Dallas,District C,132,2.77,365.64,253.44,112.2,4.0,True,2024-11-06
Store #101,PID-1006,Organic Rolled Oats 1kg,HarvestGold,Bag,10,California,Los Angeles,District A,22,8.35,183.7,120.56,63.14,4.5,True,2024-02-24
Store #109,PID-1008,Sparkling Spring Water 750ml,VitalityFoods,Bottle,12,California,San Diego,District A,111,2.79,309.69,214.23,95.46,4.6,True,2024-04-20
Store #105,PID-1011,Matcha Green Tea Powder 100g,VitalityFoods,Tin,12,New York,New York,District A,114,20.21,2303.94,1474.02,829.92,4.4,True,2024-11-12
Store #106,PID-1012,Organic Chia Seeds 500g,NutriFarm,Bag,12,Washington,Seattle,District B,99,8.55,846.45,525.69,320.76,3.8,True,2024-03-06
Store #104,PID-1004,Greek Yogurt Plain 450g,AlpineDairy,Tub,12,Texas,Dallas,District C,64,5.51,352.64,241.92,110.72,4.6,True,2024-06-16
Store #108,PID-1005,Artisan Sourdough Loaf,HarvestGold,Pack,8,Illinois,Chicago,District B,92,6.54,601.68,360.64,241.04,4.0,True,2024-10-11
Store #106,PID-1011,Matcha Green Tea Powder 100g,VitalityFoods,Tin,12,Washington,Seattle,District B,63,20.41,1285.83,824.67,461.16,4.8,True,2024-10-20
Store #110,PID-1008,Sparkling Spring Water 750ml,VitalityFoods,Bottle,12,Texas,Houston,District C,85,2.79,237.15,133.45,103.7,4.7,True,2024-01-10
Store #102,PID-1009,Raw Wildflower Honey 500g,GreenValley,Jar,12,California,San Francisco,District B,123,11.61,1428.03,976.62,451.41,4.9,True,2024-09-08
Store #108,PID-1007,Grass-Fed Whole Milk 1 Gal,AlpineDairy,Jug,6,Illinois,Chicago,District B,75,6.42,481.5,291.0,190.5,4.7,True,2024-04-08
Store #104,PID-1011,Matcha Green Tea Powder 100g,VitalityFoods,Tin,12,Texas,Dallas,District C,88,19.7,1733.6,1114.96,618.64,4.5,True,2024-01-02
Store #106,PID-1008,Sparkling Spring Water 750ml,VitalityFoods,Bottle,12,Washington,Seattle,District B,56,2.88,161.28,104.16,57.12,4.9,True,2024-06-09
Store #102,PID-1005,Artisan Sourdough Loaf,HarvestGold,Pack,8,California,San Francisco,District B,54,6.51,351.54,219.78,131.76,4.1,True,2024-02-01
Store #101,PID-1005,Artisan Sourdough Loaf,HarvestGold,Pack,8,California,Los Angeles,District A,57,6.26,356.82,197.79,159.03,4.6,True,2024-05-13
Store #102,PID-1006,Organic Rolled Oats 1kg,HarvestGold,Bag,10,California,San Francisco,District B,42,7.95,333.9,202.86,131.04,4.0,True,2024-08-26
Store #106,PID-1002,Cold Brew Coffee 330ml,PureBrew,Bottle,24,Washington,Seattle,District B,121,3.9,471.9,309.76,162.14,4.3,True,2024-05-20
Store #103,PID-1006,Organic Rolled Oats 1kg,HarvestGold,Bag,10,Texas,Austin,District C,36,7.63,274.68,164.52,110.16,4.4,True,2024-01-09
Store #107,PID-1009,Raw Wildflower Honey 500g,GreenValley,Jar,12,Florida,Miami,District D,116,11.66,1352.56,823.6,528.96,4.2,True,2024-01-14
Store #101,PID-1011,Matcha Green Tea Powder 100g,VitalityFoods,Tin,12,California,Los Angeles,District A,87,20.12,1750.44,1111.86,638.58,4.9,False,2024-05-24
Store #103,PID-1008,Sparkling Spring Water 750ml,VitalityFoods,Bottle,12,Texas,Austin,District C,22,2.69,59.18,33.44,25.74,4.0,True,2024-02-02
Store #102,PID-1006,Organic Rolled Oats 1kg,HarvestGold,Bag,10,California,San Francisco,District B,91,7.66,697.06,419.51,277.55,3.9,True,2024-07-01
Store #101,PID-1009,Raw Wildflower Honey 500g,GreenValley,Jar,12,California,Los Angeles,District A,106,11.71,1241.26,784.4,456.86,3.9,True,2024-08-01
Store #103,PID-1002,Cold Brew Coffee 330ml,PureBrew,Bottle,24,Texas,Austin,District C,63,3.89,245.07,158.76,86.31,4.5,False,2024-05-13
Store #104,PID-1008,Sparkling Spring Water 750ml,VitalityFoods,Bottle,12,Texas,Dallas,District C,15,2.71,40.65,23.85,16.8,4.0,True,2024-01-22
Store #109,PID-1006,Organic Rolled Oats 1kg,HarvestGold,Bag,10,California,San Diego,District A,104,8.19,851.76,554.32,297.44,3.8,True,2024-06-14
Store #108,PID-1001,Organic Almond Milk 1L,NutriFarm,Carton,12,Illinois,Chicago,District B,111,4.51,500.61,278.61,222.0,4.5,True,2024-12-08
Store #110,PID-1008,Sparkling Spring Water 750ml,VitalityFoods,Bottle,12,Texas,Houston,District C,94,2.85,267.9,171.08,96.82,4.2,True,2024-01-04
Store #103,PID-1007,Grass-Fed Whole Milk 1 Gal,AlpineDairy,Jug,6,Texas,Austin,District C,43,6.31,271.33,186.62,84.71,4.7,True,2024-04-18
Store #109,PID-1006,Organic Rolled Oats 1kg,HarvestGold,Bag,10,California,San Diego,District A,104,7.72,802.88,465.92,336.96,4.5,True,2024-09-18
Store #106,PID-1005,Artisan Sourdough Loaf,HarvestGold,Pack,8,Washington,Seattle,District B,35,6.59,230.65,142.45,88.2,4.3,True,2024-07-20
Store #109,PID-1007,Grass-Fed Whole Milk 1 Gal,AlpineDairy,Jug,6,California,San Diego,District A,52,6.05,314.6,191.36,123.24,3.9,True,2024-04-14
Store #104,PID-1004,Greek Yogurt Plain 450g,AlpineDairy,Tub,12,Texas,Dallas,District C,81,5.47,443.07,288.36,154.71,4.9,True,2024-10-18
Store #106,PID-1008,Sparkling Spring Water 750ml,VitalityFoods,Bottle,12,Washington,Seattle,District B,63,2.81,177.03,120.96,56.07,4.1,True,2024-01-28
Store #105,PID-1001,Organic Almond Milk 1L,NutriFarm,Carton,12,New York,New York,District A,51,4.65,237.15,137.7,99.45,4.9,True,2024-04-20
Store #106,PID-1008,Sparkling Spring Water 750ml,VitalityFoods,Bottle,12,Washington,Seattle,District B,47,2.91,136.77,85.07,51.7,4.5,True,2024-07-19
Store #104,PID-1002,Cold Brew Coffee 330ml,PureBrew,Bottle,24,Texas,Dallas,District C,32,4.14,132.48,89.92,42.56,4.5,True,2024-11-11
Store #105,PID-1001,Organic Almond Milk 1L,NutriFarm,Carton,12,New York,New York,District A,118,4.44,523.92,332.76,191.16,4.0,False,2024-06-04
Store #104,PID-1011,Matcha Green Tea Powder 100g,VitalityFoods,Tin,12,Texas,Dallas,District C,113,20.47,2313.11,1401.2,911.91,4.1,True,2024-04-07
Store #105,PID-1001,Organic Almond Milk 1L,NutriFarm,Carton,12,New York,New York,District A,82,4.33,355.06,219.76,135.3,4.9,True,2024-03-02
Store #104,PID-1002,Cold Brew Coffee 330ml,PureBrew,Bottle,24,Texas,Dallas,District C,12,4.14,49.68,34.32,15.36,4.0,False,2024-11-21
Store #104,PID-1008,Sparkling Spring Water 750ml,VitalityFoods,Bottle,12,Texas,Dallas,District C,74,2.73,202.02,132.46,69.56,4.4,True,2024-10-23
Store #103,PID-1004,Greek Yogurt Plain 450g,AlpineDairy,Tub,12,Texas,Austin,District C,106,5.38,570.28,315.88,254.4,4.4,True,2024-02-03
Store #107,PID-1003,Dark Roast Whole Bean 500g,PureBrew,Bag,6,Florida,Miami,District D,16,16.24,259.84,180.32,79.52,4.9,True,2024-01-07
Store #108,PID-1004,Greek Yogurt Plain 450g,AlpineDairy,Tub,12,Illinois,Chicago,District B,11,5.38,59.18,41.14,18.04,4.0,True,2024-05-16
Store #101,PID-1011,Matcha Green Tea Powder 100g,VitalityFoods,Tin,12,California,Los Angeles,District A,116,20.11,2332.76,1528.88,803.88,4.8,True,2024-01-23
Store #101,PID-1005,Artisan Sourdough Loaf,HarvestGold,Pack,8,California,Los Angeles,District A,27,6.55,176.85,109.35,67.5,4.4,True,2024-07-05
Store #106,PID-1012,Organic Chia Seeds 500g,NutriFarm,Bag,12,Washington,Seattle,District B,42,8.34,350.28,226.38,123.9,4.3,True,2024-10-09
Store #106,PID-1008,Sparkling Spring Water 750ml,VitalityFoods,Bottle,12,Washington,Seattle,District B,79,2.69,212.51,138.25,74.26,4.9,True,2024-06-26
Store #107,PID-1006,Organic Rolled Oats 1kg,HarvestGold,Bag,10,Florida,Miami,District D,27,8.07,217.89,148.77,69.12,4.2,True,2024-08-09
Store #108,PID-1008,Sparkling Spring Water 750ml,VitalityFoods,Bottle,12,Illinois,Chicago,District B,47,2.9,136.3,81.78,54.52,4.9,True,2024-10-03
Store #103,PID-1010,Extra Virgin Olive Oil 750ml,GreenValley,Bottle,6,Texas,Austin,District C,45,19.66,884.7,562.5,322.2,5.0,True,2024-06-23
Store #107,PID-1002,Cold Brew Coffee 330ml,PureBrew,Bottle,24,Florida,Miami,District D,33,4.19,138.27,87.45,50.82,4.4,True,2024-08-02
Store #105,PID-1009,Raw Wildflower Honey 500g,GreenValley,Jar,12,New York,New York,District A,47,11.77,553.19,360.96,192.23,4.7,True,2024-12-06
Store #106,PID-1012,Organic Chia Seeds 500g,NutriFarm,Bag,12,Washington,Seattle,District B,106,8.51,902.06,607.38,294.68,4.1,True,2024-07-10
Store #107,PID-1012,Organic Chia Seeds 500g,NutriFarm,Bag,12,Florida,Miami,District D,62,8.61,533.82,329.84,203.98,4.8,True,2024-02-24
Store #104,PID-1012,Organic Chia Seeds 500g,NutriFarm,Bag,12,Texas,Dallas,District C,134,8.74,1171.16,731.64,439.52,4.9,True,2024-01-01
Store #105,PID-1004,Greek Yogurt Plain 450g,AlpineDairy,Tub,12,New York,New York,District A,82,5.46,447.72,282.9,164.82,3.9,True,2024-07-26
Store #101,PID-1001,Organic Almond Milk 1L,NutriFarm,Carton,12,California,Los Angeles,District A,80,4.32,345.6,200.0,145.6,4.7,False,2024-01-16
Store #105,PID-1008,Sparkling Spring Water 750ml,VitalityFoods,Bottle,12,New York,New York,District A,113,2.91,328.83,213.57,115.26,3.8,True,2024-03-01
Store #106,PID-1007,Grass-Fed Whole Milk 1 Gal,AlpineDairy,Jug,6,Washington,Seattle,District B,58,6.17,357.86,230.26,127.6,4.9,True,2024-07-10
Store #110,PID-1001,Organic Almond Milk 1L,NutriFarm,Carton,12,Texas,Houston,District C,130,4.7,611.0,382.2,228.8,4.2,True,2024-12-13
Store #108,PID-1007,Grass-Fed Whole Milk 1 Gal,AlpineDairy,Jug,6,Illinois,Chicago,District B,30,6.24,187.2,119.4,67.8,4.9,True,2024-10-02
Store #108,PID-1001,Organic Almond Milk 1L,NutriFarm,Carton,12,Illinois,Chicago,District B,14,4.7,65.8,43.68,22.12,3.9,True,2024-07-13
Store #102,PID-1002,Cold Brew Coffee 330ml,PureBrew,Bottle,24,California,San Francisco,District B,29,3.97,115.13,76.27,38.86,4.1,True,2024-05-05
Store #101,PID-1006,Organic Rolled Oats 1kg,HarvestGold,Bag,10,California,Los Angeles,District A,120,7.76,931.2,570.0,361.2,3.8,True,2024-06-07
Store #101,PID-1009,Raw Wildflower Honey 500g,GreenValley,Jar,12,California,Los Angeles,District A,22,11.49,252.78,156.64,96.14,4.6,True,2024-08-15
Store #109,PID-1011,Matcha Green Tea Powder 100g,VitalityFoods,Tin,12,California,San Diego,District A,69,20.16,1391.04,910.8,480.24,4.4,True,2024-01-25
Store #105,PID-1003,Dark Roast Whole Bean 500g,PureBrew,Bag,6,New York,New York,District A,79,16.15,1275.85,783.68,492.17,4.6,True,2024-01-21
Store #102,PID-1004,Greek Yogurt Plain 450g,AlpineDairy,Tub,12,California,San Francisco,District B,129,5.16,665.64,405.06,260.58,4.7,True,2024-09-03
Store #103,PID-1007,Grass-Fed Whole Milk 1 Gal,AlpineDairy,Jug,6,Texas,Austin,District C,82,6.09,499.38,300.12,199.26,4.6,True,2024-01-23
Store #104,PID-1012,Organic Chia Seeds 500g,NutriFarm,Bag,12,Texas,Dallas,District C,34,8.15,277.1,158.1,119.0,4.7,True,2024-08-15
Store #110,PID-1001,Organic Almond Milk 1L,NutriFarm,Carton,12,Texas,Houston,District C,132,4.43,584.76,382.8,201.96,3.8,True,2024-08-12
Store #106,PID-1011,Matcha Green Tea Powder 100g,VitalityFoods,Tin,12,Washington,Seattle,District B,32,19.83,634.56,352.32,282.24,4.3,True,2024-10-05
Store #102,PID-1002,Cold Brew Coffee 330ml,PureBrew,Bottle,24,California,San Francisco,District B,72,4.14,298.08,193.68,104.4,4.4,True,2024-02-14
Store #104,PID-1003,Dark Roast Whole Bean 500g,PureBrew,Bag,6,Texas,Dallas,District C,11,15.45,169.95,108.02,61.93,4.6,True,2024-03-02
Store #109,PID-1006,Organic Rolled Oats 1kg,HarvestGold,Bag,10,California,San Diego,District A,72,7.97,573.84,398.88,174.96,4.6,True,2024-10-12
Store #102,PID-1009,Raw Wildflower Honey 500g,GreenValley,Jar,12,California,San Francisco,District B,64,11.15,713.6,424.32,289.28,4.7,True,2024-01-21
Store #106,PID-1001,Organic Almond Milk 1L,NutriFarm,Carton,12,Washington,Seattle,District B,8,4.32,34.56,22.48,12.08,4.5,False,2024-09-18
Store #103,PID-1006,Organic Rolled Oats 1kg,HarvestGold,Bag,10,Texas,Austin,District C,127,8.23,1045.21,604.52,440.69,4.4,True,2024-05-04
Store #102,PID-1003,Dark Roast Whole Bean 500g,PureBrew,Bag,6,California,San Francisco,District B,23,15.42,354.66,201.71,152.95,4.4,True,2024-07-17
Store #102,PID-1008,Sparkling Spring Water 750ml,VitalityFoods,Bottle,12,California,San Francisco,District B,23,2.81,64.63,37.95,26.68,4.7,True,2024-09-19
Store #106,PID-1004,Greek Yogurt Plain 450g,AlpineDairy,Tub,12,Washington,Seattle,District B,109,5.06,551.54,338.99,212.55,4.8,True,2024-05-14
Store #101,PID-1004,Greek Yogurt Plain 450g,AlpineDairy,Tub,12,California,Los Angeles,District A,100,5.23,523.0,335.0,188.0,4.8,True,2024-12-09
Store #103,PID-1008,Sparkling Spring Water 750ml,VitalityFoods,Bottle,12,Texas,Austin,District C,135,2.9,391.5,253.8,137.7,4.7,True,2024-11-10
Store #110,PID-1009,Raw Wildflower Honey 500g,GreenValley,Jar,12,Texas,Houston,District C,132,11.8,1557.6,958.32,599.28,3.8,False,2024-05-27
Store #102,PID-1012,Organic Chia Seeds 500g,NutriFarm,Bag,12,California,San Francisco,District B,15,8.38,125.7,76.5,49.2,4.4,True,2024-03-15
Store #106,PID-1005,Artisan Sourdough Loaf,HarvestGold,Pack,8,Washington,Seattle,District B,88,6.76,594.88,403.92,190.96,4.4,True,2024-10-01
Store #110,PID-1012,Organic Chia Seeds 500g,NutriFarm,Bag,12,Texas,Houston,District C,40,8.46,338.4,190.8,147.6,4.4,True,2024-10-13
Store #109,PID-1010,Extra Virgin Olive Oil 750ml,GreenValley,Bottle,6,California,San Diego,District A,21,18.52,388.92,229.53,159.39,4.1,True,2024-11-19
Store #109,PID-1004,Greek Yogurt Plain 450g,AlpineDairy,Tub,12,California,San Diego,District A,87,5.51,479.37,304.5,174.87,4.2,True,2024-06-09
Store #106,PID-1009,Raw Wildflower Honey 500g,GreenValley,Jar,12,Washington,Seattle,District B,110,11.24,1236.4,790.9,445.5,4.6,True,2024-12-12
Store #110,PID-1003,Dark Roast Whole Bean 500g,PureBrew,Bag,6,Texas,Houston,District C,80,15.49,1239.2,808.8,430.4,4.7,True,2024-12-18
Store #104,PID-1008,Sparkling Spring Water 750ml,VitalityFoods,Bottle,12,Texas,Dallas,District C,138,2.7,372.6,245.64,126.96,4.9,True,2024-10-24
Store #104,PID-1010,Extra Virgin Olive Oil 750ml,GreenValley,Bottle,6,Texas,Dallas,District C,91,18.39,1673.49,1082.9,590.59,4.4,True,2024-11-20
Store #108,PID-1012,Organic Chia Seeds 500g,NutriFarm,Bag,12,Illinois,Chicago,District B,122,8.52,1039.44,594.14,445.3,4.5,True,2024-05-18
Store #107,PID-1009,Raw Wildflower Honey 500g,GreenValley,Jar,12,Florida,Miami,District D,5,10.99,54.95,36.9,18.05,4.1,True,2024-07-20
Store #109,PID-1010,Extra Virgin Olive Oil 750ml,GreenValley,Bottle,6,California,San Diego,District A,135,19.12,2581.2,1497.15,1084.05,3.9,True,2024-05-21
Store #108,PID-1010,Extra Virgin Olive Oil 750ml,GreenValley,Bottle,6,Illinois,Chicago,District B,126,18.87,2377.62,1418.76,958.86,4.0,True,2024-02-25
Store #101,PID-1001,Organic Almond Milk 1L,NutriFarm,Carton,12,California,Los Angeles,District A,76,4.31,327.56,206.72,120.84,4.0,False,2024-02-05
Store #107,PID-1004,Greek Yogurt Plain 450g,AlpineDairy,Tub,12,Florida,Miami,District D,20,5.03,100.6,60.4,40.2,4.5,True,2024-01-21
Store #107,PID-1004,Greek Yogurt Plain 450g,AlpineDairy,Tub,12,Florida,Miami,District D,61,5.35,326.35,207.4,118.95,4.1,True,2024-04-28
Store #104,PID-1003,Dark Roast Whole Bean 500g,PureBrew,Bag,6,Texas,Dallas,District C,86,16.41,1411.26,812.7,598.56,5.0,True,2024-01-12
Store #109,PID-1010,Extra Virgin Olive Oil 750ml,GreenValley,Bottle,6,California,San Diego,District A,46,18.21,837.66,553.84,283.82,5.0,True,2024-01-09
Store #108,PID-1002,Cold Brew Coffee 330ml,PureBrew,Bottle,24,Illinois,Chicago,District B,68,4.13,280.84,163.88,116.96,4.4,True,2024-02-18
Store #103,PID-1004,Greek Yogurt Plain 450g,AlpineDairy,Tub,12,Texas,Austin,District C,32,5.03,160.96,104.64,56.32,4.3,True,2024-05-23
Store #107,PID-1008,Sparkling Spring Water 750ml,VitalityFoods,Bottle,12,Florida,Miami,District D,64,2.68,171.52,96.64,74.88,4.7,True,2024-04-19
Store #107,PID-1010,Extra Virgin Olive Oil 750ml,GreenValley,Bottle,6,Florida,Miami,District D,10,19.07,190.7,112.7,78.0,4.9,True,2024-07-13
Store #109,PID-1006,Organic Rolled Oats 1kg,HarvestGold,Bag,10,California,San Diego,District A,10,7.99,79.9,51.3,28.6,4.8,True,2024-06-13
Store #106,PID-1003,Dark Roast Whole Bean 500g,PureBrew,Bag,6,Washington,Seattle,District B,24,16.15,387.6,253.92,133.68,4.3,True,2024-12-26
Store #104,PID-1004,Greek Yogurt Plain 450g,AlpineDairy,Tub,12,Texas,Dallas,District C,95,5.24,497.8,292.6,205.2,4.1,True,2024-06-09
Store #110,PID-1008,Sparkling Spring Water 750ml,VitalityFoods,Bottle,12,Texas,Houston,District C,67,2.83,189.61,105.86,83.75,4.7,False,2024-01-13
Store #110,PID-1006,Organic Rolled Oats 1kg,HarvestGold,Bag,10,Texas,Houston,District C,102,7.61,776.22,477.36,298.86,4.3,True,2024-07-03
Store #107,PID-1005,Artisan Sourdough Loaf,HarvestGold,Pack,8,Florida,Miami,District D,63,6.34,399.42,274.05,125.37,4.1,True,2024-06-27
Store #104,PID-1010,Extra Virgin Olive Oil 750ml,GreenValley,Bottle,6,Texas,Dallas,District C,137,19.18,2627.66,1764.56,863.1,4.8,True,2024-11-26
Store #106,PID-1001,Organic Almond Milk 1L,NutriFarm,Carton,12,Washington,Seattle,District B,28,4.58,128.24,73.64,54.6,4.5,True,2024-04-27
Store #105,PID-1002,Cold Brew Coffee 330ml,PureBrew,Bottle,24,New York,New York,District A,70,3.97,277.9,165.2,112.7,4.8,True,2024-09-25
Store #103,PID-1004,Greek Yogurt Plain 450g,AlpineDairy,Tub,12,Texas,Austin,District C,84,5.11,429.24,240.24,189.0,4.8,True,2024-07-28
Store #110,PID-1011,Matcha Green Tea Powder 100g,VitalityFoods,Tin,12,Texas,Houston,District C,78,20.09,1567.02,1083.42,483.6,4.9,True,2024-03-31
Store #104,PID-1010,Extra Virgin Olive Oil 750ml,GreenValley,Bottle,6,Texas,Dallas,District C,22,19.51,429.22,253.44,175.78,4.7,True,2024-02-09
Store #108,PID-1009,Raw Wildflower Honey 500g,GreenValley,Jar,12,Illinois,Chicago,District B,50,11.09,554.5,382.5,172.0,4.1,False,2024-07-07
Store #103,PID-1005,Artisan Sourdough Loaf,HarvestGold,Pack,8,Texas,Austin,District C,10,6.49,64.9,44.4,20.5,4.3,True,2024-09-19
Store #108,PID-1003,Dark Roast Whole Bean 500g,PureBrew,Bag,6,Illinois,Chicago,District B,66,16.57,1093.62,738.54,355.08,4.5,True,2024-03-08
Store #104,PID-1008,Sparkling Spring Water 750ml,VitalityFoods,Bottle,12,Texas,Dallas,District C,33,2.85,94.05,54.12,39.93,4.5,False,2024-03-30
Store #107,PID-1003,Dark Roast Whole Bean 500g,PureBrew,Bag,6,Florida,Miami,District D,78,15.93,1242.54,832.26,410.28,4.6,True,2024-01-01
Store #109,PID-1012,Organic Chia Seeds 500g,NutriFarm,Bag,12,California,San Diego,District A,139,8.46,1175.94,760.33,415.61,4.4,True,2024-07-25
Store #110,PID-1012,Organic Chia Seeds 500g,NutriFarm,Bag,12,Texas,Houston,District C,69,8.51,587.19,358.8,228.39,4.4,True,2024-07-26
Store #101,PID-1004,Greek Yogurt Plain 450g,AlpineDairy,Tub,12,California,Los Angeles,District A,99,5.47,541.53,306.9,234.63,4.9,True,2024-02-07
Store #105,PID-1006,Organic Rolled Oats 1kg,HarvestGold,Bag,10,New York,New York,District A,85,7.98,678.3,449.65,228.65,4.1,True,2024-01-13
Store #103,PID-1008,Sparkling Spring Water 750ml,VitalityFoods,Bottle,12,Texas,Austin,District C,40,2.83,113.2,67.2,46.0,4.1,False,2024-10-29
Store #104,PID-1008,Sparkling Spring Water 750ml,VitalityFoods,Bottle,12,Texas,Dallas,District C,129,2.76,356.04,233.49,122.55,4.2,True,2024-05-09
Store #103,PID-1007,Grass-Fed Whole Milk 1 Gal,AlpineDairy,Jug,6,Texas,Austin,District C,67,6.57,440.19,301.5,138.69,4.9,True,2024-01-27
Store #101,PID-1006,Organic Rolled Oats 1kg,HarvestGold,Bag,10,California,Los Angeles,District A,103,8.3,854.9,581.95,272.95,3.9,True,2024-08-26
Store #109,PID-1009,Raw Wildflower Honey 500g,GreenValley,Jar,12,California,San Diego,District A,15,11.99,179.85,122.4,57.45,4.4,True,2024-09-01
Store #104,PID-1005,Artisan Sourdough Loaf,HarvestGold,Pack,8,Texas,Dallas,District C,47,6.17,289.99,164.03,125.96,4.7,True,2024-09-16
Store #101,PID-1001,Organic Almond Milk 1L,NutriFarm,Carton,12,California,Los Angeles,District A,60,4.55,273.0,165.6,107.4,4.3,True,2024-09-17
Store #110,PID-1008,Sparkling Spring Water 750ml,VitalityFoods,Bottle,12,Texas,Houston,District C,88,2.73,240.24,133.76,106.48,4.4,True,2024-06-26
Store #108,PID-1008,Sparkling Spring Water 750ml,VitalityFoods,Bottle,12,Illinois,Chicago,District B,136,2.66,361.76,240.72,121.04,4.7,True,2024-08-09
Store #102,PID-1003,Dark Roast Whole Bean 500g,PureBrew,Bag,6,California,San Francisco,District B,89,16.25,1446.25,890.89,555.36,4.7,True,2024-07-12
Store #103,PID-1004,Greek Yogurt Plain 450g,AlpineDairy,Tub,12,Texas,Austin,District C,103,5.17,532.51,310.03,222.48,3.9,False,2024-02-17
Store #103,PID-1004,Greek Yogurt Plain 450g,AlpineDairy,Tub,12,Texas,Austin,District C,54,5.25,283.5,191.16,92.34,4.0,True,2024-08-02
Store #105,PID-1004,Greek Yogurt Plain 450g,AlpineDairy,Tub,12,New York,New York,District A,21,5.11,107.31,59.64,47.67,4.7,True,2024-01-01
Store #104,PID-1008,Sparkling Spring Water 750ml,VitalityFoods,Bottle,12,Texas,Dallas,District C,131,2.68,351.08,227.94,123.14,4.8,True,2024-03-25
Store #106,PID-1008,Sparkling Spring Water 750ml,VitalityFoods,Bottle,12,Washington,Seattle,District B,89,2.83,251.87,151.3,100.57,4.0,True,2024-05-12
Store #110,PID-1009,Raw Wildflower Honey 500g,GreenValley,Jar,12,Texas,Houston,District C,76,11.84,899.84,599.64,300.2,4.1,True,2024-12-15
Store #107,PID-1008,Sparkling Spring Water 750ml,VitalityFoods,Bottle,12,Florida,Miami,District D,89,2.91,258.99,153.97,105.02,5.0,True,2024-05-19
Store #101,PID-1010,Extra Virgin Olive Oil 750ml,GreenValley,Bottle,6,California,Los Angeles,District A,70,18.24,1276.8,730.8,546.0,4.1,True,2024-06-02
Store #104,PID-1008,Sparkling Spring Water 750ml,VitalityFoods,Bottle,12,Texas,Dallas,District C,30,2.85,85.5,53.4,32.1,4.3,True,2024-03-19
Store #110,PID-1006,Organic Rolled Oats 1kg,HarvestGold,Bag,10,Texas,Houston,District C,25,7.78,194.5,125.25,69.25,4.9,True,2024-06-02
Store #106,PID-1001,Organic Almond Milk 1L,NutriFarm,Carton,12,Washington,Seattle,District B,108,4.63,500.04,286.2,213.84,4.4,False,2024-08-11
Store #106,PID-1002,Cold Brew Coffee 330ml,PureBrew,Bottle,24,Washington,Seattle,District B,65,3.98,258.7,180.7,78.0,4.9,True,2024-06-06
Store #104,PID-1007,Grass-Fed Whole Milk 1 Gal,AlpineDairy,Jug,6,Texas,Dallas,District C,65,6.16,400.4,256.75,143.65,4.0,True,2024-08-08
Store #106,PID-1010,Extra Virgin Olive Oil 750ml,GreenValley,Bottle,6,Washington,Seattle,District B,26,18.23,473.98,266.5,207.48,4.7,True,2024-07-11
Store #107,PID-1008,Sparkling Spring Water 750ml,VitalityFoods,Bottle,12,Florida,Miami,District D,43,2.93,125.99,69.23,56.76,4.0,True,2024-02-17
Store #106,PID-1011,Matcha Green Tea Powder 100g,VitalityFoods,Tin,12,Washington,Seattle,District B,96,20.32,1950.72,1098.24,852.48,4.0,True,2024-12-17
Store #102,PID-1001,Organic Almond Milk 1L,NutriFarm,Carton,12,California,San Francisco,District B,26,4.71,122.46,78.52,43.94,4.8,True,2024-10-25
Store #103,PID-1007,Grass-Fed Whole Milk 1 Gal,AlpineDairy,Jug,6,Texas,Austin,District C,32,6.14,196.48,116.8,79.68,4.8,False,2024-09-08
Store #110,PID-1005,Artisan Sourdough Loaf,HarvestGold,Pack,8,Texas,Houston,District C,21,6.47,135.87,92.19,43.68,4.0,True,2024-03-11
Store #109,PID-1002,Cold Brew Coffee 330ml,PureBrew,Bottle,24,California,San Diego,District A,62,4.07,252.34,140.12,112.22,4.8,True,2024-09-11
Store #108,PID-1008,Sparkling Spring Water 750ml,VitalityFoods,Bottle,12,Illinois,Chicago,District B,135,2.74,369.9,240.3,129.6,4.8,True,2024-07-02
Store #104,PID-1005,Artisan Sourdough Loaf,HarvestGold,Pack,8,Texas,Dallas,District C,88,6.3,554.4,343.2,211.2,4.6,False,2024-12-07
Store #101,PID-1010,Extra Virgin Olive Oil 750ml,GreenValley,Bottle,6,California,Los Angeles,District A,42,18.24,766.08,472.92,293.16,4.0,False,2024-03-01
Store #106,PID-1012,Organic Chia Seeds 500g,NutriFarm,Bag,12,Washington,Seattle,District B,66,8.68,572.88,352.44,220.44,3.9,True,2024-06-12
Store #109,PID-1012,Organic Chia Seeds 500g,NutriFarm,Bag,12,California,San Diego,District A,82,8.86,726.52,422.3,304.22,4.4,False,2024-10-27
Store #103,PID-1007,Grass-Fed Whole Milk 1 Gal,AlpineDairy,Jug,6,Texas,Austin,District C,93,6.02,559.86,310.62,249.24,4.8,True,2024-04-08
Store #103,PID-1008,Sparkling Spring Water 750ml,VitalityFoods,Bottle,12,Texas,Austin,District C,106,2.87,304.22,206.7,97.52,4.3,True,2024-08-25
Store #107,PID-1011,Matcha Green Tea Powder 100g,VitalityFoods,Tin,12,Florida,Miami,District D,52,19.01,988.52,659.88,328.64,4.9,True,2024-06-10
Store #108,PID-1006,Organic Rolled Oats 1kg,HarvestGold,Bag,10,Illinois,Chicago,District B,15,8.3,124.5,72.9,51.6,4.5,True,2024-03-16
Store #104,PID-1012,Organic Chia Seeds 500g,NutriFarm,Bag,12,Texas,Dallas,District C,111,8.1,899.1,496.17,402.93,4.2,True,2024-04-02
Store #110,PID-1006,Organic Rolled Oats 1kg,HarvestGold,Bag,10,Texas,Houston,District C,5,7.67,38.35,25.55,12.8,5.0,True,2024-06-21
Store #103,PID-1006,Organic Rolled Oats 1kg,HarvestGold,Bag,10,Texas,Austin,District C,134,7.81,1046.54,636.5,410.04,4.4,True,2024-12-14
Store #110,PID-1004,Greek Yogurt Plain 450g,AlpineDairy,Tub,12,Texas,Houston,District C,15,5.27,79.05,52.05,27.0,4.5,True,2024-08-10
Store #108,PID-1001,Organic Almond Milk 1L,NutriFarm,Carton,12,Illinois,Chicago,District B,90,4.27,384.3,245.7,138.6,5.0,False,2024-05-25
Store #107,PID-1008,Sparkling Spring Water 750ml,VitalityFoods,Bottle,12,Florida,Miami,District D,64,2.91,186.24,125.44,60.8,4.1,True,2024-11-07
Store #101,PID-1004,Greek Yogurt Plain 450g,AlpineDairy,Tub,12,California,Los Angeles,District A,70,5.23,366.1,201.6,164.5,4.1,True,2024-12-08
Store #108,PID-1004,Greek Yogurt Plain 450g,AlpineDairy,Tub,12,Illinois,Chicago,District B,5,5.25,26.25,18.2,8.05,4.8,True,2024-07-22
Store #109,PID-1007,Grass-Fed Whole Milk 1 Gal,AlpineDairy,Jug,6,California,San Diego,District A,133,6.52,867.16,571.9,295.26,4.7,True,2024-01-09
Store #110,PID-1011,Matcha Green Tea Powder 100g,VitalityFoods,Tin,12,Texas,Houston,District C,132,20.97,2768.04,1610.4,1157.64,4.6,True,2024-01-27
Store #102,PID-1004,Greek Yogurt Plain 450g,AlpineDairy,Tub,12,California,San Francisco,District B,89,5.12,455.68,295.48,160.2,3.8,True,2024-07-18
Store #106,PID-1011,Matcha Green Tea Powder 100g,VitalityFoods,Tin,12,Washington,Seattle,District B,127,19.03,2416.81,1376.68,1040.13,4.7,True,2024-05-05
Store #105,PID-1011,Matcha Green Tea Powder 100g,VitalityFoods,Tin,12,New York,New York,District A,111,19.31,2143.41,1316.46,826.95,4.7,True,2024-05-11
Store #105,PID-1005,Artisan Sourdough Loaf,HarvestGold,Pack,8,New York,New York,District A,22,6.21,136.62,78.32,58.3,3.9,True,2024-10-04
Store #104,PID-1002,Cold Brew Coffee 330ml,PureBrew,Bottle,24,Texas,Dallas,District C,50,3.84,192.0,118.5,73.5,3.9,True,2024-05-18
Store #109,PID-1008,Sparkling Spring Water 750ml,VitalityFoods,Bottle,12,California,San Diego,District A,36,2.78,100.08,64.44,35.64,4.7,True,2024-09-18
Store #102,PID-1006,Organic Rolled Oats 1kg,HarvestGold,Bag,10,California,San Francisco,District B,104,8.23,855.92,540.8,315.12,4.1,False,2024-03-31
Store #110,PID-1002,Cold Brew Coffee 330ml,PureBrew,Bottle,24,Texas,Houston,District C,46,3.85,177.1,101.66,75.44,4.8,True,2024-02-02
Store #108,PID-1011,Matcha Green Tea Powder 100g,VitalityFoods,Tin,12,Illinois,Chicago,District B,12,19.67,236.04,143.64,92.4,4.7,False,2024-06-28
Store #109,PID-1007,Grass-Fed Whole Milk 1 Gal,AlpineDairy,Jug,6,California,San Diego,District A,47,6.1,286.7,185.18,101.52,4.7,True,2024-04-18
Store #102,PID-1012,Organic Chia Seeds 500g,NutriFarm,Bag,12,California,San Francisco,District B,131,8.54,1118.74,691.68,427.06,4.2,True,2024-04-26
Store #101,PID-1001,Organic Almond Milk 1L,NutriFarm,Carton,12,California,Los Angeles,District A,53,4.27,226.31,136.74,89.57,5.0,True,2024-08-19
Store #106,PID-1007,Grass-Fed Whole Milk 1 Gal,AlpineDairy,Jug,6,Washington,Seattle,District B,85,6.52,554.2,311.95,242.25,4.8,True,2024-01-04
Store #109,PID-1002,Cold Brew Coffee 330ml,PureBrew,Bottle,24,California,San Diego,District A,39,3.98,155.22,98.28,56.94,4.5,True,2024-10-30
Store #102,PID-1010,Extra Virgin Olive Oil 750ml,GreenValley,Bottle,6,California,San Francisco,District B,86,18.51,1591.86,1003.62,588.24,4.3,False,2024-01-17
Store #102,PID-1001,Organic Almond Milk 1L,NutriFarm,Carton,12,California,San Francisco,District B,40,4.58,183.2,123.2,60.0,5.0,True,2024-06-02
Store #107,PID-1002,Cold Brew Coffee 330ml,PureBrew,Bottle,24,Florida,Miami,District D,98,3.82,374.36,223.44,150.92,4.2,False,2024-09-28
Store #105,PID-1006,Organic Rolled Oats 1kg,HarvestGold,Bag,10,New York,New York,District A,28,8.29,232.12,160.16,71.96,4.5,True,2024-04-04
Store #106,PID-1002,Cold Brew Coffee 330ml,PureBrew,Bottle,24,Washington,Seattle,District B,72,4.1,295.2,176.4,118.8,3.9,True,2024-02-18
Store #110,PID-1002,Cold Brew Coffee 330ml,PureBrew,Bottle,24,Texas,Houston,District C,17,3.9,66.3,44.88,21.42,4.5,True,2024-04-28
Store #102,PID-1012,Organic Chia Seeds 500g,NutriFarm,Bag,12,California,San Francisco,District B,81,8.83,715.23,464.13,251.1,3.9,True,2024-10-08
Store #101,PID-1005,Artisan Sourdough Loaf,HarvestGold,Pack,8,California,Los Angeles,District A,28,6.59,184.52,108.92,75.6,3.9,False,2024-08-03
Store #110,PID-1001,Organic Almond Milk 1L,NutriFarm,Carton,12,Texas,Houston,District C,127,4.28,543.56,364.49,179.07,4.3,False,2024-02-24
Store #103,PID-1010,Extra Virgin Olive Oil 750ml,GreenValley,Bottle,6,Texas,Austin,District C,68,18.2,1237.6,711.96,525.64,4.6,True,2024-10-14
Store #102,PID-1011,Matcha Green Tea Powder 100g,VitalityFoods,Tin,12,California,San Francisco,District B,125,19.43,2428.75,1593.75,835.0,4.0,True,2024-01-09
Store #109,PID-1004,Greek Yogurt Plain 450g,AlpineDairy,Tub,12,California,San Diego,District A,6,5.39,32.34,22.02,10.32,4.5,True,2024-07-27
Store #104,PID-1008,Sparkling Spring Water 750ml,VitalityFoods,Bottle,12,Texas,Dallas,District C,65,2.67,173.55,100.75,72.8,4.6,True,2024-10-07
Store #109,PID-1005,Artisan Sourdough Loaf,HarvestGold,Pack,8,California,San Diego,District A,39,6.43,250.77,160.29,90.48,4.9,True,2024-06-25
Store #104,PID-1010,Extra Virgin Olive Oil 750ml,GreenValley,Bottle,6,Texas,Dallas,District C,112,18.52,2074.24,1329.44,744.8,3.8,False,2024-03-04
Store #110,PID-1004,Greek Yogurt Plain 450g,AlpineDairy,Tub,12,Texas,Houston,District C,37,5.33,197.21,132.46,64.75,4.5,True,2024-05-09
Store #104,PID-1003,Dark Roast Whole Bean 500g,PureBrew,Bag,6,Texas,Dallas,District C,64,16.79,1074.56,711.04,363.52,4.7,True,2024-01-21
Store #103,PID-1004,Greek Yogurt Plain 450g,AlpineDairy,Tub,12,Texas,Austin,District C,33,5.33,175.89,113.85,62.04,4.7,True,2024-05-21
Store #101,PID-1007,Grass-Fed Whole Milk 1 Gal,AlpineDairy,Jug,6,California,Los Angeles,District A,92,6.11,562.12,321.08,241.04,4.7,True,2024-02-24
Store #106,PID-1006,Organic Rolled Oats 1kg,HarvestGold,Bag,10,Washington,Seattle,District B,101,8.12,820.12,534.29,285.83,4.3,True,2024-07-29
Store #103,PID-1004,Greek Yogurt Plain 450g,AlpineDairy,Tub,12,Texas,Austin,District C,95,5.12,486.4,316.35,170.05,4.9,True,2024-07-18
Store #108,PID-1005,Artisan Sourdough Loaf,HarvestGold,Pack,8,Illinois,Chicago,District B,17,6.33,107.61,66.13,41.48,4.0,True,2024-08-11
Store #101,PID-1012,Organic Chia Seeds 500g,NutriFarm,Bag,12,California,Los Angeles,District A,139,8.31,1155.09,707.51,447.58,4.9,True,2024-08-22
Store #105,PID-1003,Dark Roast Whole Bean 500g,PureBrew,Bag,6,New York,New York,District A,8,15.95,127.6,84.8,42.8,3.9,True,2024-08-06
Store #105,PID-1011,Matcha Green Tea Powder 100g,VitalityFoods,Tin,12,New York,New York,District A,120,19.39,2326.8,1581.6,745.2,4.8,True,2024-04-24
Store #105,PID-1003,Dark Roast Whole Bean 500g,PureBrew,Bag,6,New York,New York,District A,61,15.89,969.29,552.66,416.63,4.7,True,2024-09-02
Store #107,PID-1004,Greek Yogurt Plain 450g,AlpineDairy,Tub,12,Florida,Miami,District D,135,5.37,724.95,414.45,310.5,4.1,True,2024-10-09
Store #105,PID-1012,Organic Chia Seeds 500g,NutriFarm,Bag,12,New York,New York,District A,74,8.8,651.2,408.48,242.72,4.2,True,2024-02-20
Store #102,PID-1010,Extra Virgin Olive Oil 750ml,GreenValley,Bottle,6,California,San Francisco,District B,66,19.75,1303.5,766.26,537.24,4.1,True,2024-02-24
Store #109,PID-1010,Extra Virgin Olive Oil 750ml,GreenValley,Bottle,6,California,San Diego,District A,140,19.79,2770.6,1785.0,985.6,5.0,False,2024-10-21
Store #101,PID-1006,Organic Rolled Oats 1kg,HarvestGold,Bag,10,California,Los Angeles,District A,112,8.04,900.48,495.04,405.44,4.0,False,2024-12-19
Store #105,PID-1012,Organic Chia Seeds 500g,NutriFarm,Bag,12,New York,New York,District A,69,8.66,597.54,353.28,244.26,4.0,True,2024-08-05
Store #110,PID-1010,Extra Virgin Olive Oil 750ml,GreenValley,Bottle,6,Texas,Houston,District C,96,18.22,1749.12,1085.76,663.36,4.0,True,2024-10-15
Store #101,PID-1006,Organic Rolled Oats 1kg,HarvestGold,Bag,10,California,Los Angeles,District A,125,8.2,1025.0,645.0,380.0,4.4,True,2024-07-01
Store #109,PID-1001,Organic Almond Milk 1L,NutriFarm,Carton,12,California,San Diego,District A,24,4.31,103.44,70.8,32.64,4.1,True,2024-12-19
Store #104,PID-1008,Sparkling Spring Water 750ml,VitalityFoods,Bottle,12,Texas,Dallas,District C,23,2.68,61.64,43.01,18.63,4.5,True,2024-07-30
Store #104,PID-1012,Organic Chia Seeds 500g,NutriFarm,Bag,12,Texas,Dallas,District C,60,8.38,502.8,279.6,223.2,3.8,True,2024-04-19
Store #102,PID-1005,Artisan Sourdough Loaf,HarvestGold,Pack,8,California,San Francisco,District B,120,6.75,810.0,457.2,352.8,4.9,True,2024-11-25
Store #102,PID-1005,Artisan Sourdough Loaf,HarvestGold,Pack,8,California,San Francisco,District B,66,6.19,408.54,266.64,141.9,4.4,True,2024-11-02
Store #101,PID-1008,Sparkling Spring Water 750ml,VitalityFoods,Bottle,12,California,Los Angeles,District A,110,2.9,319.0,180.4,138.6,4.4,True,2024-04-20
Store #110,PID-1005,Artisan Sourdough Loaf,HarvestGold,Pack,8,Texas,Houston,District C,114,6.62,754.68,520.98,233.7,4.7,True,2024-01-01
Store #103,PID-1001,Organic Almond Milk 1L,NutriFarm,Carton,12,Texas,Austin,District C,10,4.57,45.7,26.5,19.2,4.8,True,2024-02-19
Store #101,PID-1012,Organic Chia Seeds 500g,NutriFarm,Bag,12,California,Los Angeles,District A,55,8.77,482.35,279.4,202.95,4.2,False,2024-04-01
Store #108,PID-1004,Greek Yogurt Plain 450g,AlpineDairy,Tub,12,Illinois,Chicago,District B,39,5.04,196.56,129.48,67.08,4.7,True,2024-11-12
Store #105,PID-1011,Matcha Green Tea Powder 100g,VitalityFoods,Tin,12,New York,New York,District A,44,20.37,896.28,605.0,291.28,4.0,True,2024-08-09
Store #103,PID-1006,Organic Rolled Oats 1kg,HarvestGold,Bag,10,Texas,Austin,District C,49,8.14,398.86,272.93,125.93,3.9,True,2024-01-18
Store #104,PID-1002,Cold Brew Coffee 330ml,PureBrew,Bottle,24,Texas,Dallas,District C,111,3.83,425.13,248.64,176.49,4.8,True,2024-03-19
Store #109,PID-1012,Organic Chia Seeds 500g,NutriFarm,Bag,12,California,San Diego,District A,140,8.87,1241.8,856.8,385.0,4.9,True,2024-10-11
Store #106,PID-1008,Sparkling Spring Water 750ml,VitalityFoods,Bottle,12,Washington,Seattle,District B,60,2.92,175.2,107.4,67.8,4.5,True,2024-03-21
Store #105,PID-1006,Organic Rolled Oats 1kg,HarvestGold,Bag,10,New York,New York,District A,59,8.33,491.47,329.22,162.25,4.8,True,2024-05-13
Store #105,PID-1007,Grass-Fed Whole Milk 1 Gal,AlpineDairy,Jug,6,New York,New York,District A,124,6.56,813.44,554.28,259.16,3.9,True,2024-10-01
Store #101,PID-1004,Greek Yogurt Plain 450g,AlpineDairy,Tub,12,California,Los Angeles,District A,33,5.32,175.56,106.92,68.64,4.6,True,2024-12-24
Store #103,PID-1001,Organic Almond Milk 1L,NutriFarm,Carton,12,Texas,Austin,District C,51,4.51,230.01,134.64,95.37,4.0,True,2024-09-22
Store #109,PID-1010,Extra Virgin Olive Oil 750ml,GreenValley,Bottle,6,California,San Diego,District A,23,18.5,425.5,269.33,156.17,4.2,True,2024-10-05
Store #105,PID-1005,Artisan Sourdough Loaf,HarvestGold,Pack,8,New York,New York,District A,39,6.7,261.3,145.47,115.83,4.4,True,2024-06-19
Store #103,PID-1004,Greek Yogurt Plain 450g,AlpineDairy,Tub,12,Texas,Austin,District C,27,5.3,143.1,92.07,51.03,3.9,True,2024-12-23
Store #109,PID-1002,Cold Brew Coffee 330ml,PureBrew,Bottle,24,California,San Diego,District A,122,3.86,470.92,278.16,192.76,4.8,False,2024-06-13
Store #101,PID-1001,Organic Almond Milk 1L,NutriFarm,Carton,12,California,Los Angeles,District A,11,4.65,51.15,33.66,17.49,3.9,True,2024-12-06
Store #110,PID-1002,Cold Brew Coffee 330ml,PureBrew,Bottle,24,Texas,Houston,District C,53,3.98,210.94,141.51,69.43,4.3,True,2024-02-12
Store #106,PID-1001,Organic Almond Milk 1L,NutriFarm,Carton,12,Washington,Seattle,District B,11,4.59,50.49,35.31,15.18,4.2,True,2024-11-18
Store #109,PID-1011,Matcha Green Tea Powder 100g,VitalityFoods,Tin,12,California,San Diego,District A,79,19.51,1541.29,867.42,673.87,4.8,True,2024-05-28
Store #110,PID-1009,Raw Wildflower Honey 500g,GreenValley,Jar,12,Texas,Houston,District C,78,11.48,895.44,614.64,280.8,3.9,True,2024-09-01
Store #105,PID-1009,Raw Wildflower Honey 500g,GreenValley,Jar,12,New York,New York,District A,15,11.28,169.2,105.0,64.2,4.4,True,2024-11-14
Store #101,PID-1010,Extra Virgin Olive Oil 750ml,GreenValley,Bottle,6,California,Los Angeles,District A,5,19.3,96.5,65.9,30.6,4.3,True,2024-01-26
Store #102,PID-1006,Organic Rolled Oats 1kg,HarvestGold,Bag,10,California,San Francisco,District B,75,8.01,600.75,366.75,234.0,4.5,True,2024-09-21
Store #103,PID-1005,Artisan Sourdough Loaf,HarvestGold,Pack,8,Texas,Austin,District C,63,6.81,429.03,259.56,169.47,3.9,True,2024-09-18
Store #103,PID-1010,Extra Virgin Olive Oil 750ml,GreenValley,Bottle,6,Texas,Austin,District C,15,19.09,286.35,159.15,127.2,4.4,True,2024-07-11
Store #104,PID-1007,Grass-Fed Whole Milk 1 Gal,AlpineDairy,Jug,6,Texas,Dallas,District C,122,6.36,775.92,518.5,257.42,3.8,True,2024-11-04
Store #109,PID-1003,Dark Roast Whole Bean 500g,PureBrew,Bag,6,California,San Diego,District A,21,15.29,321.09,215.25,105.84,4.9,True,2024-03-05
Store #105,PID-1009,Raw Wildflower Honey 500g,GreenValley,Jar,12,New York,New York,District A,140,11.76,1646.4,970.2,676.2,4.7,True,2024-03-04
Store #103,PID-1009,Raw Wildflower Honey 500g,GreenValley,Jar,12,Texas,Austin,District C,132,11.93,1574.76,925.32,649.44,4.0,True,2024-08-30
Store #104,PID-1009,Raw Wildflower Honey 500g,GreenValley,Jar,12,Texas,Dallas,District C,21,11.37,238.77,140.07,98.7,4.6,True,2024-11-27
Store #107,PID-1010,Extra Virgin Olive Oil 750ml,GreenValley,Bottle,6,Florida,Miami,District D,80,19.42,1553.6,976.0,577.6,4.6,True,2024-12-13
Store #105,PID-1007,Grass-Fed Whole Milk 1 Gal,AlpineDairy,Jug,6,New York,New York,District A,45,5.99,269.55,183.6,85.95,4.7,True,2024-06-01
Store #109,PID-1007,Grass-Fed Whole Milk 1 Gal,AlpineDairy,Jug,6,California,San Diego,District A,31,6.17,191.27,127.41,63.86,3.9,True,2024-04-19
Store #107,PID-1005,Artisan Sourdough Loaf,HarvestGold,Pack,8,Florida,Miami,District D,104,6.27,652.08,451.36,200.72,4.2,True,2024-11-19
Store #101,PID-1003,Dark Roast Whole Bean 500g,PureBrew,Bag,6,California,Los Angeles,District A,63,16.34,1029.42,623.07,406.35,4.5,True,2024-07-25
Store #104,PID-1012,Organic Chia Seeds 500g,NutriFarm,Bag,12,Texas,Dallas,District C,26,8.46,219.96,131.04,88.92,4.8,True,2024-01-12
Store #109,PID-1010,Extra Virgin Olive Oil 750ml,GreenValley,Bottle,6,California,San Diego,District A,134,19.78,2650.52,1467.3,1183.22,4.1,False,2024-09-28
Store #104,PID-1009,Raw Wildflower Honey 500g,GreenValley,Jar,12,Texas,Dallas,District C,133,11.51,1530.83,1032.08,498.75,4.1,True,2024-12-23
Store #103,PID-1008,Sparkling Spring Water 750ml,VitalityFoods,Bottle,12,Texas,Austin,District C,20,2.84,56.8,34.2,22.6,4.1,True,2024-11-08
Store #105,PID-1004,Greek Yogurt Plain 450g,AlpineDairy,Tub,12,New York,New York,District A,60,5.14,308.4,205.2,103.2,4.2,True,2024-04-14
Store #105,PID-1010,Extra Virgin Olive Oil 750ml,GreenValley,Bottle,6,New York,New York,District A,36,18.79,676.44,394.56,281.88,4.0,False,2024-06-10
Store #102,PID-1012,Organic Chia Seeds 500g,NutriFarm,Bag,12,California,San Francisco,District B,121,8.51,1029.71,677.6,352.11,4.7,True,2024-11-03
Store #110,PID-1004,Greek Yogurt Plain 450g,AlpineDairy,Tub,12,Texas,Houston,District C,28,5.36,150.08,87.08,63.0,4.1,True,2024-05-03
Store #106,PID-1004,Greek Yogurt Plain 450g,AlpineDairy,Tub,12,Washington,Seattle,District B,109,5.48,597.32,393.49,203.83,4.9,True,2024-01-21
Store #110,PID-1009,Raw Wildflower Honey 500g,GreenValley,Jar,12,Texas,Houston,District C,88,12.05,1060.4,598.4,462.0,5.0,True,2024-09-11
Store #109,PID-1012,Organic Chia Seeds 500g,NutriFarm,Bag,12,California,San Diego,District A,7,8.07,56.49,32.62,23.87,4.8,True,2024-09-25
Store #101,PID-1010,Extra Virgin Olive Oil 750ml,GreenValley,Bottle,6,California,Los Angeles,District A,90,19.52,1756.8,995.4,761.4,4.0,True,2024-02-24
Store #101,PID-1004,Greek Yogurt Plain 450g,AlpineDairy,Tub,12,California,Los Angeles,District A,101,5.2,525.2,339.36,185.84,4.4,True,2024-12-18
Store #110,PID-1002,Cold Brew Coffee 330ml,PureBrew,Bottle,24,Texas,Houston,District C,5,4.14,20.7,13.5,7.2,4.3,True,2024-07-31
Store #106,PID-1003,Dark Roast Whole Bean 500g,PureBrew,Bag,6,Washington,Seattle,District B,24,15.69,376.56,211.2,165.36,3.9,True,2024-01-30
Store #110,PID-1005,Artisan Sourdough Loaf,HarvestGold,Pack,8,Texas,Houston,District C,79,6.31,498.49,304.15,194.34,4.4,True,2024-02-25
Store #110,PID-1003,Dark Roast Whole Bean 500g,PureBrew,Bag,6,Texas,Houston,District C,54,15.46,834.84,549.72,285.12,4.9,True,2024-07-27
Store #109,PID-1003,Dark Roast Whole Bean 500g,PureBrew,Bag,6,California,San Diego,District A,66,15.91,1050.06,630.3,419.76,4.3,False,2024-02-07
Store #101,PID-1012,Organic Chia Seeds 500g,NutriFarm,Bag,12,California,Los Angeles,District A,38,8.51,323.38,197.6,125.78,4.7,True,2024-05-30
Store #101,PID-1006,Organic Rolled Oats 1kg,HarvestGold,Bag,10,California,Los Angeles,District A,131,8.34,1092.54,670.72,421.82,5.0,True,2024-05-01
Store #109,PID-1012,Organic Chia Seeds 500g,NutriFarm,Bag,12,California,San Diego,District A,34,8.7,295.8,181.56,114.24,4.8,True,2024-02-19
Store #104,PID-1001,Organic Almond Milk 1L,NutriFarm,Carton,12,Texas,Dallas,District C,57,4.43,252.51,153.9,98.61,4.5,True,2024-09-23
Store #101,PID-1007,Grass-Fed Whole Milk 1 Gal,AlpineDairy,Jug,6,California,Los Angeles,District A,121,6.02,728.42,503.36,225.06,4.1,True,2024-03-19
Store #104,PID-1005,Artisan Sourdough Loaf,HarvestGold,Pack,8,Texas,Dallas,District C,96,6.2,595.2,365.76,229.44,4.5,True,2024-06-23
Store #102,PID-1008,Sparkling Spring Water 750ml,VitalityFoods,Bottle,12,California,San Francisco,District B,129,2.77,357.33,227.04,130.29,4.9,True,2024-11-16
Store #109,PID-1005,Artisan Sourdough Loaf,HarvestGold,Pack,8,California,San Diego,District A,15,6.24,93.6,55.8,37.8,4.5,True,2024-05-28
Store #108,PID-1004,Greek Yogurt Plain 450g,AlpineDairy,Tub,12,Illinois,Chicago,District B,81,5.15,417.15,283.5,133.65,4.9,True,2024-06-24
Store #109,PID-1003,Dark Roast Whole Bean 500g,PureBrew,Bag,6,California,San Diego,District A,16,15.53,248.48,160.64,87.84,4.5,True,2024-07-27
Store #102,PID-1011,Matcha Green Tea Powder 100g,VitalityFoods,Tin,12,California,San Francisco,District B,120,20.37,2444.4,1351.2,1093.2,4.8,True,2024-07-08
Store #110,PID-1010,Extra Virgin Olive Oil 750ml,GreenValley,Bottle,6,Texas,Houston,District C,79,18.58,1467.82,847.67,620.15,3.8,True,2024-02-03
Store #105,PID-1010,Extra Virgin Olive Oil 750ml,GreenValley,Bottle,6,New York,New York,District A,108,19.48,2103.84,1380.24,723.6,4.5,True,2024-03-25
Store #110,PID-1010,Extra Virgin Olive Oil 750ml,GreenValley,Bottle,6,Texas,Houston,District C,80,19.62,1569.6,1014.4,555.2,4.7,True,2024-07-11
Store #108,PID-1002,Cold Brew Coffee 330ml,PureBrew,Bottle,24,Illinois,Chicago,District B,80,3.85,308.0,205.6,102.4,4.5,True,2024-09-24
Store #110,PID-1004,Greek Yogurt Plain 450g,AlpineDairy,Tub,12,Texas,Houston,District C,89,5.32,473.48,281.24,192.24,4.7,True,2024-03-16
Store #110,PID-1010,Extra Virgin Olive Oil 750ml,GreenValley,Bottle,6,Texas,Houston,District C,49,19.73,966.77,547.33,419.44,4.8,True,2024-04-09
Store #104,PID-1005,Artisan Sourdough Loaf,HarvestGold,Pack,8,Texas,Dallas,District C,115,6.43,739.45,469.2,270.25,4.9,True,2024-03-13
Store #101,PID-1009,Raw Wildflower Honey 500g,GreenValley,Jar,12,California,Los Angeles,District A,44,11.37,500.28,283.8,216.48,4.7,True,2024-08-30
Store #101,PID-1011,Matcha Green Tea Powder 100g,VitalityFoods,Tin,12,California,Los Angeles,District A,49,20.49,1004.01,598.78,405.23,4.9,True,2024-08-14
Store #109,PID-1010,Extra Virgin Olive Oil 750ml,GreenValley,Bottle,6,California,San Diego,District A,88,19.31,1699.28,1088.56,610.72,4.2,True,2024-04-22
Store #109,PID-1003,Dark Roast Whole Bean 500g,PureBrew,Bag,6,California,San Diego,District A,9,16.53,148.77,103.68,45.09,4.8,True,2024-12-02
Store #107,PID-1011,Matcha Green Tea Powder 100g,VitalityFoods,Tin,12,Florida,Miami,District D,41,20.79,852.39,541.2,311.19,4.3,False,2024-03-01
Store #103,PID-1007,Grass-Fed Whole Milk 1 Gal,AlpineDairy,Jug,6,Texas,Austin,District C,96,6.32,606.72,346.56,260.16,4.6,False,2024-10-29
Store #109,PID-1007,Grass-Fed Whole Milk 1 Gal,AlpineDairy,Jug,6,California,San Diego,District A,101,6.19,625.19,402.99,222.2,4.9,True,2024-10-20
Store #109,PID-1008,Sparkling Spring Water 750ml,VitalityFoods,Bottle,12,California,San Diego,District A,30,2.84,85.2,55.5,29.7,4.0,True,2024-08-06
Store #109,PID-1006,Organic Rolled Oats 1kg,HarvestGold,Bag,10,California,San Diego,District A,91,8.37,761.67,505.05,256.62,4.1,True,2024-10-19
Store #105,PID-1007,Grass-Fed Whole Milk 1 Gal,AlpineDairy,Jug,6,New York,New York,District A,43,6.13,263.59,176.3,87.29,4.2,True,2024-10-04
Store #101,PID-1001,Organic Almond Milk 1L,NutriFarm,Carton,12,California,Los Angeles,District A,127,4.6,584.2,321.31,262.89,4.6,True,2024-03-25
Store #110,PID-1007,Grass-Fed Whole Milk 1 Gal,AlpineDairy,Jug,6,Texas,Houston,District C,21,6.6,138.6,78.75,59.85,5.0,True,2024-07-18
Store #104,PID-1002,Cold Brew Coffee 330ml,PureBrew,Bottle,24,Texas,Dallas,District C,54,4.12,222.48,133.38,89.1,5.0,True,2024-02-11
Store #101,PID-1002,Cold Brew Coffee 330ml,PureBrew,Bottle,24,California,Los Angeles,District A,140,3.81,533.4,345.8,187.6,3.9,True,2024-07-11
Store #102,PID-1012,Organic Chia Seeds 500g,NutriFarm,Bag,12,California,San Francisco,District B,18,8.45,152.1,101.34,50.76,4.8,True,2024-06-13
Store #110,PID-1008,Sparkling Spring Water 750ml,VitalityFoods,Bottle,12,Texas,Houston,District C,110,2.83,311.3,173.8,137.5,4.2,True,2024-11-24
Store #105,PID-1001,Organic Almond Milk 1L,NutriFarm,Carton,12,New York,New York,District A,117,4.46,521.82,308.88,212.94,4.0,True,2024-09-10
Store #108,PID-1003,Dark Roast Whole Bean 500g,PureBrew,Bag,6,Illinois,Chicago,District B,110,16.26,1788.6,1144.0,644.6,4.2,True,2024-07-25
Store #102,PID-1012,Organic Chia Seeds 500g,NutriFarm,Bag,12,California,San Francisco,District B,126,8.85,1115.1,767.34,347.76,5.0,True,2024-09-08
Store #110,PID-1002,Cold Brew Coffee 330ml,PureBrew,Bottle,24,Texas,Houston,District C,10,3.95,39.5,24.8,14.7,4.4,False,2024-05-14
Store #104,PID-1004,Greek Yogurt Plain 450g,AlpineDairy,Tub,12,Texas,Dallas,District C,121,5.15,623.15,430.76,192.39,4.9,True,2024-04-13
Store #103,PID-1004,Greek Yogurt Plain 450g,AlpineDairy,Tub,12,Texas,Austin,District C,107,5.08,543.56,343.47,200.09,3.9,False,2024-06-25
Store #103,PID-1011,Matcha Green Tea Powder 100g,VitalityFoods,Tin,12,Texas,Austin,District C,25,20.2,505.0,277.75,227.25,3.9,True,2024-02-22
Store #104,PID-1009,Raw Wildflower Honey 500g,GreenValley,Jar,12,Texas,Dallas,District C,86,11.07,952.02,594.26,357.76,4.5,True,2024-12-08
Store #102,PID-1004,Greek Yogurt Plain 450g,AlpineDairy,Tub,12,California,San Francisco,District B,119,5.06,602.14,391.51,210.63,4.2,True,2024-04-21
Store #101,PID-1012,Organic Chia Seeds 500g,NutriFarm,Bag,12,California,Los Angeles,District A,87,8.11,705.57,479.37,226.2,4.2,False,2024-03-27
Store #102,PID-1007,Grass-Fed Whole Milk 1 Gal,AlpineDairy,Jug,6,California,San Francisco,District B,77,6.6,508.2,297.22,210.98,4.0,True,2024-05-21
Store #102,PID-1007,Grass-Fed Whole Milk 1 Gal,AlpineDairy,Jug,6,California,San Francisco,District B,32,6.56,209.92,144.0,65.92,4.7,True,2024-08-28
Store #109,PID-1003,Dark Roast Whole Bean 500g,PureBrew,Bag,6,California,San Diego,District A,24,15.21,365.04,209.52,155.52,3.9,True,2024-04-05
Store #110,PID-1009,Raw Wildflower Honey 500g,GreenValley,Jar,12,Texas,Houston,District C,31,11.64,360.84,212.66,148.18,4.9,True,2024-04-03
Store #110,PID-1009,Raw Wildflower Honey 500g,GreenValley,Jar,12,Texas,Houston,District C,130,11.82,1536.6,1003.6,533.0,4.3,True,2024-06-23
Store #104,PID-1009,Raw Wildflower Honey 500g,GreenValley,Jar,12,Texas,Dallas,District C,34,11.89,404.26,233.24,171.02,4.6,True,2024-05-04
Store #101,PID-1006,Organic Rolled Oats 1kg,HarvestGold,Bag,10,California,Los Angeles,District A,120,8.36,1003.2,555.6,447.6,4.7,True,2024-04-27
Store #107,PID-1007,Grass-Fed Whole Milk 1 Gal,AlpineDairy,Jug,6,Florida,Miami,District D,35,6.26,219.1,143.5,75.6,4.3,True,2024-12-14
Store #104,PID-1007,Grass-Fed Whole Milk 1 Gal,AlpineDairy,Jug,6,Texas,Dallas,District C,42,6.52,273.84,151.2,122.64,4.7,True,2024-09-22
Store #103,PID-1002,Cold Brew Coffee 330ml,PureBrew,Bottle,24,Texas,Austin,District C,48,3.86,185.28,119.52,65.76,4.2,True,2024-12-03
Store #107,PID-1011,Matcha Green Tea Powder 100g,VitalityFoods,Tin,12,Florida,Miami,District D,98,19.02,1863.96,1119.16,744.8,5.0,True,2024-12-03
Store #105,PID-1007,Grass-Fed Whole Milk 1 Gal,AlpineDairy,Jug,6,New York,New York,District A,43,6.44,276.92,174.15,102.77,4.7,True,2024-10-18
Store #110,PID-1003,Dark Roast Whole Bean 500g,PureBrew,Bag,6,Texas,Houston,District C,106,16.74,1774.44,1176.6,597.84,4.9,True,2024-06-16
Store #109,PID-1011,Matcha Green Tea Powder 100g,VitalityFoods,Tin,12,California,San Diego,District A,65,19.85,1290.25,827.45,462.8,4.1,True,2024-05-17
Store #101,PID-1003,Dark Roast Whole Bean 500g,PureBrew,Bag,6,California,Los Angeles,District A,14,16.55,231.7,155.12,76.58,4.9,True,2024-03-05
Store #104,PID-1011,Matcha Green Tea Powder 100g,VitalityFoods,Tin,12,Texas,Dallas,District C,115,20.94,2408.1,1541.0,867.1,4.6,True,2024-10-04
Store #105,PID-1011,Matcha Green Tea Powder 100g,VitalityFoods,Tin,12,New York,New York,District A,81,20.75,1680.75,1009.26,671.49,4.7,True,2024-03-07
Store #102,PID-1011,Matcha Green Tea Powder 100g,VitalityFoods,Tin,12,California,San Francisco,District B,77,19.68,1515.36,975.59,539.77,4.4,True,2024-02-13
Store #101,PID-1012,Organic Chia Seeds 500g,NutriFarm,Bag,12,California,Los Angeles,District A,117,8.14,952.38,655.2,297.18,4.1,True,2024-12-01
Store #108,PID-1007,Grass-Fed Whole Milk 1 Gal,AlpineDairy,Jug,6,Illinois,Chicago,District B,55,6.31,347.05,241.45,105.6,4.0,True,2024-09-01
Store #108,PID-1005,Artisan Sourdough Loaf,HarvestGold,Pack,8,Illinois,Chicago,District B,24,6.79,162.96,91.2,71.76,4.6,True,2024-07-13
Store #108,PID-1010,Extra Virgin Olive Oil 750ml,GreenValley,Bottle,6,Illinois,Chicago,District B,131,18.77,2458.87,1408.25,1050.62,4.5,True,2024-09-29
Store #109,PID-1008,Sparkling Spring Water 750ml,VitalityFoods,Bottle,12,California,San Diego,District A,38,2.74,104.12,66.12,38.0,4.4,True,2024-03-19
Store #109,PID-1006,Organic Rolled Oats 1kg,HarvestGold,Bag,10,California,San Diego,District A,139,7.59,1055.01,682.49,372.52,4.6,True,2024-12-14
Store #106,PID-1001,Organic Almond Milk 1L,NutriFarm,Carton,12,Washington,Seattle,District B,73,4.66,340.18,221.19,118.99,4.8,True,2024-12-22
Store #107,PID-1007,Grass-Fed Whole Milk 1 Gal,AlpineDairy,Jug,6,Florida,Miami,District D,89,6.41,570.49,362.23,208.26,3.8,True,2024-11-13
Store #105,PID-1009,Raw Wildflower Honey 500g,GreenValley,Jar,12,New York,New York,District A,92,11.9,1094.8,645.84,448.96,4.0,True,2024-03-31
Store #108,PID-1010,Extra Virgin Olive Oil 750ml,GreenValley,Bottle,6,Illinois,Chicago,District B,55,18.31,1007.05,678.7,328.35,4.5,True,2024-07-20
Store #104,PID-1011,Matcha Green Tea Powder 100g,VitalityFoods,Tin,12,Texas,Dallas,District C,73,20.57,1501.61,1013.24,488.37,4.1,True,2024-03-09
Store #109,PID-1010,Extra Virgin Olive Oil 750ml,GreenValley,Bottle,6,California,San Diego,District A,92,18.81,1730.52,1019.36,711.16,4.6,True,2024-02-22
Store #103,PID-1009,Raw Wildflower Honey 500g,GreenValley,Jar,12,Texas,Austin,District C,128,11.12,1423.36,984.32,439.04,4.3,True,2024-06-21
Store #103,PID-1007,Grass-Fed Whole Milk 1 Gal,AlpineDairy,Jug,6,Texas,Austin,District C,61,6.52,397.72,231.8,165.92,4.4,True,2024-10-28
Store #106,PID-1002,Cold Brew Coffee 330ml,PureBrew,Bottle,24,Washington,Seattle,District B,134,3.83,513.22,336.34,176.88,4.2,False,2024-04-24
Store #108,PID-1009,Raw Wildflower Honey 500g,GreenValley,Jar,12,Illinois,Chicago,District B,103,12.01,1237.03,783.83,453.2,3.8,True,2024-05-14
Store #108,PID-1011,Matcha Green Tea Powder 100g,VitalityFoods,Tin,12,Illinois,Chicago,District B,71,19.44,1380.24,799.46,580.78,4.6,False,2024-05-27
Store #109,PID-1010,Extra Virgin Olive Oil 750ml,GreenValley,Bottle,6,California,San Diego,District A,33,19.78,652.74,417.78,234.96,4.0,True,2024-02-08
Store #106,PID-1010,Extra Virgin Olive Oil 750ml,GreenValley,Bottle,6,Washington,Seattle,District B,73,19.55,1427.15,803.0,624.15,4.2,True,2024-04-30
Store #102,PID-1006,Organic Rolled Oats 1kg,HarvestGold,Bag,10,California,San Francisco,District B,121,7.68,929.28,626.78,302.5,4.0,True,2024-05-30
Store #103,PID-1006,Organic Rolled Oats 1kg,HarvestGold,Bag,10,Texas,Austin,District C,59,8.24,486.16,302.08,184.08,4.8,True,2024-11-13
Store #104,PID-1007,Grass-Fed Whole Milk 1 Gal,AlpineDairy,Jug,6,Texas,Dallas,District C,86,6.0,516.0,357.76,158.24,4.1,True,2024-08-17
Store #102,PID-1005,Artisan Sourdough Loaf,HarvestGold,Pack,8,California,San Francisco,District B,14,6.67,93.38,53.9,39.48,4.3,True,2024-02-14
Store #102,PID-1012,Organic Chia Seeds 500g,NutriFarm,Bag,12,California,San Francisco,District B,139,8.47,1177.33,657.47,519.86,4.7,True,2024-10-29
Store #108,PID-1001,Organic Almond Milk 1L,NutriFarm,Carton,12,Illinois,Chicago,District B,97,4.32,419.04,283.24,135.8,4.4,True,2024-05-19
Store #106,PID-1007,Grass-Fed Whole Milk 1 Gal,AlpineDairy,Jug,6,Washington,Seattle,District B,40,6.56,262.4,166.4,96.0,4.9,True,2024-03-24
Store #107,PID-1001,Organic Almond Milk 1L,NutriFarm,Carton,12,Florida,Miami,District D,134,4.45,596.3,395.3,201.0,4.4,True,2024-06-15
Store #103,PID-1003,Dark Roast Whole Bean 500g,PureBrew,Bag,6,Texas,Austin,District C,91,16.01,1456.91,1016.47,440.44,4.9,True,2024-09-09
Store #106,PID-1012,Organic Chia Seeds 500g,NutriFarm,Bag,12,Washington,Seattle,District B,113,8.88,1003.44,672.35,331.09,4.2,True,2024-10-28
Store #110,PID-1005,Artisan Sourdough Loaf,HarvestGold,Pack,8,Texas,Houston,District C,133,6.25,831.25,577.22,254.03,4.9,True,2024-04-01
Store #107,PID-1006,Organic Rolled Oats 1kg,HarvestGold,Bag,10,Florida,Miami,District D,39,8.34,325.26,179.01,146.25,3.8,True,2024-01-14
Store #105,PID-1006,Organic Rolled Oats 1kg,HarvestGold,Bag,10,New York,New York,District A,63,8.06,507.78,345.87,161.91,3.9,True,2024-11-23
Store #102,PID-1006,Organic Rolled Oats 1kg,HarvestGold,Bag,10,California,San Francisco,District B,22,7.76,170.72,102.3,68.42,4.4,True,2024-06-11
Store #107,PID-1009,Raw Wildflower Honey 500g,GreenValley,Jar,12,Florida,Miami,District D,30,11.24,337.2,199.8,137.4,4.4,True,2024-04-03
Store #107,PID-1010,Extra Virgin Olive Oil 750ml,GreenValley,Bottle,6,Florida,Miami,District D,130,18.31,2380.3,1653.6,726.7,4.6,True,2024-11-13
Store #107,PID-1008,Sparkling Spring Water 750ml,VitalityFoods,Bottle,12,Florida,Miami,District D,117,2.85,333.45,197.73,135.72,4.3,True,2024-11-22
Store #103,PID-1006,Organic Rolled Oats 1kg,HarvestGold,Bag,10,Texas,Austin,District C,47,8.32,391.04,232.18,158.86,4.9,False,2024-09-20
Store #104,PID-1003,Dark Roast Whole Bean 500g,PureBrew,Bag,6,Texas,Dallas,District C,32,16.37,523.84,303.04,220.8,3.9,True,2024-10-05
Store #103,PID-1011,Matcha Green Tea Powder 100g,VitalityFoods,Tin,12,Texas,Austin,District C,83,20.24,1679.92,938.73,741.19,4.7,True,2024-01-04
Store #109,PID-1004,Greek Yogurt Plain 450g,AlpineDairy,Tub,12,California,San Diego,District A,72,5.28,380.16,221.04,159.12,4.5,True,2024-07-31
Store #109,PID-1003,Dark Roast Whole Bean 500g,PureBrew,Bag,6,California,San Diego,District A,108,16.02,1730.16,974.16,756.0,4.3,True,2024-08-29
Store #106,PID-1008,Sparkling Spring Water 750ml,VitalityFoods,Bottle,12,Washington,Seattle,District B,87,2.72,236.64,164.43,72.21,4.5,True,2024-08-25
Store #103,PID-1007,Grass-Fed Whole Milk 1 Gal,AlpineDairy,Jug,6,Texas,Austin,District C,13,6.18,80.34,51.61,28.73,4.4,True,2024-03-20
Store #108,PID-1007,Grass-Fed Whole Milk 1 Gal,AlpineDairy,Jug,6,Illinois,Chicago,District B,66,6.43,424.38,258.72,165.66,4.5,True,2024-12-02
Store #108,PID-1002,Cold Brew Coffee 330ml,PureBrew,Bottle,24,Illinois,Chicago,District B,125,3.86,482.5,298.75,183.75,4.1,True,2024-11-26
Store #104,PID-1010,Extra Virgin Olive Oil 750ml,GreenValley,Bottle,6,Texas,Dallas,District C,52,19.86,1032.72,711.36,321.36,4.2,True,2024-12-01
Store #110,PID-1010,Extra Virgin Olive Oil 750ml,GreenValley,Bottle,6,Texas,Houston,District C,59,19.45,1147.55,782.93,364.62,4.9,True,2024-11-10
Store #106,PID-1011,Matcha Green Tea Powder 100g,VitalityFoods,Tin,12,Washington,Seattle,District B,24,20.27,486.48,284.88,201.6,4.5,True,2024-10-26
Store #103,PID-1006,Organic Rolled Oats 1kg,HarvestGold,Bag,10,Texas,Austin,District C,98,8.15,798.7,468.44,330.26,4.5,True,2024-11-30
Store #104,PID-1006,Organic Rolled Oats 1kg,HarvestGold,Bag,10,Texas,Dallas,District C,83,7.8,647.4,367.69,279.71,4.7,True,2024-10-11
Store #108,PID-1004,Greek Yogurt Plain 450g,AlpineDairy,Tub,12,Illinois,Chicago,District B,105,5.18,543.9,375.9,168.0,4.5,True,2024-03-23
Store #105,PID-1010,Extra Virgin Olive Oil 750ml,GreenValley,Bottle,6,New York,New York,District A,34,18.38,624.92,385.56,239.36,4.8,True,2024-09-12
Store #108,PID-1001,Organic Almond Milk 1L,NutriFarm,Carton,12,Illinois,Chicago,District B,49,4.46,218.54,125.44,93.1,4.2,True,2024-04-05
Store #110,PID-1008,Sparkling Spring Water 750ml,VitalityFoods,Bottle,12,Texas,Houston,District C,132,2.85,376.2,219.12,157.08,4.6,True,2024-09-26
Store #103,PID-1010,Extra Virgin Olive Oil 750ml,GreenValley,Bottle,6,Texas,Austin,District C,137,18.5,2534.5,1450.83,1083.67,4.8,True,2024-10-12
Store #102,PID-1003,Dark Roast Whole Bean 500g,PureBrew,Bag,6,California,San Francisco,District B,106,16.36,1734.16,1142.68,591.48,3.9,True,2024-07-05
Store #101,PID-1001,Organic Almond Milk 1L,NutriFarm,Carton,12,California,Los Angeles,District A,130,4.54,590.2,408.2,182.0,4.9,True,2024-05-15
Store #109,PID-1010,Extra Virgin Olive Oil 750ml,GreenValley,Bottle,6,California,San Diego,District A,94,19.34,1817.96,1189.1,628.86,4.7,True,2024-08-12
Store #109,PID-1006,Organic Rolled Oats 1kg,HarvestGold,Bag,10,California,San Diego,District A,65,8.1,526.5,320.45,206.05,3.9,True,2024-04-04
Store #101,PID-1004,Greek Yogurt Plain 450g,AlpineDairy,Tub,12,California,Los Angeles,District A,76,5.54,421.04,246.24,174.8,4.3,False,2024-01-09
Store #110,PID-1010,Extra Virgin Olive Oil 750ml,GreenValley,Bottle,6,Texas,Houston,District C,33,18.91,624.03,375.54,248.49,4.8,True,2024-06-13
Store #110,PID-1002,Cold Brew Coffee 330ml,PureBrew,Bottle,24,Texas,Houston,District C,43,4.05,174.15,100.19,73.96,4.9,True,2024-01-12
Store #106,PID-1011,Matcha Green Tea Powder 100g,VitalityFoods,Tin,12,Washington,Seattle,District B,28,19.6,548.8,341.32,207.48,4.6,True,2024-01-13
Store #104,PID-1001,Organic Almond Milk 1L,NutriFarm,Carton,12,Texas,Dallas,District C,55,4.67,256.85,163.35,93.5,5.0,False,2024-11-09
Store #110,PID-1008,Sparkling Spring Water 750ml,VitalityFoods,Bottle,12,Texas,Houston,District C,34,2.69,91.46,51.0,40.46,4.0,True,2024-02-17
Store #104,PID-1003,Dark Roast Whole Bean 500g,PureBrew,Bag,6,Texas,Dallas,District C,122,15.85,1933.7,1282.22,651.48,4.0,False,2024-03-01
Store #102,PID-1002,Cold Brew Coffee 330ml,PureBrew,Bottle,24,California,San Francisco,District B,102,3.95,402.9,229.5,173.4,4.0,True,2024-02-27
Store #101,PID-1008,Sparkling Spring Water 750ml,VitalityFoods,Bottle,12,California,Los Angeles,District A,92,2.84,261.28,180.32,80.96,4.7,True,2024-03-10
Store #104,PID-1010,Extra Virgin Olive Oil 750ml,GreenValley,Bottle,6,Texas,Dallas,District C,14,18.6,260.4,150.78,109.62,4.3,True,2024-04-19
Store #101,PID-1011,Matcha Green Tea Powder 100g,VitalityFoods,Tin,12,California,Los Angeles,District A,121,20.29,2455.09,1594.78,860.31,4.2,True,2024-04-01
Store #103,PID-1005,Artisan Sourdough Loaf,HarvestGold,Pack,8,Texas,Austin,District C,30,6.22,186.6,103.2,83.4,4.5,True,2024-03-31
Store #109,PID-1003,Dark Roast Whole Bean 500g,PureBrew,Bag,6,California,San Diego,District A,7,16.11,112.77,67.55,45.22,4.0,True,2024-06-21
Store #107,PID-1003,Dark Roast Whole Bean 500g,PureBrew,Bag,6,Florida,Miami,District D,54,16.31,880.74,532.98,347.76,5.0,True,2024-01-09
Store #102,PID-1012,Organic Chia Seeds 500g,NutriFarm,Bag,12,California,San Francisco,District B,5,8.75,43.75,25.45,18.3,4.6,True,2024-12-01
Store #103,PID-1012,Organic Chia Seeds 500g,NutriFarm,Bag,12,Texas,Austin,District C,132,8.76,1156.32,770.88,385.44,4.1,True,2024-10-25
Store #103,PID-1005,Artisan Sourdough Loaf,HarvestGold,Pack,8,Texas,Austin,District C,113,6.77,765.01,483.64,281.37,4.4,True,2024-04-07
Store #103,PID-1004,Greek Yogurt Plain 450g,AlpineDairy,Tub,12,Texas,Austin,District C,71,5.52,391.92,267.67,124.25,4.7,False,2024-01-14
Store #108,PID-1001,Organic Almond Milk 1L,NutriFarm,Carton,12,Illinois,Chicago,District B,36,4.43,159.48,91.44,68.04,4.1,True,2024-08-04
Store #101,PID-1003,Dark Roast Whole Bean 500g,PureBrew,Bag,6,California,Los Angeles,District A,20,15.9,318.0,209.4,108.6,3.9,True,2024-11-02
Store #110,PID-1001,Organic Almond Milk 1L,NutriFarm,Carton,12,Texas,Houston,District C,63,4.32,272.16,184.59,87.57,4.4,True,2024-07-30
Store #102,PID-1006,Organic Rolled Oats 1kg,HarvestGold,Bag,10,California,San Francisco,District B,71,8.35,592.85,340.09,252.76,4.9,True,2024-06-12
Store #101,PID-1004,Greek Yogurt Plain 450g,AlpineDairy,Tub,12,California,Los Angeles,District A,78,5.04,393.12,219.96,173.16,3.8,True,2024-12-25
Store #107,PID-1008,Sparkling Spring Water 750ml,VitalityFoods,Bottle,12,Florida,Miami,District D,120,2.75,330.0,225.6,104.4,4.2,False,2024-10-15
Store #108,PID-1010,Extra Virgin Olive Oil 750ml,GreenValley,Bottle,6,Illinois,Chicago,District B,94,18.75,1762.5,1081.94,680.56,4.0,True,2024-12-12
Store #108,PID-1002,Cold Brew Coffee 330ml,PureBrew,Bottle,24,Illinois,Chicago,District B,69,3.97,273.93,151.11,122.82,3.9,False,2024-03-11
Store #102,PID-1009,Raw Wildflower Honey 500g,GreenValley,Jar,12,California,San Francisco,District B,14,11.15,156.1,104.72,51.38,4.7,True,2024-03-03
Store #104,PID-1002,Cold Brew Coffee 330ml,PureBrew,Bottle,24,Texas,Dallas,District C,107,3.9,417.3,288.9,128.4,4.4,True,2024-08-18
Store #101,PID-1009,Raw Wildflower Honey 500g,GreenValley,Jar,12,California,Los Angeles,District A,137,11.03,1511.11,995.99,515.12,4.2,False,2024-01-07
Store #110,PID-1001,Organic Almond Milk 1L,NutriFarm,Carton,12,Texas,Houston,District C,92,4.58,421.36,261.28,160.08,4.0,False,2024-02-25
Store #108,PID-1002,Cold Brew Coffee 330ml,PureBrew,Bottle,24,Illinois,Chicago,District B,18,3.97,71.46,41.76,29.7,3.9,False,2024-05-06
Store #105,PID-1006,Organic Rolled Oats 1kg,HarvestGold,Bag,10,New York,New York,District A,75,7.98,598.5,347.25,251.25,4.3,False,2024-09-28
Store #104,PID-1001,Organic Almond Milk 1L,NutriFarm,Carton,12,Texas,Dallas,District C,116,4.35,504.6,317.84,186.76,4.4,True,2024-01-09
Store #107,PID-1012,Organic Chia Seeds 500g,NutriFarm,Bag,12,Florida,Miami,District D,69,8.49,585.81,340.17,245.64,4.5,True,2024-08-07
Store #104,PID-1010,Extra Virgin Olive Oil 750ml,GreenValley,Bottle,6,Texas,Dallas,District C,45,19.6,882.0,606.6,275.4,4.3,True,2024-07-25
Store #107,PID-1007,Grass-Fed Whole Milk 1 Gal,AlpineDairy,Jug,6,Florida,Miami,District D,43,6.03,259.29,165.55,93.74,4.4,True,2024-08-11
Store #108,PID-1001,Organic Almond Milk 1L,NutriFarm,Carton,12,Illinois,Chicago,District B,19,4.71,89.49,54.72,34.77,4.3,True,2024-01-17
Store #106,PID-1011,Matcha Green Tea Powder 100g,VitalityFoods,Tin,12,Washington,Seattle,District B,11,20.5,225.5,150.92,74.58,3.9,True,2024-10-28
Store #108,PID-1002,Cold Brew Coffee 330ml,PureBrew,Bottle,24,Illinois,Chicago,District B,14,3.8,53.2,34.44,18.76,4.5,True,2024-05-09
Store #109,PID-1002,Cold Brew Coffee 330ml,PureBrew,Bottle,24,California,San Diego,District A,74,4.02,297.48,177.6,119.88,4.6,True,2024-10-15
Store #106,PID-1003,Dark Roast Whole Bean 500g,PureBrew,Bag,6,Washington,Seattle,District B,70,16.17,1131.9,707.7,424.2,4.8,True,2024-01-22
Store #110,PID-1008,Sparkling Spring Water 750ml,VitalityFoods,Bottle,12,Texas,Houston,District C,140,2.93,410.2,264.6,145.6,4.6,True,2024-07-21
Store #110,PID-1008,Sparkling Spring Water 750ml,VitalityFoods,Bottle,12,Texas,Houston,District C,35,2.88,100.8,61.25,39.55,4.5,True,2024-12-16
Store #107,PID-1007,Grass-Fed Whole Milk 1 Gal,AlpineDairy,Jug,6,Florida,Miami,District D,43,6.11,262.73,155.66,107.07,3.9,True,2024-02-20
Store #105,PID-1004,Greek Yogurt Plain 450g,AlpineDairy,Tub,12,New York,New York,District A,49,5.43,266.07,163.66,102.41,4.1,True,2024-04-29
Store #109,PID-1011,Matcha Green Tea Powder 100g,VitalityFoods,Tin,12,California,San Diego,District A,79,20.16,1592.64,1094.15,498.49,5.0,True,2024-10-29
Store #101,PID-1002,Cold Brew Coffee 330ml,PureBrew,Bottle,24,California,Los Angeles,District A,47,4.14,194.58,131.6,62.98,4.9,True,2024-05-15
Store #104,PID-1008,Sparkling Spring Water 750ml,VitalityFoods,Bottle,12,Texas,Dallas,District C,136,2.78,378.08,259.76,118.32,4.8,False,2024-01-27
Store #107,PID-1001,Organic Almond Milk 1L,NutriFarm,Carton,12,Florida,Miami,District D,12,4.55,54.6,35.4,19.2,4.1,True,2024-03-22
Store #109,PID-1002,Cold Brew Coffee 330ml,PureBrew,Bottle,24,California,San Diego,District A,99,4.06,401.94,266.31,135.63,4.5,True,2024-04-30
Store #110,PID-1008,Sparkling Spring Water 750ml,VitalityFoods,Bottle,12,Texas,Houston,District C,33,2.67,88.11,54.45,33.66,3.8,True,2024-03-16
Store #109,PID-1011,Matcha Green Tea Powder 100g,VitalityFoods,Tin,12,California,San Diego,District A,79,20.85,1647.15,1031.74,615.41,4.8,True,2024-10-27
Store #109,PID-1007,Grass-Fed Whole Milk 1 Gal,AlpineDairy,Jug,6,California,San Diego,District A,82,6.31,517.42,296.84,220.58,3.9,True,2024-05-13
Store #106,PID-1009,Raw Wildflower Honey 500g,GreenValley,Jar,12,Washington,Seattle,District B,64,11.57,740.48,456.32,284.16,4.4,True,2024-09-19
Store #101,PID-1009,Raw Wildflower Honey 500g,GreenValley,Jar,12,California,Los Angeles,District A,20,11.85,237.0,139.6,97.4,3.9,True,2024-03-29
Store #108,PID-1011,Matcha Green Tea Powder 100g,VitalityFoods,Tin,12,Illinois,Chicago,District B,51,20.67,1054.17,640.05,414.12,3.9,True,2024-02-17
Store #102,PID-1011,Matcha Green Tea Powder 100g,VitalityFoods,Tin,12,California,San Francisco,District B,26,20.86,542.36,339.82,202.54,4.4,True,2024-12-08
Store #105,PID-1003,Dark Roast Whole Bean 500g,PureBrew,Bag,6,New York,New York,District A,113,16.09,1818.17,1137.91,680.26,4.4,True,2024-11-03
Store #110,PID-1011,Matcha Green Tea Powder 100g,VitalityFoods,Tin,12,Texas,Houston,District C,17,19.52,331.84,211.82,120.02,4.1,False,2024-09-01
Store #102,PID-1010,Extra Virgin Olive Oil 750ml,GreenValley,Bottle,6,California,San Francisco,District B,33,18.71,617.43,343.53,273.9,4.9,True,2024-08-04
Store #103,PID-1008,Sparkling Spring Water 750ml,VitalityFoods,Bottle,12,Texas,Austin,District C,62,2.74,169.88,102.92,66.96,3.9,True,2024-05-25
Store #110,PID-1011,Matcha Green Tea Powder 100g,VitalityFoods,Tin,12,Texas,Houston,District C,106,19.35,2051.1,1325.0,726.1,4.9,True,2024-12-09
Store #105,PID-1010,Extra Virgin Olive Oil 750ml,GreenValley,Bottle,6,New York,New York,District A,103,19.08,1965.24,1293.68,671.56,4.9,True,2024-07-11
Store #105,PID-1008,Sparkling Spring Water 750ml,VitalityFoods,Bottle,12,New York,New York,District A,84,2.69,225.96,139.44,86.52,4.0,True,2024-09-18
Store #107,PID-1003,Dark Roast Whole Bean 500g,PureBrew,Bag,6,Florida,Miami,District D,96,16.12,1547.52,907.2,640.32,4.6,True,2024-03-22
Store #109,PID-1003,Dark Roast Whole Bean 500g,PureBrew,Bag,6,California,San Diego,District A,133,16.74,2226.42,1545.46,680.96,4.7,True,2024-01-01
Store #107,PID-1009,Raw Wildflower Honey 500g,GreenValley,Jar,12,Florida,Miami,District D,133,11.18,1486.94,827.26,659.68,4.3,True,2024-12-22
Store #107,PID-1008,Sparkling Spring Water 750ml,VitalityFoods,Bottle,12,Florida,Miami,District D,139,2.77,385.03,244.64,140.39,4.3,True,2024-03-18
Store #102,PID-1002,Cold Brew Coffee 330ml,PureBrew,Bottle,24,California,San Francisco,District B,23,3.88,89.24,60.26,28.98,4.5,True,2024-06-02
Store #104,PID-1006,Organic Rolled Oats 1kg,HarvestGold,Bag,10,Texas,Dallas,District C,46,8.39,385.94,262.66,123.28,4.7,False,2024-12-04
Store #104,PID-1008,Sparkling Spring Water 750ml,VitalityFoods,Bottle,12,Texas,Dallas,District C,5,2.75,13.75,9.6,4.15,3.9,True,2024-07-27
Store #109,PID-1009,Raw Wildflower Honey 500g,GreenValley,Jar,12,California,San Diego,District A,107,11.3,1209.1,815.34,393.76,3.8,True,2024-02-18
Store #105,PID-1005,Artisan Sourdough Loaf,HarvestGold,Pack,8,New York,New York,District A,42,6.34,266.28,170.94,95.34,4.3,True,2024-09-10
Store #104,PID-1012,Organic Chia Seeds 500g,NutriFarm,Bag,12,Texas,Dallas,District C,75,8.09,606.75,385.5,221.25,4.3,False,2024-05-28
Store #108,PID-1012,Organic Chia Seeds 500g,NutriFarm,Bag,12,Illinois,Chicago,District B,137,8.17,1119.29,658.97,460.32,4.4,True,2024-02-03
Store #101,PID-1009,Raw Wildflower Honey 500g,GreenValley,Jar,12,California,Los Angeles,District A,5,11.91,59.55,36.9,22.65,4.5,False,2024-10-04
Store #102,PID-1008,Sparkling Spring Water 750ml,VitalityFoods,Bottle,12,California,San Francisco,District B,110,2.79,306.9,214.5,92.4,4.7,True,2024-05-18
Store #110,PID-1003,Dark Roast Whole Bean 500g,PureBrew,Bag,6,Texas,Houston,District C,101,16.71,1687.71,1066.56,621.15,4.5,True,2024-07-20
Store #104,PID-1012,Organic Chia Seeds 500g,NutriFarm,Bag,12,Texas,Dallas,District C,106,8.66,917.96,580.88,337.08,4.2,True,2024-10-24
Store #110,PID-1005,Artisan Sourdough Loaf,HarvestGold,Pack,8,Texas,Houston,District C,28,6.38,178.64,113.96,64.68,5.0,True,2024-12-18
Store #101,PID-1002,Cold Brew Coffee 330ml,PureBrew,Bottle,24,California,Los Angeles,District A,39,4.08,159.12,103.74,55.38,3.9,True,2024-03-04
Store #108,PID-1006,Organic Rolled Oats 1kg,HarvestGold,Bag,10,Illinois,Chicago,District B,102,8.3,846.6,471.24,375.36,3.9,True,2024-05-06
Store #107,PID-1011,Matcha Green Tea Powder 100g,VitalityFoods,Tin,12,Florida,Miami,District D,63,20.65,1300.95,820.26,480.69,4.7,True,2024-02-01
Store #104,PID-1007,Grass-Fed Whole Milk 1 Gal,AlpineDairy,Jug,6,Texas,Dallas,District C,68,6.23,423.64,278.12,145.52,4.0,True,2024-06-09
Store #105,PID-1006,Organic Rolled Oats 1kg,HarvestGold,Bag,10,New York,New York,District A,19,7.89,149.91,82.65,67.26,3.8,True,2024-07-09
Store #110,PID-1005,Artisan Sourdough Loaf,HarvestGold,Pack,8,Texas,Houston,District C,81,6.51,527.31,336.15,191.16,4.0,True,2024-03-10
Store #107,PID-1007,Grass-Fed Whole Milk 1 Gal,AlpineDairy,Jug,6,Florida,Miami,District D,75,6.47,485.25,321.0,164.25,4.5,True,2024-12-15
Store #108,PID-1007,Grass-Fed Whole Milk 1 Gal,AlpineDairy,Jug,6,Illinois,Chicago,District B,88,6.47,569.36,335.28,234.08,3.8,True,2024-01-26
Store #105,PID-1006,Organic Rolled Oats 1kg,HarvestGold,Bag,10,New York,New York,District A,98,7.98,782.04,482.16,299.88,4.4,False,2024-08-04
Store #108,PID-1005,Artisan Sourdough Loaf,HarvestGold,Pack,8,Illinois,Chicago,District B,61,6.29,383.69,240.34,143.35,4.5,True,2024-06-12
Store #104,PID-1006,Organic Rolled Oats 1kg,HarvestGold,Bag,10,Texas,Dallas,District C,108,8.29,895.32,597.24,298.08,4.8,True,2024-05-12
Store #107,PID-1006,Organic Rolled Oats 1kg,HarvestGold,Bag,10,Florida,Miami,District D,79,7.63,602.77,367.35,235.42,4.2,True,2024-12-24
Store #104,PID-1001,Organic Almond Milk 1L,NutriFarm,Carton,12,Texas,Dallas,District C,113,4.34,490.42,283.63,206.79,4.0,True,2024-01-05
Store #108,PID-1007,Grass-Fed Whole Milk 1 Gal,AlpineDairy,Jug,6,Illinois,Chicago,District B,126,6.17,777.42,443.52,333.9,4.2,False,2024-09-01
Store #101,PID-1002,Cold Brew Coffee 330ml,PureBrew,Bottle,24,California,Los Angeles,District A,50,3.9,195.0,136.0,59.0,3.9,True,2024-02-10
Store #109,PID-1005,Artisan Sourdough Loaf,HarvestGold,Pack,8,California,San Diego,District A,137,6.58,901.46,630.2,271.26,3.8,True,2024-09-30
Store #109,PID-1001,Organic Almond Milk 1L,NutriFarm,Carton,12,California,San Diego,District A,126,4.53,570.78,398.16,172.62,4.4,True,2024-02-25
Store #109,PID-1003,Dark Roast Whole Bean 500g,PureBrew,Bag,6,California,San Diego,District A,25,15.47,386.75,247.25,139.5,4.9,True,2024-04-10
Store #101,PID-1005,Artisan Sourdough Loaf,HarvestGold,Pack,8,California,Los Angeles,District A,39,6.81,265.59,162.24,103.35,4.1,True,2024-08-16
Store #107,PID-1002,Cold Brew Coffee 330ml,PureBrew,Bottle,24,Florida,Miami,District D,33,4.16,137.28,76.56,60.72,4.4,True,2024-03-16
Store #108,PID-1006,Organic Rolled Oats 1kg,HarvestGold,Bag,10,Illinois,Chicago,District B,115,7.87,905.05,577.3,327.75,4.3,True,2024-04-26
Store #101,PID-1008,Sparkling Spring Water 750ml,VitalityFoods,Bottle,12,California,Los Angeles,District A,94,2.92,274.48,176.72,97.76,4.2,True,2024-10-10
Store #109,PID-1003,Dark Roast Whole Bean 500g,PureBrew,Bag,6,California,San Diego,District A,37,15.39,569.43,360.75,208.68,4.7,True,2024-06-07
Store #105,PID-1006,Organic Rolled Oats 1kg,HarvestGold,Bag,10,New York,New York,District A,17,7.62,129.54,89.59,39.95,4.1,True,2024-05-17
Store #105,PID-1011,Matcha Green Tea Powder 100g,VitalityFoods,Tin,12,New York,New York,District A,91,20.47,1862.77,1267.63,595.14,4.8,False,2024-08-27
Store #103,PID-1004,Greek Yogurt Plain 450g,AlpineDairy,Tub,12,Texas,Austin,District C,119,5.18,616.42,389.13,227.29,4.7,True,2024-03-19
Store #108,PID-1011,Matcha Green Tea Powder 100g,VitalityFoods,Tin,12,Illinois,Chicago,District B,26,19.89,517.14,354.38,162.76,4.3,True,2024-11-13
Store #105,PID-1011,Matcha Green Tea Powder 100g,VitalityFoods,Tin,12,New York,New York,District A,47,19.97,938.59,520.76,417.83,4.8,True,2024-11-24
Store #107,PID-1011,Matcha Green Tea Powder 100g,VitalityFoods,Tin,12,Florida,Miami,District D,23,20.79,478.17,288.42,189.75,3.8,True,2024-03-27
Store #102,PID-1010,Extra Virgin Olive Oil 750ml,GreenValley,Bottle,6,California,San Francisco,District B,68,19.61,1333.48,784.72,548.76,4.7,True,2024-07-17
Store #107,PID-1010,Extra Virgin Olive Oil 750ml,GreenValley,Bottle,6,Florida,Miami,District D,88,19.41,1708.08,1068.32,639.76,4.0,True,2024-04-27
Store #104,PID-1006,Organic Rolled Oats 1kg,HarvestGold,Bag,10,Texas,Dallas,District C,83,7.6,630.8,428.28,202.52,4.8,True,2024-04-27
Store #102,PID-1009,Raw Wildflower Honey 500g,GreenValley,Jar,12,California,San Francisco,District B,106,11.42,1210.52,757.9,452.62,4.4,False,2024-02-05
Store #107,PID-1006,Organic Rolled Oats 1kg,HarvestGold,Bag,10,Florida,Miami,District D,76,7.79,592.04,407.36,184.68,4.9,True,2024-03-29
Store #107,PID-1001,Organic Almond Milk 1L,NutriFarm,Carton,12,Florida,Miami,District D,58,4.63,268.54,183.28,85.26,4.6,True,2024-09-29
Store #110,PID-1004,Greek Yogurt Plain 450g,AlpineDairy,Tub,12,Texas,Houston,District C,32,5.03,160.96,104.96,56.0,4.7,True,2024-08-18
Store #106,PID-1004,Greek Yogurt Plain 450g,AlpineDairy,Tub,12,Washington,Seattle,District B,36,5.1,183.6,113.4,70.2,4.4,True,2024-11-25
Store #109,PID-1012,Organic Chia Seeds 500g,NutriFarm,Bag,12,California,San Diego,District A,113,8.9,1005.7,632.8,372.9,4.7,True,2024-07-16
Store #110,PID-1001,Organic Almond Milk 1L,NutriFarm,Carton,12,Texas,Houston,District C,85,4.48,380.8,249.9,130.9,4.8,False,2024-06-05
Store #108,PID-1011,Matcha Green Tea Powder 100g,VitalityFoods,Tin,12,Illinois,Chicago,District B,69,19.74,1362.06,756.24,605.82,3.9,True,2024-03-11
Store #110,PID-1009,Raw Wildflower Honey 500g,GreenValley,Jar,12,Texas,Houston,District C,69,11.12,767.28,437.46,329.82,4.0,True,2024-07-14
Store #104,PID-1010,Extra Virgin Olive Oil 750ml,GreenValley,Bottle,6,Texas,Dallas,District C,46,19.03,875.38,512.9,362.48,4.8,True,2024-08-18
Store #102,PID-1011,Matcha Green Tea Powder 100g,VitalityFoods,Tin,12,California,San Francisco,District B,132,19.05,2514.6,1730.52,784.08,4.0,True,2024-12-03
Store #104,PID-1003,Dark Roast Whole Bean 500g,PureBrew,Bag,6,Texas,Dallas,District C,136,16.67,2267.12,1489.2,777.92,4.5,True,2024-09-21
Store #103,PID-1002,Cold Brew Coffee 330ml,PureBrew,Bottle,24,Texas,Austin,District C,34,3.8,129.2,75.48,53.72,4.9,False,2024-01-23
Store #109,PID-1007,Grass-Fed Whole Milk 1 Gal,AlpineDairy,Jug,6,California,San Diego,District A,116,6.21,720.36,401.36,319.0,3.8,True,2024-08-24
Store #110,PID-1011,Matcha Green Tea Powder 100g,VitalityFoods,Tin,12,Texas,Houston,District C,128,20.42,2613.76,1484.8,1128.96,4.5,True,2024-10-12
Store #104,PID-1006,Organic Rolled Oats 1kg,HarvestGold,Bag,10,Texas,Dallas,District C,28,7.82,218.96,150.64,68.32,4.1,True,2024-07-15
Store #106,PID-1011,Matcha Green Tea Powder 100g,VitalityFoods,Tin,12,Washington,Seattle,District B,26,20.17,524.42,347.88,176.54,4.7,True,2024-05-04
Store #109,PID-1011,Matcha Green Tea Powder 100g,VitalityFoods,Tin,12,California,San Diego,District A,54,19.62,1059.48,647.46,412.02,5.0,True,2024-03-11
Store #102,PID-1001,Organic Almond Milk 1L,NutriFarm,Carton,12,California,San Francisco,District B,55,4.59,252.45,176.55,75.9,4.3,True,2024-01-02
Store #103,PID-1001,Organic Almond Milk 1L,NutriFarm,Carton,12,Texas,Austin,District C,76,4.69,356.44,247.0,109.44,4.5,True,2024-07-08
Store #102,PID-1006,Organic Rolled Oats 1kg,HarvestGold,Bag,10,California,San Francisco,District B,16,7.94,127.04,88.48,38.56,4.6,True,2024-01-11
Store #102,PID-1002,Cold Brew Coffee 330ml,PureBrew,Bottle,24,California,San Francisco,District B,105,4.16,436.8,259.35,177.45,3.9,False,2024-01-07
Store #104,PID-1005,Artisan Sourdough Loaf,HarvestGold,Pack,8,Texas,Dallas,District C,119,6.52,775.88,437.92,337.96,4.5,True,2024-01-01
Store #110,PID-1005,Artisan Sourdough Loaf,HarvestGold,Pack,8,Texas,Houston,District C,125,6.19,773.75,497.5,276.25,4.2,True,2024-11-12
Store #104,PID-1007,Grass-Fed Whole Milk 1 Gal,AlpineDairy,Jug,6,Texas,Dallas,District C,56,6.16,344.96,197.12,147.84,4.4,True,2024-08-02
Store #110,PID-1007,Grass-Fed Whole Milk 1 Gal,AlpineDairy,Jug,6,Texas,Houston,District C,104,6.36,661.44,442.0,219.44,4.4,True,2024-03-22
Store #109,PID-1009,Raw Wildflower Honey 500g,GreenValley,Jar,12,California,San Diego,District A,35,11.46,401.1,280.35,120.75,4.6,True,2024-09-23
Store #110,PID-1002,Cold Brew Coffee 330ml,PureBrew,Bottle,24,Texas,Houston,District C,12,3.94,47.28,30.24,17.04,4.0,True,2024-07-05
Store #102,PID-1010,Extra Virgin Olive Oil 750ml,GreenValley,Bottle,6,California,San Francisco,District B,101,18.08,1826.08,1167.56,658.52,4.0,True,2024-08-20
Store #103,PID-1007,Grass-Fed Whole Milk 1 Gal,AlpineDairy,Jug,6,Texas,Austin,District C,96,6.26,600.96,417.6,183.36,4.4,True,2024-12-25
Store #103,PID-1007,Grass-Fed Whole Milk 1 Gal,AlpineDairy,Jug,6,Texas,Austin,District C,82,6.59,540.38,341.94,198.44,3.8,True,2024-01-08
Store #110,PID-1006,Organic Rolled Oats 1kg,HarvestGold,Bag,10,Texas,Houston,District C,23,8.22,189.06,114.31,74.75,4.4,True,2024-03-12
Store #102,PID-1008,Sparkling Spring Water 750ml,VitalityFoods,Bottle,12,California,San Francisco,District B,121,2.73,330.33,186.34,143.99,4.7,True,2024-09-06
Store #107,PID-1010,Extra Virgin Olive Oil 750ml,GreenValley,Bottle,6,Florida,Miami,District D,24,18.22,437.28,284.64,152.64,4.8,True,2024-04-04
Store #105,PID-1002,Cold Brew Coffee 330ml,PureBrew,Bottle,24,New York,New York,District A,108,4.17,450.36,277.56,172.8,4.0,True,2024-11-07
Store #108,PID-1006,Organic Rolled Oats 1kg,HarvestGold,Bag,10,Illinois,Chicago,District B,24,7.95,190.8,128.16,62.64,4.9,True,2024-09-19
Store #105,PID-1012,Organic Chia Seeds 500g,NutriFarm,Bag,12,New York,New York,District A,73,8.84,645.32,365.0,280.32,4.5,True,2024-07-06
Store #106,PID-1008,Sparkling Spring Water 750ml,VitalityFoods,Bottle,12,Washington,Seattle,District B,86,2.77,238.22,148.78,89.44,3.8,True,2024-01-24
Store #103,PID-1006,Organic Rolled Oats 1kg,HarvestGold,Bag,10,Texas,Austin,District C,5,8.16,40.8,22.55,18.25,4.7,False,2024-09-11
Store #107,PID-1004,Greek Yogurt Plain 450g,AlpineDairy,Tub,12,Florida,Miami,District D,92,5.24,482.08,333.96,148.12,4.4,True,2024-12-26
Store #103,PID-1005,Artisan Sourdough Loaf,HarvestGold,Pack,8,Texas,Austin,District C,50,6.49,324.5,223.0,101.5,4.5,True,2024-08-28
Store #105,PID-1001,Organic Almond Milk 1L,NutriFarm,Carton,12,New York,New York,District A,27,4.48,120.96,78.3,42.66,4.9,True,2024-01-30
Store #103,PID-1012,Organic Chia Seeds 500g,NutriFarm,Bag,12,Texas,Austin,District C,120,8.27,992.4,566.4,426.0,4.3,True,2024-05-14
Store #109,PID-1006,Organic Rolled Oats 1kg,HarvestGold,Bag,10,California,San Diego,District A,128,7.64,977.92,652.8,325.12,4.9,True,2024-01-04
Store #101,PID-1002,Cold Brew Coffee 330ml,PureBrew,Bottle,24,California,Los Angeles,District A,100,4.18,418.0,268.0,150.0,4.8,True,2024-02-29
Store #102,PID-1011,Matcha Green Tea Powder 100g,VitalityFoods,Tin,12,California,San Francisco,District B,85,19.36,1645.6,924.8,720.8,4.9,True,2024-02-14
Store #104,PID-1008,Sparkling Spring Water 750ml,VitalityFoods,Bottle,12,Texas,Dallas,District C,39,2.71,105.69,58.5,47.19,3.9,True,2024-01-28
Store #106,PID-1011,Matcha Green Tea Powder 100g,VitalityFoods,Tin,12,Washington,Seattle,District B,6,20.9,125.4,73.8,51.6,4.6,True,2024-01-08
Store #102,PID-1009,Raw Wildflower Honey 500g,GreenValley,Jar,12,California,San Francisco,District B,84,11.56,971.04,582.12,388.92,4.2,True,2024-10-20
Store #103,PID-1010,Extra Virgin Olive Oil 750ml,GreenValley,Bottle,6,Texas,Austin,District C,124,18.83,2334.92,1479.32,855.6,4.1,True,2024-09-24
Store #106,PID-1003,Dark Roast Whole Bean 500g,PureBrew,Bag,6,Washington,Seattle,District B,70,15.64,1094.8,679.7,415.1,3.9,True,2024-10-31
Store #102,PID-1010,Extra Virgin Olive Oil 750ml,GreenValley,Bottle,6,California,San Francisco,District B,41,19.9,815.9,473.55,342.35,4.2,True,2024-09-20
Store #104,PID-1012,Organic Chia Seeds 500g,NutriFarm,Bag,12,Texas,Dallas,District C,14,8.28,115.92,64.54,51.38,4.2,True,2024-02-06
Store #110,PID-1007,Grass-Fed Whole Milk 1 Gal,AlpineDairy,Jug,6,Texas,Houston,District C,51,6.02,307.02,210.12,96.9,4.1,True,2024-04-23
Store #106,PID-1008,Sparkling Spring Water 750ml,VitalityFoods,Bottle,12,Washington,Seattle,District B,139,2.86,397.54,268.27,129.27,4.2,True,2024-05-11
Store #107,PID-1009,Raw Wildflower Honey 500g,GreenValley,Jar,12,Florida,Miami,District D,108,11.91,1286.28,896.4,389.88,4.3,True,2024-01-31
Store #108,PID-1004,Greek Yogurt Plain 450g,AlpineDairy,Tub,12,Illinois,Chicago,District B,61,5.55,338.55,236.68,101.87,4.9,True,2024-10-28
Store #109,PID-1004,Greek Yogurt Plain 450g,AlpineDairy,Tub,12,California,San Diego,District A,82,5.54,454.28,271.42,182.86,4.1,True,2024-10-07
Store #105,PID-1007,Grass-Fed Whole Milk 1 Gal,AlpineDairy,Jug,6,New York,New York,District A,17,6.18,105.06,58.65,46.41,4.8,True,2024-03-11
Store #101,PID-1007,Grass-Fed Whole Milk 1 Gal,AlpineDairy,Jug,6,California,Los Angeles,District A,119,6.37,758.03,456.96,301.07,4.2,True,2024-07-03
Store #104,PID-1010,Extra Virgin Olive Oil 750ml,GreenValley,Bottle,6,Texas,Dallas,District C,7,19.17,134.19,84.7,49.49,4.2,True,2024-04-03
Store #102,PID-1001,Organic Almond Milk 1L,NutriFarm,Carton,12,California,San Francisco,District B,84,4.59,385.56,250.32,135.24,4.5,True,2024-09-09
Store #102,PID-1002,Cold Brew Coffee 330ml,PureBrew,Bottle,24,California,San Francisco,District B,123,4.1,504.3,348.09,156.21,3.9,True,2024-02-21
Store #101,PID-1003,Dark Roast Whole Bean 500g,PureBrew,Bag,6,California,Los Angeles,District A,80,16.32,1305.6,805.6,500.0,4.3,True,2024-06-17
Store #103,PID-1003,Dark Roast Whole Bean 500g,PureBrew,Bag,6,Texas,Austin,District C,11,15.84,174.24,112.09,62.15,4.9,True,2024-11-20
Store #105,PID-1012,Organic Chia Seeds 500g,NutriFarm,Bag,12,New York,New York,District A,50,8.91,445.5,304.5,141.0,4.6,True,2024-02-12
Store #106,PID-1010,Extra Virgin Olive Oil 750ml,GreenValley,Bottle,6,Washington,Seattle,District B,20,18.06,361.2,245.2,116.0,4.7,True,2024-07-01
Store #101,PID-1002,Cold Brew Coffee 330ml,PureBrew,Bottle,24,California,Los Angeles,District A,33,3.93,129.69,88.11,41.58,4.9,True,2024-06-12
Store #106,PID-1011,Matcha Green Tea Powder 100g,VitalityFoods,Tin,12,Washington,Seattle,District B,71,19.87,1410.77,964.18,446.59,4.2,True,2024-12-17
Store #101,PID-1008,Sparkling Spring Water 750ml,VitalityFoods,Bottle,12,California,Los Angeles,District A,118,2.85,336.3,227.74,108.56,4.4,True,2024-02-21
Store #106,PID-1012,Organic Chia Seeds 500g,NutriFarm,Bag,12,Washington,Seattle,District B,98,8.61,843.78,580.16,263.62,4.6,True,2024-10-29
Store #101,PID-1001,Organic Almond Milk 1L,NutriFarm,Carton,12,California,Los Angeles,District A,78,4.7,366.6,235.56,131.04,5.0,True,2024-07-20
Store #101,PID-1004,Greek Yogurt Plain 450g,AlpineDairy,Tub,12,California,Los Angeles,District A,35,5.03,176.05,106.05,70.0,4.9,True,2024-12-19
Store #107,PID-1001,Organic Almond Milk 1L,NutriFarm,Carton,12,Florida,Miami,District D,77,4.29,330.33,208.67,121.66,4.6,True,2024-09-16
Store #104,PID-1011,Matcha Green Tea Powder 100g,VitalityFoods,Tin,12,Texas,Dallas,District C,49,20.91,1024.59,618.87,405.72,4.7,True,2024-06-21
Store #106,PID-1011,Matcha Green Tea Powder 100g,VitalityFoods,Tin,12,Washington,Seattle,District B,92,19.28,1773.76,1071.8,701.96,3.9,False,2024-10-17
Store #108,PID-1010,Extra Virgin Olive Oil 750ml,GreenValley,Bottle,6,Illinois,Chicago,District B,8,19.26,154.08,93.92,60.16,4.3,True,2024-10-22
Store #109,PID-1001,Organic Almond Milk 1L,NutriFarm,Carton,12,California,San Diego,District A,104,4.59,477.36,296.4,180.96,3.9,True,2024-02-07
Store #104,PID-1008,Sparkling Spring Water 750ml,VitalityFoods,Bottle,12,Texas,Dallas,District C,73,2.84,207.32,118.26,89.06,4.9,True,2024-09-13
Store #104,PID-1010,Extra Virgin Olive Oil 750ml,GreenValley,Bottle,6,Texas,Dallas,District C,83,19.14,1588.62,1103.07,485.55,4.2,True,2024-05-27
Store #101,PID-1007,Grass-Fed Whole Milk 1 Gal,AlpineDairy,Jug,6,California,Los Angeles,District A,122,6.21,757.62,513.62,244.0,4.0,True,2024-09-08
Store #104,PID-1003,Dark Roast Whole Bean 500g,PureBrew,Bag,6,Texas,Dallas,District C,94,16.52,1552.88,871.38,681.5,4.1,True,2024-11-20
Store #105,PID-1003,Dark Roast Whole Bean 500g,PureBrew,Bag,6,New York,New York,District A,52,15.65,813.8,503.88,309.92,4.1,True,2024-07-19
Store #103,PID-1011,Matcha Green Tea Powder 100g,VitalityFoods,Tin,12,Texas,Austin,District C,43,19.43,835.49,487.19,348.3,4.2,False,2024-10-20
Store #101,PID-1012,Organic Chia Seeds 500g,NutriFarm,Bag,12,California,Los Angeles,District A,15,8.61,129.15,88.35,40.8,4.8,False,2024-01-17
Store #104,PID-1001,Organic Almond Milk 1L,NutriFarm,Carton,12,Texas,Dallas,District C,110,4.49,493.9,289.3,204.6,4.0,True,2024-11-22
Store #102,PID-1007,Grass-Fed Whole Milk 1 Gal,AlpineDairy,Jug,6,California,San Francisco,District B,118,6.11,720.98,411.82,309.16,4.9,True,2024-07-20
Store #106,PID-1008,Sparkling Spring Water 750ml,VitalityFoods,Bottle,12,Washington,Seattle,District B,120,2.74,328.8,208.8,120.0,4.0,True,2024-06-20
Store #110,PID-1007,Grass-Fed Whole Milk 1 Gal,AlpineDairy,Jug,6,Texas,Houston,District C,47,6.22,292.34,171.08,121.26,4.8,True,2024-06-08
Store #103,PID-1001,Organic Almond Milk 1L,NutriFarm,Carton,12,Texas,Austin,District C,41,4.47,183.27,110.7,72.57,4.0,True,2024-12-21
Store #108,PID-1001,Organic Almond Milk 1L,NutriFarm,Carton,12,Illinois,Chicago,District B,37,4.27,157.99,97.31,60.68,3.9,True,2024-12-21
Store #103,PID-1004,Greek Yogurt Plain 450g,AlpineDairy,Tub,12,Texas,Austin,District C,6,5.12,30.72,18.9,11.82,4.9,False,2024-10-08
Store #110,PID-1012,Organic Chia Seeds 500g,NutriFarm,Bag,12,Texas,Houston,District C,48,8.12,389.76,267.36,122.4,4.4,True,2024-12-04
Store #110,PID-1008,Sparkling Spring Water 750ml,VitalityFoods,Bottle,12,Texas,Houston,District C,98,2.81,275.38,169.54,105.84,4.7,True,2024-01-03
Store #104,PID-1009,Raw Wildflower Honey 500g,GreenValley,Jar,12,Texas,Dallas,District C,90,11.55,1039.5,584.1,455.4,4.5,True,2024-07-09
Store #108,PID-1012,Organic Chia Seeds 500g,NutriFarm,Bag,12,Illinois,Chicago,District B,47,8.66,407.02,229.83,177.19,4.5,False,2024-08-28
Store #101,PID-1006,Organic Rolled Oats 1kg,HarvestGold,Bag,10,California,Los Angeles,District A,127,8.02,1018.54,683.26,335.28,4.5,True,2024-05-01
Store #109,PID-1007,Grass-Fed Whole Milk 1 Gal,AlpineDairy,Jug,6,California,San Diego,District A,44,6.3,277.2,176.44,100.76,4.9,True,2024-11-07
Store #105,PID-1006,Organic Rolled Oats 1kg,HarvestGold,Bag,10,New York,New York,District A,18,8.12,146.16,102.24,43.92,4.0,True,2024-06-08
Store #108,PID-1003,Dark Roast Whole Bean 500g,PureBrew,Bag,6,Illinois,Chicago,District B,18,15.47,278.46,162.0,116.46,4.2,True,2024-01-01
Store #104,PID-1003,Dark Roast Whole Bean 500g,PureBrew,Bag,6,Texas,Dallas,District C,44,15.29,672.76,378.84,293.92,4.1,True,2024-12-05
Store #104,PID-1012,Organic Chia Seeds 500g,NutriFarm,Bag,12,Texas,Dallas,District C,139,8.7,1209.3,676.93,532.37,5.0,True,2024-03-08
Store #110,PID-1010,Extra Virgin Olive Oil 750ml,GreenValley,Bottle,6,Texas,Houston,District C,7,19.32,135.24,89.32,45.92,4.7,True,2024-04-10
Store #104,PID-1001,Organic Almond Milk 1L,NutriFarm,Carton,12,Texas,Dallas,District C,43,4.36,187.48,106.64,80.84,4.7,True,2024-05-21
Store #103,PID-1012,Organic Chia Seeds 500g,NutriFarm,Bag,12,Texas,Austin,District C,67,8.38,561.46,324.95,236.51,4.9,True,2024-02-22
Store #109,PID-1002,Cold Brew Coffee 330ml,PureBrew,Bottle,24,California,San Diego,District A,90,4.14,372.6,227.7,144.9,4.3,False,2024-08-01
Store #101,PID-1006,Organic Rolled Oats 1kg,HarvestGold,Bag,10,California,Los Angeles,District A,64,8.34,533.76,328.96,204.8,4.4,True,2024-10-31
Store #110,PID-1002,Cold Brew Coffee 330ml,PureBrew,Bottle,24,Texas,Houston,District C,62,3.84,238.08,133.3,104.78,3.8,True,2024-11-08
Store #110,PID-1002,Cold Brew Coffee 330ml,PureBrew,Bottle,24,Texas,Houston,District C,23,3.98,91.54,55.43,36.11,4.5,True,2024-07-31
Store #103,PID-1010,Extra Virgin Olive Oil 750ml,GreenValley,Bottle,6,Texas,Austin,District C,60,18.27,1096.2,732.0,364.2,4.1,True,2024-09-28
Store #109,PID-1005,Artisan Sourdough Loaf,HarvestGold,Pack,8,California,San Diego,District A,104,6.42,667.68,382.72,284.96,3.9,True,2024-02-04
Store #102,PID-1007,Grass-Fed Whole Milk 1 Gal,AlpineDairy,Jug,6,California,San Francisco,District B,8,6.29,50.32,30.48,19.84,4.5,True,2024-09-06
Store #107,PID-1007,Grass-Fed Whole Milk 1 Gal,AlpineDairy,Jug,6,Florida,Miami,District D,15,6.22,93.3,61.05,32.25,4.9,False,2024-08-23
Store #109,PID-1007,Grass-Fed Whole Milk 1 Gal,AlpineDairy,Jug,6,California,San Diego,District A,97,6.01,582.97,371.51,211.46,4.7,True,2024-07-04
Store #105,PID-1011,Matcha Green Tea Powder 100g,VitalityFoods,Tin,12,New York,New York,District A,117,20.92,2447.64,1489.41,958.23,4.0,True,2024-01-19
Store #104,PID-1012,Organic Chia Seeds 500g,NutriFarm,Bag,12,Texas,Dallas,District C,111,8.36,927.96,552.78,375.18,4.5,True,2024-04-25
Store #104,PID-1003,Dark Roast Whole Bean 500g,PureBrew,Bag,6,Texas,Dallas,District C,103,15.41,1587.23,1082.53,504.7,3.9,True,2024-03-27
Store #103,PID-1005,Artisan Sourdough Loaf,HarvestGold,Pack,8,Texas,Austin,District C,110,6.6,726.0,499.4,226.6,4.7,True,2024-04-20
Store #109,PID-1012,Organic Chia Seeds 500g,NutriFarm,Bag,12,California,San Diego,District A,73,8.64,630.72,356.24,274.48,4.4,True,2024-06-13
Store #101,PID-1009,Raw Wildflower Honey 500g,GreenValley,Jar,12,California,Los Angeles,District A,30,11.77,353.1,243.6,109.5,4.0,True,2024-09-09
Store #105,PID-1012,Organic Chia Seeds 500g,NutriFarm,Bag,12,New York,New York,District A,102,8.29,845.58,490.62,354.96,4.2,True,2024-02-13
Store #103,PID-1012,Organic Chia Seeds 500g,NutriFarm,Bag,12,Texas,Austin,District C,122,8.89,1084.58,627.08,457.5,4.2,False,2024-05-24
Store #109,PID-1004,Greek Yogurt Plain 450g,AlpineDairy,Tub,12,California,San Diego,District A,67,5.16,345.72,200.33,145.39,4.8,True,2024-04-25
Store #104,PID-1002,Cold Brew Coffee 330ml,PureBrew,Bottle,24,Texas,Dallas,District C,98,4.13,404.74,254.8,149.94,4.3,True,2024-02-10
Store #105,PID-1006,Organic Rolled Oats 1kg,HarvestGold,Bag,10,New York,New York,District A,104,8.32,865.28,549.12,316.16,4.1,True,2024-08-27
Store #108,PID-1007,Grass-Fed Whole Milk 1 Gal,AlpineDairy,Jug,6,Illinois,Chicago,District B,73,6.43,469.39,324.85,144.54,4.9,True,2024-10-27
Store #104,PID-1006,Organic Rolled Oats 1kg,HarvestGold,Bag,10,Texas,Dallas,District C,116,7.89,915.24,568.4,346.84,4.8,True,2024-05-02
Store #110,PID-1009,Raw Wildflower Honey 500g,GreenValley,Jar,12,Texas,Houston,District C,21,11.41,239.61,164.43,75.18,4.0,True,2024-07-14
Store #105,PID-1006,Organic Rolled Oats 1kg,HarvestGold,Bag,10,New York,New York,District A,7,8.05,56.35,38.78,17.57,4.9,True,2024-01-12
Store #105,PID-1009,Raw Wildflower Honey 500g,GreenValley,Jar,12,New York,New York,District A,92,11.13,1023.96,624.68,399.28,4.0,True,2024-02-14
Store #106,PID-1010,Extra Virgin Olive Oil 750ml,GreenValley,Bottle,6,Washington,Seattle,District B,106,18.61,1972.66,1216.88,755.78,3.9,True,2024-07-14
Store #101,PID-1008,Sparkling Spring Water 750ml,VitalityFoods,Bottle,12,California,Los Angeles,District A,39,2.72,106.08,70.59,35.49,4.5,False,2024-05-21
Store #103,PID-1007,Grass-Fed Whole Milk 1 Gal,AlpineDairy,Jug,6,Texas,Austin,District C,78,6.01,468.78,304.98,163.8,4.1,True,2024-03-03
Store #104,PID-1004,Greek Yogurt Plain 450g,AlpineDairy,Tub,12,Texas,Dallas,District C,111,5.46,606.06,360.75,245.31,4.2,True,2024-03-21
Store #101,PID-1008,Sparkling Spring Water 750ml,VitalityFoods,Bottle,12,California,Los Angeles,District A,110,2.71,298.1,198.0,100.1,4.1,True,2024-10-17
Store #101,PID-1001,Organic Almond Milk 1L,NutriFarm,Carton,12,California,Los Angeles,District A,36,4.49,161.64,101.88,59.76,4.2,True,2024-09-30
Store #102,PID-1002,Cold Brew Coffee 330ml,PureBrew,Bottle,24,California,San Francisco,District B,119,3.83,455.77,314.16,141.61,4.1,True,2024-07-07
Store #106,PID-1011,Matcha Green Tea Powder 100g,VitalityFoods,Tin,12,Washington,Seattle,District B,50,19.86,993.0,681.0,312.0,4.8,True,2024-05-23
Store #108,PID-1001,Organic Almond Milk 1L,NutriFarm,Carton,12,Illinois,Chicago,District B,132,4.35,574.2,398.64,175.56,4.8,True,2024-02-27
Store #101,PID-1012,Organic Chia Seeds 500g,NutriFarm,Bag,12,California,Los Angeles,District A,110,8.74,961.4,654.5,306.9,4.8,True,2024-09-27
Store #108,PID-1008,Sparkling Spring Water 750ml,VitalityFoods,Bottle,12,Illinois,Chicago,District B,38,2.81,106.78,64.98,41.8,4.2,True,2024-08-19
Store #108,PID-1001,Organic Almond Milk 1L,NutriFarm,Carton,12,Illinois,Chicago,District B,76,4.67,354.92,229.52,125.4,3.9,True,2024-02-27
Store #106,PID-1003,Dark Roast Whole Bean 500g,PureBrew,Bag,6,Washington,Seattle,District B,21,15.23,319.83,220.71,99.12,4.2,True,2024-08-12
Store #101,PID-1001,Organic Almond Milk 1L,NutriFarm,Carton,12,California,Los Angeles,District A,43,4.48,192.64,125.56,67.08,4.7,False,2024-01-13
Store #103,PID-1006,Organic Rolled Oats 1kg,HarvestGold,Bag,10,Texas,Austin,District C,54,7.69,415.26,230.04,185.22,4.2,True,2024-08-25
Store #102,PID-1004,Greek Yogurt Plain 450g,AlpineDairy,Tub,12,California,San Francisco,District B,140,5.45,763.0,498.4,264.6,4.4,True,2024-07-22
Store #101,PID-1004,Greek Yogurt Plain 450g,AlpineDairy,Tub,12,California,Los Angeles,District A,55,5.23,287.65,173.25,114.4,4.7,True,2024-03-03
Store #107,PID-1003,Dark Roast Whole Bean 500g,PureBrew,Bag,6,Florida,Miami,District D,52,16.11,837.72,540.28,297.44,4.4,True,2024-01-14
Store #103,PID-1012,Organic Chia Seeds 500g,NutriFarm,Bag,12,Texas,Austin,District C,95,8.77,833.15,565.25,267.9,4.6,True,2024-07-10
Store #103,PID-1003,Dark Roast Whole Bean 500g,PureBrew,Bag,6,Texas,Austin,District C,118,15.55,1834.9,1178.82,656.08,4.9,True,2024-03-18
Store #103,PID-1001,Organic Almond Milk 1L,NutriFarm,Carton,12,Texas,Austin,District C,98,4.65,455.7,297.92,157.78,4.8,True,2024-05-27
Store #104,PID-1006,Organic Rolled Oats 1kg,HarvestGold,Bag,10,Texas,Dallas,District C,38,7.77,295.26,181.26,114.0,4.4,True,2024-04-25
Store #108,PID-1007,Grass-Fed Whole Milk 1 Gal,AlpineDairy,Jug,6,Illinois,Chicago,District B,17,6.32,107.44,66.47,40.97,4.4,True,2024-02-16
Store #108,PID-1002,Cold Brew Coffee 330ml,PureBrew,Bottle,24,Illinois,Chicago,District B,45,4.12,185.4,107.55,77.85,3.8,False,2024-09-15
Store #102,PID-1003,Dark Roast Whole Bean 500g,PureBrew,Bag,6,California,San Francisco,District B,30,15.76,472.8,320.1,152.7,4.8,True,2024-07-21
Store #109,PID-1011,Matcha Green Tea Powder 100g,VitalityFoods,Tin,12,California,San Diego,District A,51,20.4,1040.4,722.67,317.73,4.4,True,2024-10-13
Store #107,PID-1012,Organic Chia Seeds 500g,NutriFarm,Bag,12,Florida,Miami,District D,71,8.73,619.83,385.53,234.3,4.2,True,2024-05-14
Store #103,PID-1003,Dark Roast Whole Bean 500g,PureBrew,Bag,6,Texas,Austin,District C,60,16.76,1005.6,701.4,304.2,4.0,True,2024-04-17
Store #109,PID-1001,Organic Almond Milk 1L,NutriFarm,Carton,12,California,San Diego,District A,32,4.6,147.2,87.36,59.84,5.0,True,2024-11-20
Store #110,PID-1003,Dark Roast Whole Bean 500g,PureBrew,Bag,6,Texas,Houston,District C,52,15.48,804.96,558.48,246.48,4.3,True,2024-12-06
Store #110,PID-1006,Organic Rolled Oats 1kg,HarvestGold,Bag,10,Texas,Houston,District C,100,8.11,811.0,556.0,255.0,4.1,True,2024-04-18
Store #108,PID-1004,Greek Yogurt Plain 450g,AlpineDairy,Tub,12,Illinois,Chicago,District B,34,5.31,180.54,106.76,73.78,4.6,True,2024-02-04
Store #102,PID-1004,Greek Yogurt Plain 450g,AlpineDairy,Tub,12,California,San Francisco,District B,129,5.38,694.02,405.06,288.96,4.5,True,2024-01-04
Store #102,PID-1011,Matcha Green Tea Powder 100g,VitalityFoods,Tin,12,California,San Francisco,District B,87,19.29,1678.23,1146.66,531.57,3.9,True,2024-10-14
Store #103,PID-1007,Grass-Fed Whole Milk 1 Gal,AlpineDairy,Jug,6,Texas,Austin,District C,19,6.3,119.7,71.06,48.64,4.3,True,2024-12-04
Store #108,PID-1011,Matcha Green Tea Powder 100g,VitalityFoods,Tin,12,Illinois,Chicago,District B,103,19.12,1969.36,1298.83,670.53,4.7,False,2024-07-06
Store #106,PID-1005,Artisan Sourdough Loaf,HarvestGold,Pack,8,Washington,Seattle,District B,23,6.68,153.64,106.03,47.61,4.6,True,2024-10-18
Store #107,PID-1012,Organic Chia Seeds 500g,NutriFarm,Bag,12,Florida,Miami,District D,23,8.13,186.99,124.43,62.56,4.6,True,2024-05-17
Store #105,PID-1001,Organic Almond Milk 1L,NutriFarm,Carton,12,New York,New York,District A,28,4.52,126.56,76.72,49.84,5.0,True,2024-10-18
Store #108,PID-1009,Raw Wildflower Honey 500g,GreenValley,Jar,12,Illinois,Chicago,District B,96,11.84,1136.64,635.52,501.12,4.8,True,2024-09-11
Store #101,PID-1005,Artisan Sourdough Loaf,HarvestGold,Pack,8,California,Los Angeles,District A,116,6.8,788.8,512.72,276.08,3.9,True,2024-03-27
Store #108,PID-1002,Cold Brew Coffee 330ml,PureBrew,Bottle,24,Illinois,Chicago,District B,27,3.85,103.95,58.32,45.63,4.0,True,2024-03-10
Store #107,PID-1010,Extra Virgin Olive Oil 750ml,GreenValley,Bottle,6,Florida,Miami,District D,123,19.05,2343.15,1516.59,826.56,4.3,True,2024-07-25
Store #109,PID-1008,Sparkling Spring Water 750ml,VitalityFoods,Bottle,12,California,San Diego,District A,23,2.7,62.1,38.64,23.46,4.4,False,2024-04-20
Store #110,PID-1003,Dark Roast Whole Bean 500g,PureBrew,Bag,6,Texas,Houston,District C,117,16.23,1898.91,1236.69,662.22,3.8,True,2024-03-08
Store #110,PID-1009,Raw Wildflower Honey 500g,GreenValley,Jar,12,Texas,Houston,District C,126,11.66,1469.16,900.9,568.26,4.1,True,2024-09-30
Store #104,PID-1011,Matcha Green Tea Powder 100g,VitalityFoods,Tin,12,Texas,Dallas,District C,84,19.4,1629.6,1043.28,586.32,4.6,True,2024-12-16
Store #105,PID-1004,Greek Yogurt Plain 450g,AlpineDairy,Tub,12,New York,New York,District A,136,5.38,731.68,488.24,243.44,4.6,True,2024-01-16
Store #102,PID-1003,Dark Roast Whole Bean 500g,PureBrew,Bag,6,California,San Francisco,District B,45,15.38,692.1,387.9,304.2,4.8,True,2024-01-24
Store #108,PID-1007,Grass-Fed Whole Milk 1 Gal,AlpineDairy,Jug,6,Illinois,Chicago,District B,77,6.33,487.41,301.07,186.34,4.9,True,2024-05-19
Store #101,PID-1001,Organic Almond Milk 1L,NutriFarm,Carton,12,California,Los Angeles,District A,112,4.7,526.4,325.92,200.48,4.2,True,2024-03-12
Store #107,PID-1008,Sparkling Spring Water 750ml,VitalityFoods,Bottle,12,Florida,Miami,District D,81,2.81,227.61,145.8,81.81,4.9,True,2024-07-24
Store #102,PID-1007,Grass-Fed Whole Milk 1 Gal,AlpineDairy,Jug,6,California,San Francisco,District B,103,6.54,673.62,414.06,259.56,5.0,True,2024-04-13
Store #106,PID-1001,Organic Almond Milk 1L,NutriFarm,Carton,12,Washington,Seattle,District B,109,4.38,477.42,285.58,191.84,4.1,True,2024-01-12
Store #110,PID-1012,Organic Chia Seeds 500g,NutriFarm,Bag,12,Texas,Houston,District C,74,8.55,632.7,406.26,226.44,5.0,True,2024-07-16
